OrderID,CustomerID,ProductID,OrderDate,Quantity,Discount,PaymentMethod
O00001,C0912,P074,2025-05-06,2,0.0,PayFast
O00002,C0517,P028,2026-07-04,3,0.05,Card
O00003,C0717,P016,2026-02-19,1,0.1,Card
O00004,C0441,P048,2025-11-15,2,0.05,PayFast
O00005,C0613,P006,2024-08-30,1,0.1,EFT
O00006,C0340,P049,2024-08-30,3,0.0,EFT
O00007,C0300,P001,2024-04-09,1,0.2,Cash on Delivery
O00008,C0564,P076,2026-05-15,3,0.05,PayFast
O00009,C0494,P061,2025-11-17,2,0.0,EFT
O00010,C0565,P067,2026-02-02,2,0.0,Card
O00011,C0286,P005,2024-02-06,2,0.1,EFT
O00012,C0368,P012,2026-07-15,2,0.1,Card
O00013,C0085,P001,2026-04-25,2,0.0,PayFast
O00014,C0049,P013,2024-11-10,2,0.15,PayFast
O00015,C0252,P065,2024-10-03,1,0.1,EFT
O00016,C0072,P036,2024-10-05,1,0.0,Card
O00017,C0098,P061,2025-02-23,2,0.0,PayFast
O00018,C0815,P007,2025-09-17,2,0.0,Card
O00019,C0040,P043,2025-06-29,2,0.15,EFT
O00020,C0637,P014,2025-02-09,2,0.2,Card
O00021,C0270,P004,2025-11-25,2,0.0,PayFast
O00022,C0873,P057,2024-08-08,2,0.0,Card
O00023,C0483,P042,2025-02-10,1,0.0,Card
O00024,C0303,P031,2025-04-28,2,0.15,Card
O00025,C0509,P029,2025-07-21,1,0.05,Card
O00026,C0387,P056,2026-03-26,1,0.2,EFT
O00027,C0551,P050,2024-10-26,1,0.05,Card
O00028,C0106,P046,2025-09-09,5,0.0,Card
O00029,C0998,P073,2025-11-10,1,0.0,PayFast
O00030,C0428,P059,2024-03-21,1,0.1,Card
O00031,C0346,P038,2025-11-22,2,0.1,EFT
O00032,C0702,P022,2024-09-19,2,0.05,Card
O00033,C0366,P053,2024-04-20,3,0.05,PayFast
O00034,C0835,P076,2026-07-03,2,0.05,Card
O00035,C0459,P055,2026-07-12,2,0.0,Card
O00036,C0714,P075,2026-04-10,1,0.2,PayFast
O00037,C0102,P074,2025-02-24,3,0.05,Card
O00038,C0847,P061,2024-06-09,2,0.05,Card
O00039,C0727,P051,2026-01-17,2,0.1,PayFast
O00040,C0205,P058,2025-07-07,2,0.0,Cash on Delivery
O00041,C0135,P053,2024-07-15,4,0.0,Card
O00042,C0319,P012,2025-08-24,1,0.1,Card
O00043,C0978,P059,2024-03-01,3,0.1,Card
O00044,C0256,P059,2026-06-10,2,0.0,Cash on Delivery
O00045,C0460,P024,2025-01-04,3,0.05,EFT
O00046,C0029,P001,2026-01-01,3,0.0,PayFast
O00047,C0399,P043,2025-03-03,2,0.0,Cash on Delivery
O00048,C0560,P070,2025-09-14,2,0.0,EFT
O00049,C0949,P043,2025-10-05,2,0.0,PayFast
O00050,C0508,P047,2024-10-07,3,0.0,Card
O00051,C0822,P006,2026-07-15,1,0.0,EFT
O00052,C0535,P009,2026-03-19,2,0.1,Card
O00053,C0040,P043,2026-06-28,1,0.0,EFT
O00054,C0318,P075,2026-06-02,3,0.1,Cash on Delivery
O00055,C0563,P029,2025-11-14,1,0.15,EFT
O00056,C0948,P055,2026-06-17,1,0.0,Card
O00057,C0862,P063,2024-05-26,2,0.15,EFT
O00058,C0230,P069,2024-10-21,2,0.05,Card
O00059,C0221,P048,2024-03-19,3,0.2,PayFast
O00060,C0191,P009,2025-03-18,1,0.15,Card
O00061,C0921,P051,2025-05-20,3,0.0,PayFast
O00062,C0852,P014,2025-01-18,1,0.0,Card
O00063,C0777,P020,2026-04-22,3,0.05,EFT
O00064,C0395,P038,2025-04-19,1,0.1,PayFast
O00065,C0497,P061,2025-01-29,1,0.05,EFT
O00066,C0464,P038,2025-10-02,1,0.0,PayFast
O00067,C0252,P067,2024-08-10,2,0.05,Card
O00068,C0497,P042,2026-04-06,2,0.1,EFT
O00069,C0030,P071,2024-05-05,1,0.0,Card
O00070,C0125,P040,2026-07-24,1,0.0,EFT
O00071,C0893,P037,2026-03-17,3,0.0,Card
O00072,C0752,P059,2024-10-25,4,0.1,Card
O00073,C0428,P069,2024-01-11,1,0.25,PayFast
O00074,C0508,P020,2026-04-14,1,0.0,PayFast
O00075,C0374,P074,2026-02-01,1,0.0,Card
O00076,C0736,P072,2026-02-17,2,0.1,PayFast
O00077,C0785,P019,2026-03-17,1,0.05,Card
O00078,C0764,P039,2024-05-04,1,0.0,PayFast
O00079,C0716,P019,2025-04-20,4,0.2,Card
O00080,C0197,P070,2024-07-06,5,0.0,Cash on Delivery
O00081,C0338,P061,2026-05-14,3,0.25,Cash on Delivery
O00082,C0465,P074,2025-12-04,2,0.1,Cash on Delivery
O00083,C0333,P057,2025-03-23,1,0.0,EFT
O00084,C0755,P006,2024-04-18,1,0.05,Card
O00085,C0332,P052,2025-03-03,2,0.0,Card
O00086,C0131,P042,2025-03-17,1,0.1,EFT
O00087,C0400,P029,2026-02-17,3,0.1,Card
O00088,C0982,P011,2025-12-14,2,0.05,EFT
O00089,C0226,P012,2026-05-28,5,0.05,EFT
O00090,C0598,P078,2025-08-04,2,0.2,PayFast
O00091,C0435,P047,2024-07-11,1,0.1,Card
O00092,C0067,P050,2026-02-06,1,0.0,Card
O00093,C0484,P058,2026-03-10,3,0.0,Cash on Delivery
O00094,C0697,P057,2025-10-17,2,0.05,Card
O00095,C0504,P021,2026-03-17,3,0.25,Card
O00096,C0875,P054,2025-08-23,1,0.05,Card
O00097,C0287,P027,2025-09-16,1,0.25,EFT
O00098,C0087,P043,2025-06-25,1,0.25,Cash on Delivery
O00099,C0936,P012,2024-02-15,1,0.1,Card
O00100,C0384,P023,2024-06-24,2,0.1,Cash on Delivery
O00101,C0563,P018,2024-02-25,1,0.15,Card
O00102,C0794,P063,2025-12-13,1,0.15,PayFast
O00103,C0328,P039,2025-03-06,2,0.1,Card
O00104,C0711,P001,2025-09-04,1,0.0,EFT
O00105,C0129,P061,2026-06-09,1,0.1,Card
O00106,C0291,P023,2024-12-24,2,0.1,Card
O00107,C0135,P016,2025-06-09,3,0.05,PayFast
O00108,C0813,P077,2026-03-06,2,0.05,EFT
O00109,C0224,P034,2024-11-30,2,0.05,EFT
O00110,C0711,P016,2024-05-09,1,0.1,Card
O00111,C0944,P034,2025-02-08,1,0.0,Card
O00112,C0517,P018,2024-09-06,1,0.0,Card
O00113,C0529,P046,2026-06-22,1,0.0,EFT
O00114,C0462,P010,2026-04-09,2,0.1,Card
O00115,C0329,P013,2025-12-11,2,0.0,Card
O00116,C0475,P041,2026-05-19,3,0.1,Card
O00117,C0590,P047,2026-04-07,1,0.05,PayFast
O00118,C0988,P002,2024-10-09,1,0.0,Cash on Delivery
O00119,C0938,P053,2026-05-31,1,0.2,Card
O00120,C0863,P020,2025-09-29,2,0.15,Cash on Delivery
O00121,C0893,P072,2026-04-09,2,0.15,EFT
O00122,C0465,P069,2026-06-02,2,0.1,PayFast
O00123,C0636,P054,2025-03-10,2,0.0,PayFast
O00124,C0900,P003,2024-06-27,2,0.0,Card
O00125,C0396,P057,2024-11-29,3,0.05,Cash on Delivery
O00126,C0959,P044,2025-06-25,1,0.0,Cash on Delivery
O00127,C0417,P016,2026-04-16,1,0.15,Card
O00128,C0588,P030,2026-05-12,1,0.0,PayFast
O00129,C0702,P055,2024-01-13,2,0.1,Card
O00130,C0948,P062,2025-09-06,3,0.0,Card
O00131,C0249,P066,2025-06-16,2,0.05,PayFast
O00132,C0740,P006,2024-11-22,1,0.1,Cash on Delivery
O00133,C0512,P016,2024-07-11,4,0.0,PayFast
O00134,C0265,P024,2025-03-30,2,0.0,Card
O00135,C0777,P036,2026-06-30,4,0.0,Card
O00136,C0540,P065,2025-03-15,3,0.1,EFT
O00137,C0639,P009,2025-09-13,1,0.05,Card
O00138,C0328,P028,2026-01-30,2,0.25,Card
O00139,C0480,P069,2025-04-25,1,0.1,PayFast
O00140,C0603,P065,2026-07-16,3,0.05,EFT
O00141,C0403,P024,2026-07-11,1,0.2,Card
O00142,C0188,P046,2024-12-27,5,0.05,EFT
O00143,C0959,P053,2025-08-25,1,0.25,Card
O00144,C0504,P015,2025-02-20,2,0.05,Card
O00145,C0725,P037,2025-02-02,2,0.0,Card
O00146,C0412,P015,2024-03-05,1,0.05,Cash on Delivery
O00147,C0353,P057,2025-11-23,1,0.05,PayFast
O00148,C0405,P055,2025-08-30,1,0.0,PayFast
O00149,C0411,P061,2024-03-29,4,0.05,Card
O00150,C0533,P063,2025-01-27,2,0.05,EFT
O00151,C0531,P011,2026-06-09,1,0.05,EFT
O00152,C0494,P014,2024-12-13,2,0.15,Card
O00153,C0128,P047,2024-08-15,5,0.0,EFT
O00154,C0494,P052,2025-08-19,1,0.15,Cash on Delivery
O00155,C0157,P036,2026-07-24,3,0.1,EFT
O00156,C0116,P052,2024-12-16,1,0.1,PayFast
O00157,C0931,P063,2026-01-08,2,0.0,EFT
O00158,C0591,P016,2026-03-10,1,0.05,EFT
O00159,C0637,P018,2024-12-11,1,0.1,PayFast
O00160,C0401,P064,2026-02-16,2,0.25,Card
O00161,C0910,P042,2025-04-29,1,0.1,Card
O00162,C0617,P010,2025-12-10,2,0.05,EFT
O00163,C0773,P060,2025-12-11,1,0.1,EFT
O00164,C0371,P034,2025-09-26,2,0.15,EFT
O00165,C0958,P003,2024-05-29,4,0.0,Card
O00166,C0822,P016,2026-04-26,1,0.0,Card
O00167,C0854,P059,2025-03-13,1,0.0,EFT
O00168,C0160,P039,2024-10-09,3,0.0,Card
O00169,C0269,P040,2024-03-12,2,0.05,Card
O00170,C0285,P063,2025-11-09,2,0.1,EFT
O00171,C0269,P061,2026-01-12,2,0.0,Card
O00172,C0857,P034,2024-01-30,2,0.25,EFT
O00173,C0031,P046,2025-09-07,3,0.0,Card
O00174,C0074,P076,2024-11-28,1,0.15,Card
O00175,C0274,P075,2025-12-20,1,0.15,Card
O00176,C0191,P013,2024-09-24,1,0.25,Card
O00177,C0234,P008,2026-01-21,2,0.0,EFT
O00178,C0803,P076,2025-05-18,1,0.1,PayFast
O00179,C0551,P015,2026-06-26,1,0.0,Card
O00180,C0005,P059,2024-08-05,2,0.05,EFT
O00181,C0434,P054,2025-04-03,1,0.1,EFT
O00182,C0409,P041,2024-07-02,1,0.05,EFT
O00183,C0105,P063,2026-06-19,1,0.1,Card
O00184,C0660,P065,2026-05-22,3,0.1,Card
O00185,C0697,P039,2025-01-03,1,0.05,EFT
O00186,C0715,P010,2025-12-30,3,0.05,Card
O00187,C0719,P007,2026-04-15,1,0.05,PayFast
O00188,C0001,P012,2025-10-12,2,0.05,EFT
O00189,C0950,P035,2025-09-21,1,0.15,EFT
O00190,C0816,P027,2024-12-16,1,0.0,PayFast
O00191,C0906,P065,2024-06-02,3,0.05,EFT
O00192,C0016,P026,2026-06-03,1,0.0,EFT
O00193,C0934,P071,2026-06-05,1,0.0,Cash on Delivery
O00194,C0813,P024,2025-12-11,2,0.0,PayFast
O00195,C0839,P060,2025-04-01,1,0.1,PayFast
O00196,C0091,P056,2025-04-11,4,0.1,Card
O00197,C0732,P026,2026-02-15,1,0.0,Card
O00198,C0958,P039,2026-06-03,3,0.05,PayFast
O00199,C0665,P009,2026-05-28,2,0.15,Card
O00200,C0559,P037,2026-03-22,2,0.0,EFT
O00201,C0944,P052,2025-12-17,1,0.0,Card
O00202,C0450,P040,2024-05-20,2,0.05,Card
O00203,C0587,P005,2024-09-07,1,0.0,Card
O00204,C0476,P036,2026-06-04,2,0.0,PayFast
O00205,C0932,P063,2025-11-21,3,0.0,PayFast
O00206,C0074,P041,2024-01-17,2,0.15,PayFast
O00207,C0496,P053,2024-06-15,3,0.1,PayFast
O00208,C0673,P051,2026-01-02,4,0.1,Card
O00209,C0794,P015,2024-01-10,2,0.05,Card
O00210,C0567,P075,2024-09-06,4,0.2,Card
O00211,C0910,P012,2025-10-07,1,0.0,PayFast
O00212,C0943,P043,2026-01-22,3,0.1,PayFast
O00213,C0063,P031,2025-12-25,4,0.0,Card
O00214,C0402,P028,2024-11-25,4,0.05,Card
O00215,C0022,P076,2026-02-05,1,0.05,EFT
O00216,C0332,P015,2024-12-10,1,0.05,EFT
O00217,C0527,P036,2025-03-18,3,0.2,Card
O00218,C0910,P048,2026-02-28,3,0.0,PayFast
O00219,C0847,P078,2025-12-23,1,0.1,Cash on Delivery
O00220,C0117,P007,2026-05-05,2,0.1,Card
O00221,C0091,P071,2025-12-29,1,0.1,Cash on Delivery
O00222,C0575,P016,2025-10-22,2,0.0,Card
O00223,C0520,P002,2024-06-03,4,0.05,PayFast
O00224,C0263,P033,2025-04-29,1,0.2,Cash on Delivery
O00225,C0903,P039,2025-01-11,1,0.15,PayFast
O00226,C0927,P041,2024-12-18,3,0.1,Card
O00227,C0402,P005,2026-07-17,1,0.0,Cash on Delivery
O00228,C0893,P063,2025-05-24,2,0.05,PayFast
O00229,C0388,P055,2026-05-31,3,0.15,PayFast
O00230,C0730,P034,2025-12-09,2,0.05,EFT
O00231,C0476,P071,2026-04-01,2,0.05,Card
O00232,C0113,P007,2025-08-30,2,0.0,Card
O00233,C0928,P018,2025-10-29,1,0.0,Card
O00234,C0459,P074,2025-08-21,1,0.0,EFT
O00235,C0726,P017,2024-10-20,3,0.1,Cash on Delivery
O00236,C0368,P041,2026-02-12,2,0.15,Card
O00237,C0019,P023,2025-01-29,2,0.15,Cash on Delivery
O00238,C0095,P026,2024-02-13,1,0.05,Card
O00239,C0494,P049,2025-12-20,4,0.15,Card
O00240,C0679,P003,2024-09-27,4,0.1,EFT
O00241,C0336,P012,2026-06-28,5,0.0,Cash on Delivery
O00242,C0687,P022,2026-07-06,1,0.1,EFT
O00243,C0695,P020,2026-06-13,1,0.05,PayFast
O00244,C0698,P016,2025-05-02,1,0.05,Cash on Delivery
O00245,C0488,P059,2024-01-28,3,0.05,Card
O00246,C0913,P027,2026-06-21,1,0.15,Cash on Delivery
O00247,C0485,P037,2025-06-26,2,0.05,Card
O00248,C0455,P027,2026-07-13,2,0.25,Card
O00249,C0190,P025,2026-07-11,1,0.05,Card
O00250,C0309,P038,2026-05-07,5,0.0,EFT
O00251,C0041,P032,2025-02-13,1,0.1,EFT
O00252,C0616,P002,2025-05-16,2,0.15,PayFast
O00253,C0251,P051,2026-05-06,2,0.1,Cash on Delivery
O00254,C0301,P077,2025-03-09,1,0.0,Card
O00255,C0775,P043,2024-09-17,4,0.05,Card
O00256,C0330,P078,2025-10-13,4,0.25,EFT
O00257,C0247,P006,2026-06-26,1,0.05,Card
O00258,C0157,P051,2026-01-25,2,0.0,PayFast
O00259,C0777,P006,2025-10-24,2,0.0,EFT
O00260,C0122,P044,2024-06-08,3,0.0,Card
O00261,C0459,P068,2025-11-27,1,0.0,Card
O00262,C0497,P017,2026-07-26,2,0.25,Card
O00263,C0673,P047,2024-08-09,4,0.0,PayFast
O00264,C0615,P034,2025-09-12,2,0.05,Card
O00265,C0813,P063,2026-05-22,3,0.0,PayFast
O00266,C0041,P057,2026-02-25,1,0.0,Card
O00267,C0295,P005,2026-01-26,2,0.0,EFT
O00268,C0282,P015,2026-01-29,5,0.2,Card
O00269,C0137,P046,2025-04-21,5,0.05,EFT
O00270,C0289,P015,2025-02-12,3,0.15,Card
O00271,C0314,P012,2026-04-10,1,0.0,PayFast
O00272,C0512,P066,2026-04-11,3,0.05,EFT
O00273,C0641,P028,2026-05-16,2,0.25,EFT
O00274,C0387,P074,2026-06-12,1,0.2,Card
O00275,C0714,P064,2025-09-06,2,0.15,Card
O00276,C0337,P016,2025-08-29,1,0.05,PayFast
O00277,C0291,P042,2026-04-03,1,0.0,PayFast
O00278,C0530,P062,2025-12-23,2,0.2,EFT
O00279,C0022,P001,2026-01-29,1,0.0,EFT
O00280,C0077,P058,2026-04-02,1,0.1,Cash on Delivery
O00281,C0419,P073,2026-05-30,1,0.15,PayFast
O00282,C0943,P037,2025-03-31,1,0.0,Card
O00283,C0715,P078,2025-05-07,1,0.05,Card
O00284,C0087,P052,2024-06-04,1,0.15,Card
O00285,C0847,P052,2025-10-30,1,0.1,EFT
O00286,C0725,P016,2024-03-03,1,0.15,Cash on Delivery
O00287,C0596,P040,2025-07-29,4,0.1,Card
O00288,C0822,P013,2025-10-02,3,0.05,EFT
O00289,C0402,P050,2025-02-04,2,0.05,Card
O00290,C0221,P055,2025-11-09,3,0.1,Card
O00291,C0504,P055,2024-02-23,1,0.05,PayFast
O00292,C0538,P029,2024-03-06,2,0.1,PayFast
O00293,C0528,P068,2026-04-19,2,0.05,Card
O00294,C0553,P056,2025-04-22,1,0.15,Card
O00295,C0947,P017,2024-07-22,2,0.0,Card
O00296,C0905,P055,2025-09-15,1,0.0,Card
O00297,C0880,P006,2026-03-16,2,0.05,Card
O00298,C0804,P060,2024-11-15,2,0.05,Card
O00299,C0944,P033,2025-12-03,2,0.1,Card
O00300,C0094,P060,2024-05-22,1,0.0,Card
O00301,C0260,P011,2024-03-30,1,0.1,Card
O00302,C0493,P059,2025-09-23,3,0.05,PayFast
O00303,C0847,P044,2025-09-30,4,0.15,Card
O00304,C0497,P024,2025-12-14,1,0.25,Card
O00305,C0743,P014,2026-02-15,1,0.0,Card
O00306,C0131,P002,2026-07-18,1,0.05,EFT
O00307,C0252,P078,2025-09-10,2,0.0,PayFast
O00308,C0724,P047,2025-03-15,2,0.25,EFT
O00309,C0154,P039,2026-04-01,1,0.0,Card
O00310,C0349,P003,2025-01-18,2,0.0,Card
O00311,C0260,P062,2025-07-06,2,0.1,Card
O00312,C0347,P069,2024-05-11,1,0.0,EFT
O00313,C0701,P061,2024-02-14,1,0.0,PayFast
O00314,C0369,P057,2026-07-11,4,0.05,PayFast
O00315,C0543,P075,2026-04-27,1,0.0,PayFast
O00316,C0094,P051,2026-01-25,1,0.0,EFT
O00317,C0806,P056,2025-06-08,5,0.15,Cash on Delivery
O00318,C0373,P077,2024-09-22,2,0.25,Card
O00319,C0624,P052,2024-08-31,2,0.05,EFT
O00320,C0718,P063,2024-12-25,1,0.0,Card
O00321,C0203,P074,2025-10-07,1,0.0,PayFast
O00322,C0892,P054,2026-02-07,3,0.0,EFT
O00323,C0602,P045,2025-12-31,1,0.05,Card
O00324,C0434,P025,2025-01-28,2,0.05,EFT
O00325,C0171,P076,2026-07-06,4,0.0,EFT
O00326,C0943,P060,2026-02-23,1,0.0,Cash on Delivery
O00327,C0755,P054,2025-10-11,3,0.1,Cash on Delivery
O00328,C0203,P061,2025-11-25,3,0.15,EFT
O00329,C0337,P037,2025-06-18,2,0.0,EFT
O00330,C0813,P023,2024-12-22,1,0.1,Card
O00331,C0689,P054,2025-04-18,4,0.05,Card
O00332,C0767,P072,2026-03-08,1,0.0,PayFast
O00333,C0448,P046,2024-01-26,2,0.0,PayFast
O00334,C0711,P065,2024-07-06,1,0.0,Card
O00335,C0393,P030,2024-03-20,1,0.0,Card
O00336,C0205,P044,2024-03-12,3,0.1,Cash on Delivery
O00337,C0613,P072,2026-05-09,1,0.0,EFT
O00338,C0978,P066,2026-01-30,2,0.0,Card
O00339,C0314,P057,2025-08-06,3,0.25,Cash on Delivery
O00340,C0462,P014,2024-06-09,3,0.1,PayFast
O00341,C0659,P014,2025-08-21,3,0.0,Card
O00342,C0531,P016,2025-08-05,3,0.2,Card
O00343,C0844,P038,2024-09-22,2,0.1,EFT
O00344,C0764,P013,2025-07-01,1,0.05,PayFast
O00345,C0055,P016,2025-05-29,3,0.05,Card
O00346,C1000,P001,2025-11-28,1,0.15,Card
O00347,C0755,P065,2025-12-12,1,0.0,Cash on Delivery
O00348,C0866,P054,2024-03-19,1,0.1,Card
O00349,C0628,P068,2025-05-06,1,0.0,PayFast
O00350,C0859,P053,2025-12-05,4,0.15,PayFast
O00351,C0103,P067,2025-08-30,3,0.05,Card
O00352,C0345,P019,2026-05-09,3,0.1,EFT
O00353,C0881,P009,2025-12-29,1,0.0,PayFast
O00354,C0191,P022,2024-09-09,1,0.05,Card
O00355,C0075,P020,2024-04-29,4,0.0,EFT
O00356,C0790,P067,2025-12-18,5,0.05,PayFast
O00357,C0838,P071,2024-02-16,3,0.1,Card
O00358,C0152,P045,2025-11-05,1,0.0,EFT
O00359,C0854,P019,2026-06-28,2,0.05,Card
O00360,C0672,P070,2025-10-28,2,0.1,Card
O00361,C0509,P045,2025-05-19,3,0.1,Card
O00362,C0834,P026,2025-12-18,3,0.0,EFT
O00363,C0420,P050,2025-07-23,2,0.1,Card
O00364,C0184,P070,2025-10-04,1,0.0,EFT
O00365,C0283,P067,2026-06-29,1,0.1,Card
O00366,C0497,P070,2025-05-17,2,0.0,Cash on Delivery
O00367,C0519,P055,2026-07-10,5,0.0,Card
O00368,C0806,P048,2026-06-08,1,0.05,Card
O00369,C0794,P016,2024-10-21,1,0.05,Card
O00370,C0567,P044,2024-04-27,5,0.15,PayFast
O00371,C0782,P073,2024-06-14,2,0.2,EFT
O00372,C0184,P077,2024-02-02,1,0.0,EFT
O00373,C0047,P074,2024-06-04,2,0.1,EFT
O00374,C0875,P032,2026-01-16,1,0.05,Card
O00375,C0073,P047,2024-04-30,2,0.0,Card
O00376,C0250,P053,2025-03-11,1,0.0,PayFast
O00377,C0687,P061,2026-05-02,1,0.0,EFT
O00378,C0411,P052,2024-02-11,2,0.05,Card
O00379,C0881,P034,2026-04-13,2,0.1,PayFast
O00380,C0296,P063,2025-01-30,2,0.05,Card
O00381,C0012,P065,2024-07-09,1,0.1,Card
O00382,C0298,P066,2026-01-25,3,0.0,Card
O00383,C0564,P061,2025-12-08,1,0.0,EFT
O00384,C0383,P016,2026-05-22,2,0.05,Card
O00385,C0522,P074,2026-02-21,1,0.05,Card
O00386,C0881,P040,2026-04-06,5,0.0,EFT
O00387,C0911,P019,2025-01-30,1,0.05,Card
O00388,C0263,P040,2024-09-28,3,0.0,PayFast
O00389,C0462,P063,2026-03-03,1,0.05,Card
O00390,C0538,P006,2026-04-09,1,0.05,EFT
O00391,C0947,P044,2026-07-26,3,0.05,Cash on Delivery
O00392,C1000,P078,2025-06-11,1,0.0,EFT
O00393,C0238,P058,2025-05-04,2,0.0,Cash on Delivery
O00394,C0719,P012,2026-03-20,3,0.1,Card
O00395,C0384,P030,2025-04-02,4,0.0,Card
O00396,C0007,P057,2026-06-23,2,0.1,PayFast
O00397,C0009,P004,2026-05-11,2,0.1,Cash on Delivery
O00398,C0462,P072,2025-06-26,2,0.1,Card
O00399,C0484,P070,2026-03-03,2,0.0,EFT
O00400,C0022,P025,2026-03-06,3,0.05,Card
O00401,C0673,P069,2024-06-17,1,0.0,Cash on Delivery
O00402,C0292,P032,2026-06-06,3,0.15,EFT
O00403,C0547,P011,2025-09-01,3,0.1,Card
O00404,C0298,P006,2026-04-21,2,0.2,Card
O00405,C0155,P024,2025-03-12,1,0.15,Card
O00406,C0405,P033,2026-06-02,1,0.25,EFT
O00407,C0236,P037,2025-05-20,1,0.0,Card
O00408,C0522,P040,2024-01-20,4,0.1,Card
O00409,C0189,P042,2026-06-08,1,0.1,Card
O00410,C0498,P013,2024-05-31,1,0.05,Card
O00411,C0147,P049,2025-03-11,4,0.15,Card
O00412,C0654,P031,2026-07-04,3,0.05,EFT
O00413,C0755,P065,2026-07-04,1,0.0,Card
O00414,C0102,P060,2025-10-26,2,0.0,Card
O00415,C0465,P030,2025-12-10,4,0.0,EFT
O00416,C0067,P076,2025-07-14,2,0.0,EFT
O00417,C0587,P017,2025-02-11,1,0.05,Card
O00418,C0260,P065,2025-03-21,1,0.25,Card
O00419,C0517,P022,2026-01-08,3,0.05,Card
O00420,C0508,P072,2026-03-04,2,0.0,EFT
O00421,C0924,P038,2026-03-30,2,0.0,Card
O00422,C0538,P062,2026-03-29,1,0.0,EFT
O00423,C0567,P045,2024-05-30,3,0.0,PayFast
O00424,C0401,P037,2025-08-23,1,0.1,EFT
O00425,C0947,P039,2024-04-08,1,0.1,PayFast
O00426,C0777,P072,2025-10-08,5,0.15,Card
O00427,C0284,P065,2025-07-08,4,0.0,EFT
O00428,C0846,P044,2026-05-28,2,0.25,Cash on Delivery
O00429,C0435,P035,2025-04-13,1,0.25,Card
O00430,C0833,P059,2024-07-07,4,0.0,PayFast
O00431,C0825,P018,2024-08-13,2,0.0,EFT
O00432,C0184,P002,2026-03-10,2,0.05,PayFast
O00433,C0697,P063,2025-11-30,3,0.05,Cash on Delivery
O00434,C0291,P010,2024-06-14,2,0.15,PayFast
O00435,C0296,P057,2024-05-20,2,0.05,PayFast
O00436,C0295,P077,2026-01-28,1,0.0,Cash on Delivery
O00437,C0718,P002,2024-05-02,1,0.05,Card
O00438,C0233,P002,2026-04-18,1,0.0,Card
O00439,C0001,P046,2026-02-01,1,0.15,EFT
O00440,C0710,P029,2024-05-15,1,0.05,Card
O00441,C0160,P036,2024-05-21,2,0.1,EFT
O00442,C0100,P001,2026-07-24,1,0.15,Card
O00443,C0241,P036,2025-05-06,2,0.05,EFT
O00444,C0386,P073,2025-05-02,2,0.1,Card
O00445,C0476,P076,2026-04-12,1,0.0,Card
O00446,C0041,P073,2026-07-02,3,0.15,Cash on Delivery
O00447,C0969,P036,2026-07-24,1,0.1,PayFast
O00448,C0710,P069,2026-03-05,2,0.1,PayFast
O00449,C0328,P001,2025-05-08,4,0.1,PayFast
O00450,C0322,P007,2024-05-19,3,0.0,PayFast
O00451,C0455,P053,2026-03-21,1,0.1,EFT
O00452,C0612,P047,2025-10-15,2,0.0,Cash on Delivery
O00453,C0138,P007,2025-06-22,1,0.05,Card
O00454,C0184,P001,2026-06-08,1,0.0,PayFast
O00455,C0862,P004,2024-06-29,5,0.0,EFT
O00456,C0256,P010,2025-08-22,4,0.0,Card
O00457,C0387,P009,2024-01-21,2,0.0,EFT
O00458,C0873,P004,2025-08-01,2,0.1,Card
O00459,C0641,P033,2024-04-06,1,0.05,PayFast
O00460,C0341,P007,2024-07-10,3,0.05,Card
O00461,C0671,P010,2024-07-08,3,0.1,Cash on Delivery
O00462,C0020,P058,2025-12-23,2,0.0,Card
O00463,C0727,P005,2026-02-28,1,0.15,EFT
O00464,C0484,P017,2025-11-03,1,0.15,Card
O00465,C0816,P056,2026-07-10,1,0.1,EFT
O00466,C0952,P038,2025-05-06,3,0.05,EFT
O00467,C0925,P053,2025-02-03,1,0.05,EFT
O00468,C0910,P002,2026-05-17,2,0.05,Card
O00469,C0504,P013,2024-11-24,1,0.2,Cash on Delivery
O00470,C0361,P059,2026-07-11,2,0.05,Card
O00471,C0465,P002,2024-01-22,2,0.0,Cash on Delivery
O00472,C0679,P025,2026-07-15,4,0.0,EFT
O00473,C0891,P046,2024-03-16,1,0.1,Card
O00474,C0202,P032,2026-05-30,1,0.0,Card
O00475,C0917,P075,2025-09-20,1,0.2,Cash on Delivery
O00476,C0817,P040,2026-07-28,2,0.05,Card
O00477,C0981,P061,2024-05-04,1,0.0,Card
O00478,C0886,P002,2025-10-11,2,0.1,Card
O00479,C0282,P031,2026-07-14,2,0.15,PayFast
O00480,C0101,P055,2025-09-16,1,0.25,EFT
O00481,C0103,P026,2025-12-08,3,0.0,EFT
O00482,C0291,P060,2026-01-25,2,0.0,EFT
O00483,C0600,P043,2025-07-19,2,0.05,Card
O00484,C0805,P059,2025-12-07,3,0.2,EFT
O00485,C0903,P001,2025-11-04,2,0.1,EFT
O00486,C0610,P028,2026-06-05,1,0.1,PayFast
O00487,C0005,P043,2024-03-19,3,0.05,Card
O00488,C0175,P001,2025-01-29,1,0.0,Card
O00489,C0094,P015,2026-07-04,1,0.05,EFT
O00490,C0365,P047,2026-05-30,1,0.0,Card
O00491,C0496,P023,2025-07-20,1,0.0,Card
O00492,C0041,P071,2025-12-01,1,0.0,Card
O00493,C0346,P034,2025-01-25,4,0.0,EFT
O00494,C0168,P049,2024-10-11,2,0.15,Card
O00495,C0623,P027,2025-07-28,1,0.0,PayFast
O00496,C0464,P022,2025-04-15,4,0.25,PayFast
O00497,C0493,P056,2025-11-03,3,0.0,Card
O00498,C0432,P017,2024-05-10,3,0.0,Card
O00499,C0952,P048,2026-07-17,1,0.05,EFT
O00500,C0212,P006,2026-07-24,3,0.05,PayFast
O00501,C0508,P038,2026-01-26,3,0.0,Card
O00502,C0727,P036,2025-09-27,3,0.15,PayFast
O00503,C0543,P063,2025-03-01,1,0.0,EFT
O00504,C0930,P009,2026-04-13,1,0.05,PayFast
O00505,C0384,P066,2026-01-17,1,0.05,Card
O00506,C0464,P048,2024-09-08,2,0.05,PayFast
O00507,C0087,P061,2026-06-11,1,0.05,PayFast
O00508,C0595,P075,2026-04-19,2,0.0,PayFast
O00509,C0286,P058,2026-07-03,3,0.05,Card
O00510,C0149,P049,2026-02-14,2,0.2,Card
O00511,C0533,P071,2025-11-26,1,0.1,Card
O00512,C0520,P067,2025-06-17,1,0.05,EFT
O00513,C0074,P044,2026-06-24,1,0.05,Card
O00514,C0695,P064,2026-05-15,1,0.05,Card
O00515,C0610,P030,2024-03-19,1,0.0,PayFast
O00516,C0184,P038,2024-02-16,3,0.05,EFT
O00517,C0465,P036,2025-05-08,4,0.0,Card
O00518,C0715,P005,2026-04-11,2,0.0,EFT
O00519,C0518,P033,2026-07-24,1,0.15,EFT
O00520,C0398,P036,2024-08-23,1,0.1,Card
O00521,C0327,P070,2025-11-11,4,0.0,Card
O00522,C0596,P045,2025-05-12,3,0.05,Card
O00523,C0939,P075,2026-07-15,3,0.0,EFT
O00524,C0655,P020,2026-05-01,3,0.0,Cash on Delivery
O00525,C0073,P027,2026-04-28,2,0.05,Cash on Delivery
O00526,C0462,P060,2025-08-01,2,0.05,Cash on Delivery
O00527,C0894,P041,2025-06-13,3,0.05,PayFast
O00528,C0091,P054,2025-01-21,1,0.05,EFT
O00529,C0989,P048,2024-04-06,1,0.15,Card
O00530,C0947,P002,2026-05-15,2,0.1,Card
O00531,C0075,P029,2026-04-12,1,0.1,Card
O00532,C0934,P069,2026-07-31,1,0.05,EFT
O00533,C0365,P005,2026-07-30,4,0.0,PayFast
O00534,C0846,P043,2025-10-12,2,0.1,PayFast
O00535,C0419,P074,2026-03-15,3,0.25,Card
O00536,C0448,P051,2026-07-01,1,0.05,EFT
O00537,C0616,P043,2026-05-05,2,0.05,PayFast
O00538,C0777,P012,2024-12-22,1,0.1,Card
O00539,C0034,P078,2025-07-16,2,0.0,Card
O00540,C0582,P050,2024-07-25,1,0.0,EFT
O00541,C0176,P009,2026-07-06,2,0.05,Card
O00542,C0345,P042,2025-11-21,3,0.05,Card
O00543,C0345,P015,2024-11-30,1,0.05,Cash on Delivery
O00544,C0465,P050,2026-01-08,4,0.15,Card
O00545,C0336,P027,2025-11-30,1,0.15,EFT
O00546,C0102,P021,2025-04-20,2,0.2,EFT
O00547,C0137,P065,2024-07-02,2,0.05,Card
O00548,C0033,P019,2026-01-08,1,0.15,EFT
O00549,C0466,P032,2025-09-14,2,0.2,PayFast
O00550,C0951,P059,2026-03-17,2,0.0,Card
O00551,C0108,P059,2025-09-14,1,0.15,Cash on Delivery
O00552,C0945,P051,2026-05-07,2,0.15,Card
O00553,C0725,P032,2025-10-09,1,0.1,Card
O00554,C0617,P050,2025-10-17,4,0.0,EFT
O00555,C0621,P051,2026-05-22,2,0.0,PayFast
O00556,C0828,P021,2025-06-03,1,0.1,Card
O00557,C0101,P009,2024-07-31,2,0.1,Card
O00558,C0497,P064,2024-02-20,1,0.1,Card
O00559,C0692,P048,2026-03-06,1,0.0,Cash on Delivery
O00560,C0571,P042,2025-12-01,1,0.0,Card
O00561,C0835,P006,2026-01-31,2,0.0,EFT
O00562,C0070,P060,2024-11-11,1,0.1,PayFast
O00563,C0680,P051,2024-08-04,1,0.0,Cash on Delivery
O00564,C0521,P018,2024-01-27,1,0.1,EFT
O00565,C0385,P009,2025-04-12,1,0.1,Cash on Delivery
O00566,C0340,P057,2025-11-08,1,0.15,PayFast
O00567,C0607,P022,2025-05-23,3,0.1,Card
O00568,C0894,P016,2025-07-04,2,0.05,Card
O00569,C0494,P002,2026-06-07,2,0.0,Card
O00570,C0825,P028,2025-04-10,2,0.15,EFT
O00571,C0402,P057,2025-09-09,2,0.15,PayFast
O00572,C0096,P014,2026-03-25,1,0.0,Card
O00573,C0060,P001,2025-05-27,1,0.05,Card
O00574,C0049,P032,2025-12-03,1,0.0,Card
O00575,C0387,P054,2026-05-13,1,0.0,PayFast
O00576,C0337,P009,2026-07-03,1,0.15,Cash on Delivery
O00577,C0712,P022,2024-08-18,2,0.0,EFT
O00578,C0736,P042,2026-06-20,1,0.1,EFT
O00579,C0049,P070,2025-08-21,1,0.05,Card
O00580,C0221,P014,2025-01-04,1,0.0,Card
O00581,C0274,P041,2025-07-24,1,0.0,Card
O00582,C0537,P036,2026-07-20,2,0.05,Card
O00583,C0135,P028,2025-08-22,1,0.1,EFT
O00584,C0128,P014,2025-03-21,2,0.1,PayFast
O00585,C0944,P073,2025-12-11,1,0.2,EFT
O00586,C0805,P050,2024-12-14,2,0.25,EFT
O00587,C0170,P043,2024-05-07,1,0.1,EFT
O00588,C0405,P062,2024-07-24,1,0.0,PayFast
O00589,C0353,P058,2024-07-23,1,0.1,Card
O00590,C0793,P076,2024-08-25,2,0.0,Card
O00591,C0501,P016,2024-08-07,1,0.1,Cash on Delivery
O00592,C0118,P011,2025-12-17,1,0.05,Card
O00593,C0733,P020,2024-10-03,1,0.1,Card
O00594,C0399,P077,2025-04-07,5,0.05,PayFast
O00595,C0259,P018,2026-06-03,1,0.1,Cash on Delivery
O00596,C0381,P067,2025-08-06,3,0.05,PayFast
O00597,C0494,P004,2026-01-05,1,0.1,Card
O00598,C0342,P027,2024-09-21,2,0.2,EFT
O00599,C0246,P032,2024-10-17,3,0.1,Card
O00600,C0400,P049,2024-03-12,2,0.0,EFT
O00601,C0020,P009,2024-09-17,3,0.0,Card
O00602,C0775,P019,2025-01-26,4,0.0,Card
O00603,C0159,P071,2024-09-27,3,0.2,Card
O00604,C0041,P011,2024-05-27,1,0.05,Card
O00605,C0630,P026,2024-07-13,1,0.0,Card
O00606,C0777,P037,2025-07-25,2,0.25,Card
O00607,C0816,P062,2024-11-03,1,0.25,Card
O00608,C0491,P022,2025-04-26,2,0.05,EFT
O00609,C0198,P056,2025-08-31,3,0.15,Cash on Delivery
O00610,C0731,P003,2026-01-21,3,0.05,Card
O00611,C0696,P039,2024-03-09,2,0.0,Cash on Delivery
O00612,C0250,P033,2026-04-04,1,0.0,Card
O00613,C0906,P072,2025-12-07,2,0.0,Card
O00614,C0099,P061,2024-05-16,1,0.2,Card
O00615,C0986,P065,2026-05-20,2,0.05,Card
O00616,C0863,P054,2026-06-17,4,0.25,Card
O00617,C0675,P063,2024-04-14,1,0.25,Card
O00618,C0938,P005,2025-01-25,5,0.0,PayFast
O00619,C0716,P021,2026-04-08,1,0.05,Card
O00620,C0184,P045,2026-03-02,2,0.05,EFT
O00621,C0448,P008,2024-10-07,2,0.2,Cash on Delivery
O00622,C0068,P032,2024-11-07,2,0.2,Card
O00623,C0393,P004,2025-05-02,2,0.1,Card
O00624,C0736,P059,2025-08-15,4,0.0,Card
O00625,C0392,P075,2025-11-30,4,0.15,Card
O00626,C0333,P012,2025-05-01,2,0.2,Card
O00627,C0583,P076,2025-07-27,5,0.0,PayFast
O00628,C0875,P055,2026-03-01,1,0.05,EFT
O00629,C0044,P065,2024-03-05,4,0.1,Card
O00630,C0391,P040,2024-12-28,2,0.1,PayFast
O00631,C0148,P012,2026-02-06,1,0.05,Cash on Delivery
O00632,C0687,P019,2026-06-02,1,0.0,Cash on Delivery
O00633,C0101,P040,2025-09-07,1,0.0,EFT
O00634,C0642,P013,2025-09-23,1,0.1,EFT
O00635,C0285,P037,2024-06-23,2,0.0,Card
O00636,C0189,P018,2025-07-13,1,0.0,PayFast
O00637,C0936,P058,2025-09-24,2,0.0,Card
O00638,C0019,P024,2024-12-16,3,0.0,PayFast
O00639,C0444,P053,2025-01-16,1,0.2,Card
O00640,C0021,P022,2025-05-09,1,0.0,Card
O00641,C0483,P009,2024-02-05,1,0.05,EFT
O00642,C0496,P013,2025-03-14,1,0.0,PayFast
O00643,C0326,P075,2024-11-09,3,0.0,Card
O00644,C0128,P001,2025-03-20,1,0.05,PayFast
O00645,C0383,P035,2024-07-11,4,0.05,Card
O00646,C0656,P055,2026-05-30,1,0.1,Card
O00647,C0783,P041,2025-11-11,3,0.2,EFT
O00648,C0518,P049,2026-01-13,2,0.25,PayFast
O00649,C0575,P013,2026-03-28,1,0.15,Card
O00650,C0191,P018,2025-08-27,1,0.0,EFT
O00651,C0286,P032,2024-05-24,1,0.1,EFT
O00652,C0152,P061,2025-09-28,2,0.1,Card
O00653,C0251,P042,2025-11-06,1,0.05,Card
O00654,C0224,P042,2026-02-28,2,0.0,EFT
O00655,C0509,P011,2025-06-29,1,0.2,PayFast
O00656,C0551,P061,2024-07-22,5,0.15,PayFast
O00657,C0944,P050,2025-02-01,1,0.0,Card
O00658,C0188,P067,2025-04-25,3,0.1,Cash on Delivery
O00659,C0621,P005,2025-12-20,1,0.1,Card
O00660,C0822,P071,2025-10-24,5,0.05,PayFast
O00661,C0547,P015,2025-04-18,2,0.05,Card
O00662,C0254,P022,2026-07-24,3,0.1,Card
O00663,C0258,P056,2025-11-20,5,0.0,PayFast
O00664,C0040,P042,2024-12-10,4,0.1,Card
O00665,C0303,P033,2024-06-15,2,0.2,EFT
O00666,C0737,P018,2024-08-26,4,0.1,EFT
O00667,C0044,P043,2024-12-20,3,0.2,Cash on Delivery
O00668,C0220,P077,2024-09-06,1,0.0,PayFast
O00669,C0701,P049,2024-10-09,2,0.1,PayFast
O00670,C0784,P056,2025-02-03,3,0.0,Card
O00671,C0459,P012,2024-09-22,1,0.0,EFT
O00672,C0693,P025,2026-06-03,2,0.0,Card
O00673,C0393,P041,2024-05-14,4,0.05,Card
O00674,C0148,P008,2025-09-17,2,0.0,Card
O00675,C0400,P055,2025-06-09,1,0.05,EFT
O00676,C0566,P017,2026-07-22,2,0.1,Card
O00677,C0946,P051,2024-06-30,1,0.15,Card
O00678,C0065,P038,2025-05-29,3,0.05,EFT
O00679,C0497,P077,2026-07-15,1,0.1,PayFast
O00680,C0331,P005,2026-05-15,2,0.0,PayFast
O00681,C0497,P016,2026-04-15,1,0.15,EFT
O00682,C0022,P028,2025-01-03,2,0.1,Card
O00683,C0317,P043,2024-09-19,1,0.1,PayFast
O00684,C0822,P029,2026-01-06,2,0.0,PayFast
O00685,C0542,P023,2026-06-22,3,0.1,Card
O00686,C0455,P021,2025-10-13,5,0.05,Card
O00687,C0284,P061,2025-10-25,5,0.1,Card
O00688,C0296,P068,2025-01-28,2,0.0,PayFast
O00689,C0387,P071,2026-03-16,1,0.0,Cash on Delivery
O00690,C0839,P075,2024-10-10,3,0.0,PayFast
O00691,C0966,P039,2025-03-16,2,0.0,Card
O00692,C0446,P062,2025-06-23,1,0.0,Card
O00693,C0396,P026,2025-09-03,2,0.0,Cash on Delivery
O00694,C0847,P074,2024-12-16,1,0.1,PayFast
O00695,C0432,P049,2024-07-04,4,0.05,PayFast
O00696,C0540,P008,2025-11-24,1,0.25,Card
O00697,C0233,P007,2025-02-06,1,0.05,Card
O00698,C0736,P056,2025-11-02,4,0.1,Card
O00699,C0520,P005,2024-08-28,1,0.05,Card
O00700,C0812,P077,2025-08-12,4,0.1,Card
O00701,C0782,P012,2025-09-24,3,0.15,EFT
O00702,C0214,P036,2024-03-30,2,0.05,Card
O00703,C0710,P015,2025-03-29,1,0.05,EFT
O00704,C0804,P066,2024-08-01,1,0.05,PayFast
O00705,C0345,P062,2024-04-17,1,0.1,Cash on Delivery
O00706,C0160,P024,2026-07-26,1,0.25,Cash on Delivery
O00707,C0003,P039,2025-03-14,2,0.0,Card
O00708,C0456,P069,2026-04-11,1,0.15,Card
O00709,C0350,P072,2024-12-30,3,0.1,EFT
O00710,C0542,P009,2026-01-15,2,0.05,Cash on Delivery
O00711,C0178,P016,2026-03-09,3,0.0,EFT
O00712,C0862,P016,2025-11-13,1,0.05,Card
O00713,C0256,P072,2025-08-03,1,0.0,Card
O00714,C0227,P074,2025-06-11,1,0.0,EFT
O00715,C0480,P005,2025-04-11,1,0.0,Card
O00716,C0496,P070,2026-06-22,1,0.25,EFT
O00717,C0214,P032,2026-04-24,1,0.2,EFT
O00718,C0270,P038,2026-07-12,2,0.05,EFT
O00719,C0157,P041,2024-07-18,2,0.25,Card
O00720,C0713,P069,2026-02-18,2,0.1,EFT
O00721,C0774,P006,2026-06-27,1,0.0,Card
O00722,C0463,P028,2024-10-02,4,0.1,Card
O00723,C0708,P046,2024-04-22,1,0.1,Card
O00724,C0727,P071,2026-02-25,1,0.05,PayFast
O00725,C0131,P052,2025-10-27,2,0.2,EFT
O00726,C0965,P019,2026-04-30,2,0.0,Cash on Delivery
O00727,C0822,P025,2024-08-08,2,0.05,EFT
O00728,C0197,P066,2026-04-01,2,0.05,Card
O00729,C0175,P056,2024-10-28,1,0.25,Card
O00730,C0115,P035,2024-09-10,1,0.0,EFT
O00731,C0131,P009,2024-09-10,1,0.0,PayFast
O00732,C0743,P035,2026-04-13,1,0.1,Card
O00733,C0465,P013,2026-01-03,1,0.25,Card
O00734,C0784,P014,2025-09-16,3,0.0,EFT
O00735,C0741,P040,2025-04-21,2,0.15,Card
O00736,C0591,P045,2026-05-22,2,0.15,EFT
O00737,C0671,P078,2025-05-23,1,0.0,Card
O00738,C0019,P050,2026-04-15,1,0.15,EFT
O00739,C0317,P069,2025-07-06,2,0.15,Card
O00740,C0617,P076,2025-05-08,1,0.0,EFT
O00741,C0009,P020,2025-07-27,2,0.0,EFT
O00742,C0032,P035,2025-02-20,1,0.1,PayFast
O00743,C0851,P032,2026-03-01,2,0.05,EFT
O00744,C0671,P057,2025-08-30,5,0.1,EFT
O00745,C0262,P036,2024-12-04,4,0.05,Cash on Delivery
O00746,C0676,P030,2026-06-04,1,0.15,PayFast
O00747,C0794,P053,2025-05-15,3,0.15,EFT
O00748,C0307,P010,2025-10-03,2,0.2,Card
O00749,C0038,P008,2026-06-08,1,0.0,PayFast
O00750,C0931,P002,2025-12-04,4,0.05,EFT
O00751,C0345,P018,2024-07-07,2,0.05,PayFast
O00752,C0101,P069,2026-06-28,2,0.05,EFT
O00753,C0488,P001,2025-12-07,2,0.1,Cash on Delivery
O00754,C0771,P032,2025-03-27,5,0.1,PayFast
O00755,C0221,P068,2024-08-08,2,0.0,Card
O00756,C0267,P022,2026-03-31,2,0.15,EFT
O00757,C0248,P029,2025-12-01,1,0.05,Card
O00758,C0995,P046,2025-09-25,4,0.05,Card
O00759,C0188,P048,2026-06-01,4,0.0,EFT
O00760,C0563,P070,2026-03-28,3,0.15,Card
O00761,C0924,P062,2024-08-25,1,0.0,Cash on Delivery
O00762,C0138,P073,2025-03-03,1,0.2,PayFast
O00763,C0969,P066,2024-12-23,3,0.0,EFT
O00764,C0946,P063,2026-02-27,1,0.0,EFT
O00765,C0892,P039,2024-02-28,1,0.0,PayFast
O00766,C0212,P024,2025-10-24,1,0.0,Card
O00767,C0616,P026,2026-03-11,1,0.05,Card
O00768,C0763,P016,2026-05-22,4,0.0,Cash on Delivery
O00769,C0988,P033,2025-04-04,1,0.05,Card
O00770,C0169,P055,2026-04-18,3,0.05,Card
O00771,C0767,P057,2024-06-28,2,0.05,Card
O00772,C0339,P056,2026-05-03,1,0.15,Cash on Delivery
O00773,C0161,P015,2024-07-22,1,0.0,Card
O00774,C0427,P043,2025-05-28,4,0.0,Card
O00775,C0798,P062,2026-04-03,4,0.25,Card
O00776,C0465,P063,2024-08-22,2,0.1,Cash on Delivery
O00777,C0528,P042,2024-12-01,3,0.1,Card
O00778,C0998,P050,2026-02-12,1,0.2,Cash on Delivery
O00779,C0400,P017,2026-02-10,1,0.05,Cash on Delivery
O00780,C0602,P031,2025-12-17,1,0.15,Card
O00781,C0367,P077,2026-01-23,2,0.05,Card
O00782,C0395,P063,2025-10-02,1,0.05,EFT
O00783,C0689,P066,2024-12-27,1,0.0,Card
O00784,C0938,P034,2025-04-07,5,0.0,PayFast
O00785,C0531,P026,2024-10-03,2,0.1,Card
O00786,C0771,P065,2026-06-10,2,0.0,PayFast
O00787,C0088,P020,2025-11-03,1,0.0,Card
O00788,C0205,P025,2025-05-31,4,0.05,EFT
O00789,C0496,P012,2025-07-26,3,0.05,EFT
O00790,C0020,P030,2026-07-02,1,0.05,Card
O00791,C0252,P055,2024-08-27,2,0.0,Card
O00792,C0508,P036,2025-11-05,4,0.1,Card
O00793,C0015,P007,2025-09-02,1,0.0,EFT
O00794,C0260,P042,2025-11-25,1,0.05,PayFast
O00795,C0504,P013,2024-02-02,1,0.0,EFT
O00796,C0562,P043,2026-05-19,1,0.0,Card
O00797,C0925,P071,2026-06-23,3,0.0,Card
O00798,C0621,P047,2025-10-20,2,0.05,EFT
O00799,C0414,P031,2026-01-25,2,0.0,Card
O00800,C0930,P014,2026-06-18,1,0.1,Card
O00801,C0786,P076,2026-02-02,4,0.15,PayFast
O00802,C0191,P025,2024-08-26,2,0.2,Card
O00803,C0124,P070,2025-10-29,2,0.0,EFT
O00804,C0660,P026,2025-11-21,2,0.0,Card
O00805,C0547,P054,2025-06-22,2,0.0,PayFast
O00806,C0791,P072,2026-02-22,5,0.15,Card
O00807,C0732,P016,2026-06-25,4,0.0,Card
O00808,C0612,P065,2026-06-20,3,0.0,Card
O00809,C0988,P017,2025-07-16,1,0.2,Card
O00810,C0520,P025,2024-07-02,2,0.05,EFT
O00811,C0105,P066,2026-07-23,5,0.0,Cash on Delivery
O00812,C0832,P050,2026-04-29,2,0.05,EFT
O00813,C0252,P027,2024-07-18,1,0.0,Card
O00814,C0777,P002,2026-06-17,3,0.1,EFT
O00815,C0954,P068,2026-05-18,1,0.15,Card
O00816,C0692,P035,2025-09-13,2,0.0,Card
O00817,C0583,P031,2025-11-09,1,0.1,PayFast
O00818,C0462,P036,2025-05-30,4,0.0,Cash on Delivery
O00819,C0366,P032,2024-04-04,5,0.0,Card
O00820,C0350,P045,2025-03-28,2,0.25,Card
O00821,C0616,P071,2026-04-06,1,0.0,PayFast
O00822,C0751,P038,2024-01-09,1,0.0,PayFast
O00823,C0665,P046,2025-03-26,1,0.25,Card
O00824,C0188,P003,2025-05-29,2,0.25,Cash on Delivery
O00825,C0491,P075,2025-09-28,1,0.1,Card
O00826,C0794,P033,2026-06-16,3,0.1,EFT
O00827,C0475,P057,2025-04-08,1,0.0,EFT
O00828,C0525,P051,2025-04-09,1,0.0,Cash on Delivery
O00829,C0775,P048,2026-02-22,1,0.05,EFT
O00830,C0639,P059,2025-07-17,1,0.15,Card
O00831,C0411,P063,2024-11-25,4,0.0,Card
O00832,C0900,P040,2025-07-18,1,0.0,Card
O00833,C0152,P078,2024-08-10,1,0.0,Card
O00834,C0998,P059,2024-09-26,4,0.25,Card
O00835,C0110,P068,2025-08-26,1,0.1,Card
O00836,C0015,P013,2025-06-17,1,0.0,PayFast
O00837,C0893,P006,2026-06-13,1,0.1,Card
O00838,C0249,P077,2025-04-24,1,0.25,PayFast
O00839,C0721,P014,2025-11-01,2,0.15,PayFast
O00840,C0813,P011,2025-12-10,1,0.05,EFT
O00841,C0862,P057,2024-01-24,3,0.0,EFT
O00842,C0994,P032,2026-01-02,1,0.1,EFT
O00843,C0292,P016,2024-09-28,1,0.0,EFT
O00844,C0702,P014,2026-07-10,2,0.15,Card
O00845,C0107,P029,2024-08-20,1,0.05,Card
O00846,C0405,P037,2025-06-13,1,0.15,Card
O00847,C0847,P015,2024-05-22,2,0.25,Card
O00848,C0369,P037,2026-07-30,1,0.1,Card
O00849,C0577,P011,2025-08-30,3,0.1,Card
O00850,C0497,P068,2025-11-12,1,0.0,Card
O00851,C0621,P039,2024-04-23,2,0.0,PayFast
O00852,C0973,P035,2026-03-03,4,0.1,PayFast
O00853,C0053,P010,2024-11-07,3,0.15,PayFast
O00854,C0562,P019,2026-06-03,1,0.05,Cash on Delivery
O00855,C0864,P062,2024-11-02,3,0.0,Card
O00856,C0480,P036,2024-10-15,1,0.0,Card
O00857,C0075,P050,2024-03-05,1,0.05,EFT
O00858,C0547,P053,2025-08-04,2,0.1,Card
O00859,C0334,P032,2025-10-20,1,0.05,EFT
O00860,C0145,P064,2024-04-21,2,0.15,Card
O00861,C0848,P075,2026-03-19,2,0.05,Cash on Delivery
O00862,C0512,P029,2025-07-18,2,0.0,Card
O00863,C0933,P003,2025-09-17,1,0.05,Card
O00864,C0806,P015,2025-07-07,1,0.0,PayFast
O00865,C0684,P018,2025-05-31,1,0.0,PayFast
O00866,C0004,P054,2025-10-16,1,0.15,Card
O00867,C0434,P018,2024-08-29,1,0.1,Card
O00868,C0188,P004,2024-10-03,2,0.05,Card
O00869,C0910,P014,2026-05-13,2,0.0,PayFast
O00870,C0161,P021,2026-07-01,1,0.05,Card
O00871,C0285,P010,2025-05-05,1,0.15,Card
O00872,C0508,P024,2025-01-18,2,0.0,EFT
O00873,C0259,P039,2025-12-19,2,0.1,Card
O00874,C0203,P002,2025-06-08,1,0.0,PayFast
O00875,C0587,P005,2024-02-15,2,0.0,Card
O00876,C0088,P051,2024-08-31,3,0.1,PayFast
O00877,C0055,P071,2026-02-08,2,0.0,EFT
O00878,C0375,P040,2025-12-30,2,0.05,Card
O00879,C0715,P012,2024-02-17,2,0.25,Card
O00880,C0542,P028,2024-11-22,1,0.0,Card
O00881,C0428,P072,2024-12-03,2,0.0,EFT
O00882,C0553,P062,2026-01-08,1,0.1,PayFast
O00883,C0367,P022,2024-02-05,1,0.05,Card
O00884,C0936,P035,2024-06-19,1,0.0,EFT
O00885,C0053,P043,2026-04-04,1,0.0,EFT
O00886,C0657,P009,2024-09-29,1,0.0,PayFast
O00887,C0897,P025,2025-12-25,2,0.1,Card
O00888,C0805,P035,2024-12-11,1,0.05,Card
O00889,C0172,P062,2024-06-12,1,0.0,PayFast
O00890,C0295,P002,2024-12-17,5,0.1,PayFast
O00891,C0711,P065,2026-02-12,1,0.1,Cash on Delivery
O00892,C0085,P017,2026-05-09,2,0.0,Card
O00893,C0815,P065,2026-04-23,1,0.15,Card
O00894,C0713,P076,2025-05-28,3,0.05,PayFast
O00895,C0721,P005,2026-01-05,1,0.0,EFT
O00896,C0095,P012,2024-11-01,4,0.0,Card
O00897,C0711,P019,2025-02-11,3,0.0,PayFast
O00898,C0666,P067,2026-06-02,5,0.1,EFT
O00899,C0835,P044,2024-01-24,1,0.0,Card
O00900,C0040,P056,2024-05-22,1,0.1,EFT
O00901,C0022,P031,2024-11-05,1,0.1,Card
O00902,C0378,P020,2024-02-16,2,0.25,Card
O00903,C0138,P002,2024-10-03,1,0.15,EFT
O00904,C0545,P012,2025-11-03,2,0.05,Card
O00905,C0916,P038,2025-06-20,1,0.0,Card
O00906,C0395,P012,2026-05-31,1,0.1,EFT
O00907,C0846,P061,2026-04-15,5,0.1,Card
O00908,C0001,P018,2025-04-04,4,0.25,EFT
O00909,C0156,P047,2025-01-05,3,0.05,PayFast
O00910,C0030,P017,2025-05-11,1,0.05,EFT
O00911,C0331,P041,2025-11-09,1,0.1,EFT
O00912,C0910,P034,2025-01-15,3,0.25,Card
O00913,C0094,P008,2025-12-04,2,0.0,PayFast
O00914,C0594,P002,2025-06-08,1,0.0,Card
O00915,C0457,P073,2025-10-10,1,0.0,Card
O00916,C0938,P060,2025-07-03,2,0.0,EFT
O00917,C0113,P069,2025-02-13,4,0.05,Card
O00918,C0206,P014,2026-07-03,4,0.2,Cash on Delivery
O00919,C0029,P026,2026-03-12,1,0.0,Card
O00920,C0437,P078,2024-08-09,2,0.1,EFT
O00921,C0278,P036,2026-05-17,2,0.05,PayFast
O00922,C0871,P019,2025-08-17,2,0.0,Card
O00923,C0591,P077,2026-06-01,3,0.0,PayFast
O00924,C0600,P056,2026-04-04,5,0.0,Card
O00925,C0520,P003,2025-06-23,4,0.1,Card
O00926,C0090,P023,2024-02-09,1,0.0,Card
O00927,C0451,P039,2025-01-15,3,0.05,Card
O00928,C1000,P028,2025-10-01,2,0.0,PayFast
O00929,C0838,P012,2025-12-11,3,0.05,PayFast
O00930,C0900,P039,2025-01-03,1,0.0,Card
O00931,C0825,P061,2024-08-08,2,0.1,PayFast
O00932,C0096,P056,2026-04-26,1,0.1,Card
O00933,C0229,P002,2026-07-23,2,0.15,Card
O00934,C0004,P075,2025-09-18,2,0.0,PayFast
O00935,C0301,P041,2024-09-20,1,0.15,PayFast
O00936,C0102,P064,2025-01-19,3,0.0,PayFast
O00937,C0472,P053,2024-02-02,1,0.1,PayFast
O00938,C0662,P017,2026-06-13,2,0.1,EFT
O00939,C0877,P005,2024-07-08,1,0.25,Card
O00940,C0745,P070,2025-10-29,3,0.1,Card
O00941,C0938,P027,2025-01-21,4,0.25,EFT
O00942,C0053,P002,2025-10-11,1,0.05,Card
O00943,C0012,P040,2025-12-24,2,0.15,EFT
O00944,C0639,P059,2026-04-23,1,0.05,PayFast
O00945,C0290,P055,2024-11-03,2,0.1,Card
O00946,C0252,P023,2024-01-20,2,0.05,EFT
O00947,C0333,P021,2024-08-04,2,0.05,PayFast
O00948,C0267,P056,2026-06-05,2,0.1,PayFast
O00949,C0504,P013,2026-05-20,5,0.15,Card
O00950,C0447,P003,2025-11-14,2,0.05,EFT
O00951,C0504,P070,2025-11-16,1,0.05,EFT
O00952,C0656,P005,2026-01-03,2,0.15,Card
O00953,C0393,P059,2024-09-25,2,0.0,PayFast
O00954,C0252,P016,2026-06-13,1,0.1,EFT
O00955,C0154,P051,2025-06-17,1,0.05,Card
O00956,C0346,P037,2025-05-14,1,0.1,Card
O00957,C0736,P054,2025-09-13,2,0.0,PayFast
O00958,C0756,P005,2024-03-22,1,0.0,Card
O00959,C0646,P067,2024-09-13,3,0.05,Card
O00960,C0237,P074,2026-02-23,5,0.0,PayFast
O00961,C0574,P025,2024-05-18,2,0.05,Card
O00962,C0559,P074,2025-11-18,1,0.2,Card
O00963,C0483,P023,2024-12-20,1,0.0,Card
O00964,C0538,P030,2025-05-20,1,0.15,EFT
O00965,C0488,P074,2025-02-07,3,0.15,EFT
O00966,C0553,P034,2025-04-17,3,0.0,Card
O00967,C0710,P012,2026-02-10,1,0.05,EFT
O00968,C0102,P076,2025-02-16,1,0.1,EFT
O00969,C0746,P011,2025-10-21,2,0.0,Cash on Delivery
O00970,C0129,P059,2025-08-07,2,0.1,Card
O00971,C0063,P029,2026-01-02,1,0.05,Card
O00972,C0978,P049,2026-06-26,3,0.1,Card
O00973,C0954,P019,2026-02-19,2,0.1,EFT
O00974,C0058,P014,2024-11-14,1,0.2,Card
O00975,C0450,P019,2024-02-24,1,0.15,Card
O00976,C0175,P064,2025-01-08,3,0.2,Card
O00977,C0483,P013,2025-11-12,2,0.0,Card
O00978,C0834,P010,2024-03-29,1,0.05,PayFast
O00979,C0948,P058,2025-08-25,3,0.0,Card
O00980,C0616,P023,2025-11-14,2,0.1,PayFast
O00981,C0351,P016,2025-03-27,5,0.25,EFT
O00982,C0590,P077,2026-03-16,2,0.0,Cash on Delivery
O00983,C0317,P016,2024-06-22,1,0.0,Card
O00984,C0910,P066,2024-05-06,3,0.0,Card
O00985,C0872,P028,2026-02-16,1,0.0,Card
O00986,C0545,P017,2025-08-24,1,0.05,PayFast
O00987,C0328,P045,2026-01-20,2,0.1,EFT
O00988,C0291,P064,2025-07-02,1,0.2,PayFast
O00989,C0033,P033,2024-12-21,1,0.1,PayFast
O00990,C0819,P036,2026-04-16,4,0.0,Cash on Delivery
O00991,C0455,P076,2026-04-04,1,0.1,PayFast
O00992,C0329,P063,2026-01-24,1,0.05,EFT
O00993,C0468,P035,2025-01-19,3,0.1,EFT
O00994,C0822,P055,2025-11-08,1,0.05,PayFast
O00995,C0114,P009,2025-04-23,1,0.15,PayFast
O00996,C0861,P033,2024-05-31,2,0.0,PayFast
O00997,C0902,P068,2026-06-15,1,0.0,Card
O00998,C0946,P042,2024-08-04,1,0.0,Card
O00999,C0399,P028,2026-07-04,2,0.05,Cash on Delivery
O01000,C0217,P016,2025-07-12,1,0.1,Cash on Delivery
O01001,C0379,P028,2024-10-07,2,0.1,PayFast
O01002,C0335,P072,2025-10-01,1,0.0,Card
O01003,C0161,P028,2026-05-19,1,0.0,EFT
O01004,C0594,P010,2026-02-19,2,0.1,EFT
O01005,C0476,P056,2026-04-08,1,0.0,Card
O01006,C0868,P064,2025-12-30,2,0.25,Card
O01007,C0031,P016,2026-01-22,2,0.1,EFT
O01008,C0621,P031,2026-05-05,2,0.0,EFT
O01009,C0764,P074,2024-12-25,5,0.2,Card
O01010,C0762,P052,2025-08-19,1,0.05,EFT
O01011,C0892,P044,2024-11-21,2,0.0,Card
O01012,C0720,P054,2026-07-25,2,0.0,Cash on Delivery
O01013,C0928,P052,2026-06-30,1,0.1,EFT
O01014,C0335,P007,2024-03-09,1,0.1,EFT
O01015,C0497,P016,2026-02-01,3,0.2,Card
O01016,C0015,P029,2026-06-19,1,0.0,Card
O01017,C0007,P042,2024-10-02,3,0.1,Card
O01018,C0244,P012,2025-10-22,1,0.2,Card
O01019,C0095,P069,2026-06-14,5,0.2,PayFast
O01020,C0258,P034,2024-02-29,3,0.0,Card
O01021,C0164,P039,2026-01-26,1,0.0,EFT
O01022,C0027,P049,2025-02-16,1,0.0,Card
O01023,C0910,P059,2026-06-19,1,0.0,Card
O01024,C0007,P075,2026-07-15,3,0.25,Card
O01025,C0728,P058,2026-06-30,2,0.05,Card
O01026,C0142,P062,2025-08-06,2,0.25,Card
O01027,C0911,P062,2026-05-13,1,0.0,Card
O01028,C0900,P011,2026-05-02,1,0.15,Card
O01029,C0630,P027,2025-03-11,2,0.0,EFT
O01030,C0656,P028,2026-04-22,1,0.0,PayFast
O01031,C0004,P025,2024-03-05,2,0.0,PayFast
O01032,C0988,P068,2025-11-13,2,0.0,PayFast
O01033,C0885,P059,2024-12-02,2,0.15,Card
O01034,C0900,P017,2024-07-12,1,0.05,PayFast
O01035,C0637,P066,2024-05-09,1,0.05,Card
O01036,C0345,P055,2026-01-25,1,0.0,PayFast
O01037,C0900,P014,2025-04-02,1,0.15,Cash on Delivery
O01038,C0291,P031,2026-02-14,1,0.05,Card
O01039,C0551,P061,2024-04-21,2,0.05,Card
O01040,C0094,P071,2025-03-07,1,0.05,Card
O01041,C0920,P065,2025-09-29,1,0.0,Card
O01042,C0133,P048,2026-03-29,1,0.1,Cash on Delivery
O01043,C0224,P055,2025-03-11,1,0.0,Card
O01044,C0545,P036,2025-12-05,2,0.05,Card
O01045,C0766,P007,2026-05-27,2,0.2,Card
O01046,C0606,P007,2025-11-28,3,0.05,Card
O01047,C0234,P069,2024-12-05,1,0.0,EFT
O01048,C0001,P052,2024-02-13,1,0.0,Cash on Delivery
O01049,C0756,P035,2026-05-18,2,0.0,Card
O01050,C0988,P037,2024-02-07,2,0.0,Card
O01051,C0813,P024,2026-05-21,2,0.1,EFT
O01052,C0462,P040,2025-09-21,3,0.1,Card
O01053,C0906,P009,2026-06-27,1,0.0,EFT
O01054,C0412,P002,2026-04-03,2,0.05,Card
O01055,C0516,P034,2026-07-30,3,0.0,Cash on Delivery
O01056,C0476,P002,2025-04-13,2,0.25,EFT
O01057,C0454,P063,2026-03-14,3,0.05,Card
O01058,C0777,P003,2025-06-01,2,0.25,PayFast
O01059,C0517,P068,2025-08-11,2,0.1,Cash on Delivery
O01060,C0319,P013,2025-12-07,1,0.1,EFT
O01061,C0257,P045,2026-05-20,5,0.0,EFT
O01062,C0038,P047,2026-07-23,2,0.15,Card
O01063,C0568,P043,2026-03-15,3,0.1,PayFast
O01064,C0233,P077,2025-06-16,2,0.0,EFT
O01065,C0138,P003,2025-06-19,1,0.05,Card
O01066,C0630,P019,2026-02-22,1,0.0,EFT
O01067,C0667,P056,2024-12-12,1,0.1,Card
O01068,C0754,P049,2024-06-28,2,0.25,PayFast
O01069,C0497,P070,2025-04-16,3,0.05,PayFast
O01070,C0900,P068,2025-02-05,1,0.2,Card
O01071,C0936,P043,2025-02-15,1,0.05,PayFast
O01072,C0808,P040,2024-12-06,1,0.05,Cash on Delivery
O01073,C0616,P016,2024-03-14,1,0.05,PayFast
O01074,C0301,P045,2024-02-01,1,0.25,EFT
O01075,C0986,P019,2026-07-25,2,0.0,PayFast
O01076,C0274,P072,2025-06-25,2,0.0,Card
O01077,C0193,P038,2025-05-16,1,0.0,Card
O01078,C0448,P076,2026-01-13,1,0.05,Card
O01079,C0054,P046,2024-11-18,2,0.0,Card
O01080,C0981,P045,2026-07-04,3,0.1,EFT
O01081,C0575,P072,2026-03-26,1,0.0,Card
O01082,C0544,P026,2024-05-28,1,0.2,Card
O01083,C0634,P005,2025-06-16,2,0.05,PayFast
O01084,C0494,P050,2026-05-23,1,0.25,Card
O01085,C0031,P034,2026-07-01,4,0.05,Card
O01086,C0598,P056,2025-07-31,2,0.0,EFT
O01087,C0711,P026,2025-11-26,1,0.05,Card
O01088,C0418,P040,2024-09-14,1,0.05,EFT
O01089,C0756,P070,2026-07-27,1,0.1,PayFast
O01090,C0229,P013,2024-12-04,1,0.05,Card
O01091,C0221,P046,2026-06-29,2,0.05,Card
O01092,C0151,P053,2025-12-23,2,0.2,Card
O01093,C0375,P054,2025-11-22,1,0.0,PayFast
O01094,C0847,P032,2025-09-07,2,0.05,EFT
O01095,C0831,P073,2024-12-02,3,0.0,PayFast
O01096,C0387,P017,2024-09-26,1,0.0,PayFast
O01097,C0575,P067,2024-11-20,2,0.0,Card
O01098,C0715,P014,2024-10-09,1,0.0,Card
O01099,C0246,P062,2026-03-22,2,0.15,Card
O01100,C0155,P075,2025-04-12,2,0.1,Card
O01101,C0972,P027,2024-04-09,2,0.05,PayFast
O01102,C0603,P018,2026-07-14,1,0.1,PayFast
O01103,C0983,P039,2026-05-26,2,0.1,PayFast
O01104,C0337,P063,2026-06-21,2,0.0,Card
O01105,C0697,P020,2026-07-29,2,0.0,Card
O01106,C0224,P027,2024-09-23,1,0.0,EFT
O01107,C0258,P051,2025-05-27,1,0.0,Card
O01108,C0504,P024,2026-03-08,3,0.15,EFT
O01109,C0323,P057,2026-01-25,3,0.1,Card
O01110,C0155,P003,2024-08-28,1,0.15,EFT
O01111,C0259,P022,2026-04-14,2,0.1,Card
O01112,C0037,P062,2024-11-25,1,0.1,PayFast
O01113,C0699,P064,2024-11-24,1,0.0,Card
O01114,C0488,P014,2025-09-27,2,0.15,Card
O01115,C0091,P037,2025-11-11,2,0.05,Card
O01116,C0160,P039,2025-11-01,1,0.1,EFT
O01117,C0096,P057,2024-05-31,1,0.2,PayFast
O01118,C0599,P060,2026-05-22,3,0.05,Card
O01119,C0091,P021,2025-01-12,1,0.15,EFT
O01120,C0755,P045,2024-07-25,4,0.05,EFT
O01121,C0020,P023,2026-05-29,2,0.05,Cash on Delivery
O01122,C0251,P044,2026-07-07,2,0.15,Card
O01123,C0894,P039,2026-05-13,4,0.0,PayFast
O01124,C0713,P062,2026-04-10,1,0.05,EFT
O01125,C0070,P074,2025-12-27,2,0.05,EFT
O01126,C0822,P034,2025-10-09,1,0.0,PayFast
O01127,C0490,P045,2024-05-24,2,0.15,Card
O01128,C0847,P004,2025-06-07,3,0.0,Card
O01129,C0588,P014,2025-05-04,2,0.1,Card
O01130,C0670,P030,2025-01-05,5,0.15,Cash on Delivery
O01131,C0998,P031,2026-02-13,1,0.15,Cash on Delivery
O01132,C0236,P050,2025-08-24,3,0.05,Card
O01133,C0610,P033,2024-05-15,1,0.15,Card
O01134,C0462,P048,2024-11-20,2,0.15,PayFast
O01135,C0040,P042,2026-01-16,1,0.05,Card
O01136,C0015,P074,2024-05-07,2,0.0,EFT
O01137,C0111,P037,2026-05-06,1,0.1,Card
O01138,C0624,P068,2025-08-24,3,0.0,EFT
O01139,C0556,P013,2025-08-11,1,0.15,PayFast
O01140,C0541,P047,2025-11-10,3,0.05,PayFast
O01141,C0031,P044,2026-04-20,1,0.1,PayFast
O01142,C0465,P068,2025-04-10,2,0.15,EFT
O01143,C0924,P061,2026-01-12,2,0.05,PayFast
O01144,C0399,P018,2025-10-20,3,0.05,EFT
O01145,C0611,P010,2025-01-14,2,0.0,EFT
O01146,C0781,P013,2026-05-23,1,0.0,EFT
O01147,C0785,P043,2026-04-03,1,0.15,Card
O01148,C0509,P033,2025-12-29,1,0.05,PayFast
O01149,C0861,P021,2026-05-06,4,0.0,EFT
O01150,C0395,P067,2026-05-16,4,0.05,Card
O01151,C0893,P008,2026-02-02,2,0.15,EFT
O01152,C0244,P034,2026-04-28,2,0.0,Card
O01153,C0282,P026,2026-01-26,1,0.1,Card
O01154,C0053,P071,2026-01-14,3,0.0,Cash on Delivery
O01155,C0801,P008,2025-11-30,1,0.0,PayFast
O01156,C0418,P005,2026-03-04,1,0.0,Card
O01157,C0232,P011,2024-09-03,3,0.05,Card
O01158,C0234,P006,2026-05-24,1,0.05,Card
O01159,C0904,P045,2026-05-19,1,0.0,PayFast
O01160,C0837,P030,2024-02-21,1,0.0,Cash on Delivery
O01161,C0541,P026,2026-04-21,2,0.15,EFT
O01162,C0602,P003,2024-07-24,2,0.0,Cash on Delivery
O01163,C0475,P017,2025-03-28,1,0.05,Card
O01164,C0395,P057,2026-02-26,1,0.1,PayFast
O01165,C0913,P046,2024-09-06,1,0.05,Card
O01166,C0115,P030,2026-04-16,1,0.0,Card
O01167,C0419,P069,2026-04-24,2,0.25,Card
O01168,C0345,P032,2025-09-03,3,0.0,Card
O01169,C0494,P024,2024-01-12,1,0.0,EFT
O01170,C0461,P032,2025-02-05,5,0.0,Card
O01171,C0509,P016,2025-11-29,2,0.0,PayFast
O01172,C0132,P027,2026-07-21,2,0.1,Card
O01173,C0504,P029,2025-12-10,1,0.0,Card
O01174,C0248,P071,2025-01-05,1,0.1,EFT
O01175,C0173,P035,2025-12-11,1,0.05,Card
O01176,C0063,P045,2025-09-30,4,0.1,EFT
O01177,C0764,P036,2026-03-22,1,0.2,PayFast
O01178,C0432,P067,2024-06-23,1,0.1,Card
O01179,C0612,P048,2026-03-10,2,0.1,Card
O01180,C0719,P031,2025-10-01,2,0.1,EFT
O01181,C0666,P015,2026-07-11,1,0.15,Card
O01182,C0467,P076,2025-04-04,1,0.15,Card
O01183,C0393,P036,2025-12-10,3,0.05,Card
O01184,C0383,P049,2026-06-23,1,0.0,Card
O01185,C0618,P024,2024-06-16,2,0.05,EFT
O01186,C0491,P005,2026-06-26,2,0.0,Card
O01187,C0848,P078,2026-01-19,3,0.0,PayFast
O01188,C0878,P034,2024-04-24,3,0.05,Cash on Delivery
O01189,C0159,P044,2025-02-20,2,0.1,PayFast
O01190,C0129,P008,2026-02-02,3,0.05,PayFast
O01191,C0613,P037,2024-04-24,3,0.2,EFT
O01192,C0300,P074,2025-11-02,2,0.1,Card
O01193,C0019,P049,2025-04-08,2,0.25,Card
O01194,C0893,P002,2025-12-02,1,0.1,Card
O01195,C0229,P032,2024-03-20,3,0.0,EFT
O01196,C0930,P005,2026-05-19,2,0.05,EFT
O01197,C0711,P078,2026-07-17,1,0.0,EFT
O01198,C0764,P034,2026-07-14,3,0.05,Card
O01199,C0191,P002,2026-03-02,2,0.25,EFT
O01200,C0237,P072,2024-07-26,1,0.0,PayFast
O01201,C0512,P036,2026-03-08,3,0.05,PayFast
O01202,C0160,P057,2024-02-13,1,0.1,Card
O01203,C0303,P064,2024-02-09,1,0.1,Card
O01204,C0326,P007,2025-03-16,1,0.1,Card
O01205,C0148,P065,2025-08-18,3,0.05,Card
O01206,C0197,P030,2026-03-16,1,0.1,Card
O01207,C0791,P033,2026-01-16,1,0.15,PayFast
O01208,C0155,P070,2025-07-12,2,0.1,Card
O01209,C0027,P010,2025-01-21,2,0.0,Card
O01210,C0613,P027,2026-07-30,1,0.05,PayFast
O01211,C0978,P054,2025-06-24,1,0.05,Card
O01212,C0333,P004,2025-07-17,1,0.1,Card
O01213,C0110,P053,2024-09-10,3,0.05,PayFast
O01214,C0559,P038,2026-04-01,2,0.0,Card
O01215,C0909,P020,2026-01-23,4,0.0,EFT
O01216,C0785,P041,2024-11-21,2,0.1,EFT
O01217,C0610,P075,2024-05-17,2,0.2,Card
O01218,C0318,P075,2026-01-14,1,0.1,Card
O01219,C0531,P011,2025-12-26,4,0.2,PayFast
O01220,C0090,P073,2025-01-21,2,0.05,EFT
O01221,C0665,P054,2026-07-04,2,0.0,PayFast
O01222,C0718,P007,2024-08-24,2,0.1,EFT
O01223,C0962,P041,2025-06-30,1,0.15,Card
O01224,C0258,P032,2026-06-30,1,0.1,PayFast
O01225,C0019,P030,2025-06-18,2,0.1,Card
O01226,C0534,P031,2025-12-15,1,0.2,Card
O01227,C0701,P011,2025-05-28,1,0.05,PayFast
O01228,C0791,P062,2025-01-22,2,0.05,Card
O01229,C0184,P073,2026-07-23,3,0.25,PayFast
O01230,C0258,P032,2025-06-08,3,0.05,EFT
O01231,C0504,P018,2026-06-01,2,0.1,Card
O01232,C0333,P016,2024-12-02,1,0.05,PayFast
O01233,C0863,P074,2024-11-11,2,0.15,Card
O01234,C0475,P024,2024-02-24,3,0.0,Card
O01235,C0804,P034,2025-12-24,3,0.1,EFT
O01236,C0567,P013,2025-04-30,1,0.0,Card
O01237,C0775,P022,2026-05-14,5,0.0,PayFast
O01238,C0335,P050,2025-08-05,4,0.05,Card
O01239,C0835,P072,2026-07-14,1,0.0,Card
O01240,C0275,P044,2024-10-08,2,0.1,PayFast
O01241,C0534,P006,2026-05-17,1,0.2,PayFast
O01242,C0212,P053,2026-03-20,2,0.1,Card
O01243,C0475,P062,2026-03-16,2,0.1,Cash on Delivery
O01244,C0322,P076,2026-05-02,4,0.2,Card
O01245,C0263,P001,2026-03-10,2,0.05,EFT
O01246,C0965,P049,2025-12-06,1,0.0,Cash on Delivery
O01247,C0148,P036,2024-07-28,4,0.0,Card
O01248,C0789,P044,2024-02-27,1,0.05,EFT
O01249,C0988,P066,2026-06-17,3,0.05,Card
O01250,C0020,P041,2025-11-29,3,0.2,Card
O01251,C0696,P027,2026-04-02,1,0.0,PayFast
O01252,C0252,P041,2025-08-12,1,0.0,Card
O01253,C0040,P036,2024-07-08,2,0.0,Card
O01254,C0402,P034,2024-07-19,5,0.1,PayFast
O01255,C0935,P036,2026-01-18,1,0.0,PayFast
O01256,C0011,P022,2025-06-28,1,0.2,PayFast
O01257,C0573,P070,2024-10-27,2,0.0,EFT
O01258,C0496,P004,2025-08-21,1,0.0,PayFast
O01259,C0875,P055,2024-04-19,2,0.05,PayFast
O01260,C0085,P038,2025-11-02,4,0.1,PayFast
O01261,C0669,P016,2025-01-16,1,0.05,Card
O01262,C0667,P018,2026-04-03,5,0.1,Card
O01263,C0649,P046,2025-03-02,3,0.1,Card
O01264,C0943,P010,2025-07-20,1,0.05,Card
O01265,C0825,P066,2024-01-21,2,0.0,EFT
O01266,C0040,P005,2024-05-02,1,0.2,Cash on Delivery
O01267,C0468,P041,2025-05-23,1,0.05,PayFast
O01268,C0400,P005,2025-08-11,4,0.1,Card
O01269,C0314,P076,2025-11-16,1,0.2,EFT
O01270,C0457,P034,2025-02-10,2,0.05,Card
O01271,C0388,P064,2026-01-24,1,0.0,PayFast
O01272,C0435,P067,2026-05-12,3,0.1,Card
O01273,C0981,P009,2026-03-22,2,0.1,Cash on Delivery
O01274,C0087,P005,2024-03-10,1,0.0,Card
O01275,C0921,P075,2025-08-11,1,0.0,EFT
O01276,C0480,P024,2024-06-20,3,0.15,PayFast
O01277,C0610,P063,2024-12-16,2,0.1,EFT
O01278,C0834,P070,2026-07-24,2,0.0,Card
O01279,C0361,P037,2024-08-12,1,0.05,Card
O01280,C0435,P055,2025-08-27,1,0.05,Card
O01281,C0411,P015,2025-11-30,1,0.05,Card
O01282,C0380,P062,2026-01-29,3,0.15,EFT
O01283,C0924,P031,2025-10-16,1,0.0,Card
O01284,C0833,P053,2024-01-18,1,0.1,Card
O01285,C0102,P041,2025-03-19,1,0.15,Card
O01286,C0102,P034,2025-09-12,4,0.0,Cash on Delivery
O01287,C0434,P044,2024-05-25,2,0.0,Card
O01288,C0094,P029,2025-04-12,2,0.0,Card
O01289,C0605,P015,2024-02-28,4,0.1,Card
O01290,C0133,P078,2024-05-11,2,0.2,Card
O01291,C0513,P049,2025-05-28,1,0.1,PayFast
O01292,C0007,P071,2024-07-30,1,0.0,Card
O01293,C0319,P069,2025-10-22,1,0.0,EFT
O01294,C0662,P030,2026-01-20,1,0.0,Card
O01295,C0483,P053,2026-04-05,1,0.1,PayFast
O01296,C0981,P005,2024-10-26,3,0.1,EFT
O01297,C0875,P065,2024-09-15,1,0.05,Card
O01298,C0358,P039,2024-06-19,1,0.1,EFT
O01299,C0041,P005,2025-12-13,1,0.0,Cash on Delivery
O01300,C0847,P052,2026-02-01,1,0.1,Card
O01301,C0910,P011,2024-02-25,1,0.05,Cash on Delivery
O01302,C0822,P054,2026-06-26,1,0.1,EFT
O01303,C0119,P020,2024-03-30,1,0.05,Card
O01304,C1000,P078,2025-10-01,3,0.1,Card
O01305,C0258,P003,2026-02-03,1,0.05,Card
O01306,C0716,P074,2026-05-18,2,0.0,Card
O01307,C0910,P053,2026-02-06,2,0.05,PayFast
O01308,C0238,P069,2026-04-05,2,0.05,PayFast
O01309,C0910,P051,2025-04-01,4,0.1,Cash on Delivery
O01310,C0312,P058,2026-04-14,1,0.25,Card
O01311,C0979,P030,2024-05-14,1,0.05,Card
O01312,C0282,P040,2026-06-02,1,0.15,PayFast
O01313,C0950,P013,2025-10-06,2,0.0,PayFast
O01314,C0053,P076,2026-04-15,1,0.0,EFT
O01315,C0702,P061,2025-07-18,2,0.15,Cash on Delivery
O01316,C0520,P008,2025-12-18,3,0.0,Card
O01317,C0478,P044,2025-09-19,3,0.0,EFT
O01318,C0224,P077,2026-02-18,1,0.0,EFT
O01319,C0700,P072,2024-05-16,3,0.05,Card
O01320,C0184,P031,2024-04-13,1,0.1,EFT
O01321,C0540,P011,2024-12-22,4,0.05,Card
O01322,C0252,P017,2024-09-04,3,0.0,Cash on Delivery
O01323,C0952,P022,2026-05-19,1,0.15,Card
O01324,C0027,P055,2024-11-19,2,0.1,EFT
O01325,C0191,P018,2026-07-18,2,0.05,Card
O01326,C0248,P038,2025-03-29,1,0.25,Cash on Delivery
O01327,C0413,P035,2024-10-04,2,0.1,Card
O01328,C0236,P022,2026-03-29,1,0.05,Card
O01329,C0486,P048,2025-12-29,2,0.0,EFT
O01330,C0875,P043,2025-08-26,4,0.1,PayFast
O01331,C0706,P018,2025-10-12,1,0.1,EFT
O01332,C0566,P041,2026-02-10,1,0.0,Card
O01333,C0088,P001,2024-11-30,1,0.0,EFT
O01334,C0685,P069,2026-07-29,2,0.0,EFT
O01335,C0154,P077,2026-07-18,1,0.05,EFT
O01336,C0788,P029,2025-12-23,1,0.0,Card
O01337,C0251,P037,2024-10-26,3,0.15,EFT
O01338,C0418,P040,2026-01-14,1,0.1,PayFast
O01339,C0347,P072,2024-05-01,2,0.1,Card
O01340,C0862,P020,2024-02-24,1,0.0,Card
O01341,C0117,P073,2025-01-03,1,0.1,EFT
O01342,C0553,P050,2025-07-27,1,0.1,EFT
O01343,C0133,P036,2026-05-17,4,0.1,EFT
O01344,C0699,P061,2026-02-15,1,0.0,Card
O01345,C0908,P028,2026-02-26,1,0.15,Card
O01346,C0439,P022,2025-06-23,2,0.0,Card
O01347,C0484,P007,2025-04-08,1,0.15,Card
O01348,C0927,P061,2025-05-03,1,0.05,Card
O01349,C0512,P072,2026-07-25,1,0.1,Cash on Delivery
O01350,C0484,P046,2024-03-10,1,0.05,EFT
O01351,C0564,P078,2026-05-16,3,0.2,PayFast
O01352,C0678,P036,2025-10-31,2,0.15,EFT
O01353,C0101,P063,2025-07-05,2,0.0,Card
O01354,C0822,P056,2026-02-14,2,0.0,PayFast
O01355,C0440,P060,2025-08-16,3,0.0,Card
O01356,C0070,P072,2026-05-20,3,0.2,Card
O01357,C0788,P048,2026-06-05,1,0.1,Card
O01358,C0384,P057,2025-06-20,1,0.0,EFT
O01359,C0095,P043,2025-01-24,1,0.05,Card
O01360,C0616,P002,2025-11-10,2,0.0,Card
O01361,C0886,P062,2026-06-12,1,0.25,Cash on Delivery
O01362,C0893,P036,2024-11-08,2,0.25,PayFast
O01363,C0955,P061,2025-12-03,5,0.1,EFT
O01364,C0871,P061,2025-12-10,2,0.1,EFT
O01365,C0002,P014,2026-02-19,1,0.0,PayFast
O01366,C0387,P020,2024-07-28,2,0.0,PayFast
O01367,C0822,P011,2026-02-08,1,0.15,Card
O01368,C0368,P008,2026-06-10,1,0.15,Card
O01369,C0588,P025,2024-09-30,2,0.1,Card
O01370,C0593,P041,2024-12-11,3,0.0,PayFast
O01371,C0366,P047,2026-07-16,2,0.2,Card
O01372,C0907,P008,2024-10-02,1,0.15,EFT
O01373,C0497,P035,2026-05-08,1,0.05,Card
O01374,C0465,P026,2025-08-21,2,0.05,EFT
O01375,C1000,P001,2024-12-22,1,0.05,Card
O01376,C0491,P060,2026-05-18,2,0.1,EFT
O01377,C0166,P060,2025-07-11,1,0.2,Card
O01378,C0504,P012,2025-09-09,1,0.05,PayFast
O01379,C0816,P022,2025-04-21,3,0.0,Card
O01380,C0777,P011,2025-11-11,3,0.2,Card
O01381,C0791,P025,2024-09-09,2,0.1,Card
O01382,C0701,P049,2025-05-22,2,0.0,Card
O01383,C0252,P041,2026-07-15,1,0.15,Card
O01384,C0863,P026,2025-01-03,1,0.0,EFT
O01385,C0900,P034,2025-12-28,1,0.05,Card
O01386,C0184,P067,2025-03-17,1,0.1,PayFast
O01387,C0123,P005,2026-03-18,4,0.05,Card
O01388,C0978,P073,2024-07-27,1,0.1,Card
O01389,C0871,P037,2026-07-15,1,0.1,EFT
O01390,C0900,P035,2025-07-19,1,0.1,Card
O01391,C0893,P060,2024-12-09,1,0.2,EFT
O01392,C0531,P024,2024-05-03,2,0.05,Card
O01393,C0622,P073,2024-09-18,1,0.05,Card
O01394,C0534,P014,2025-09-13,2,0.15,Card
O01395,C0049,P054,2025-03-30,2,0.0,PayFast
O01396,C0740,P024,2026-04-22,4,0.0,EFT
O01397,C0497,P024,2025-06-28,3,0.05,EFT
O01398,C0624,P076,2024-12-24,2,0.05,Card
O01399,C0496,P032,2025-11-29,1,0.05,Card
O01400,C0488,P052,2026-02-01,1,0.25,PayFast
O01401,C0160,P065,2024-09-14,1,0.05,Card
O01402,C0281,P074,2024-09-15,1,0.0,EFT
O01403,C0148,P039,2024-03-05,3,0.25,PayFast
O01404,C0188,P026,2026-02-22,4,0.05,Card
O01405,C0974,P043,2026-01-02,3,0.0,Card
O01406,C0143,P019,2025-08-06,3,0.05,Card
O01407,C0267,P001,2026-05-02,2,0.0,Card
O01408,C0577,P040,2026-04-08,1,0.0,Card
O01409,C0595,P012,2025-11-05,2,0.0,EFT
O01410,C0145,P048,2026-05-17,1,0.0,Card
O01411,C0797,P071,2024-11-02,2,0.1,PayFast
O01412,C0787,P049,2024-06-30,3,0.1,Cash on Delivery
O01413,C0241,P013,2025-01-17,1,0.0,PayFast
O01414,C0287,P052,2024-04-07,3,0.15,PayFast
O01415,C0938,P055,2025-09-23,2,0.05,Card
O01416,C0827,P076,2026-06-26,1,0.15,Card
O01417,C0692,P031,2024-03-09,1,0.0,PayFast
O01418,C0080,P077,2024-07-15,3,0.2,EFT
O01419,C0419,P018,2025-07-17,2,0.0,Card
O01420,C0546,P012,2026-06-24,1,0.1,Card
O01421,C0178,P037,2025-03-08,1,0.1,EFT
O01422,C0455,P034,2025-09-03,4,0.05,Card
O01423,C0588,P067,2024-03-13,3,0.05,Card
O01424,C0330,P013,2024-08-20,2,0.05,PayFast
O01425,C0782,P021,2026-07-24,1,0.05,Card
O01426,C0842,P059,2026-07-12,1,0.1,EFT
O01427,C0328,P055,2024-01-09,3,0.0,Card
O01428,C0841,P015,2026-07-05,2,0.15,EFT
O01429,C0097,P048,2025-12-15,3,0.1,PayFast
O01430,C0839,P047,2026-05-16,1,0.0,Card
O01431,C0143,P050,2025-07-20,3,0.0,Card
O01432,C0083,P076,2025-09-10,1,0.05,EFT
O01433,C0621,P059,2025-08-18,1,0.05,Card
O01434,C0469,P063,2026-01-04,2,0.0,EFT
O01435,C0910,P048,2024-08-08,1,0.0,Card
O01436,C0365,P004,2024-02-22,2,0.0,Card
O01437,C0286,P003,2025-02-27,1,0.0,Card
O01438,C0496,P015,2026-01-31,1,0.0,Cash on Delivery
O01439,C0460,P032,2024-10-28,1,0.05,Card
O01440,C0345,P019,2026-01-09,2,0.05,Card
O01441,C0684,P059,2026-07-15,2,0.0,PayFast
O01442,C0762,P068,2024-06-03,2,0.0,Card
O01443,C0852,P005,2026-01-08,1,0.25,EFT
O01444,C0973,P013,2025-07-10,1,0.25,Card
O01445,C0263,P039,2026-05-17,1,0.0,PayFast
O01446,C0711,P033,2024-09-27,2,0.1,Card
O01447,C0397,P056,2026-01-23,4,0.1,EFT
O01448,C0662,P039,2026-04-28,2,0.05,Cash on Delivery
O01449,C0476,P007,2026-06-30,1,0.05,Cash on Delivery
O01450,C0998,P056,2026-01-16,1,0.1,Card
O01451,C0720,P065,2025-08-25,2,0.1,PayFast
O01452,C0948,P037,2025-11-29,1,0.05,Card
O01453,C0838,P054,2026-05-17,2,0.0,EFT
O01454,C0905,P041,2025-10-24,1,0.0,Cash on Delivery
O01455,C0817,P029,2024-02-23,1,0.0,Cash on Delivery
O01456,C0461,P059,2026-06-23,2,0.1,Card
O01457,C0252,P050,2026-01-20,2,0.05,Card
O01458,C0374,P041,2026-01-11,1,0.05,EFT
O01459,C0020,P064,2024-11-14,1,0.1,EFT
O01460,C0514,P033,2025-12-30,1,0.1,EFT
O01461,C0497,P011,2025-05-25,2,0.05,Card
O01462,C0517,P027,2025-12-24,2,0.05,Card
O01463,C0976,P041,2024-06-22,2,0.05,Card
O01464,C0910,P075,2025-12-29,1,0.05,Card
O01465,C0151,P003,2026-07-31,3,0.0,Cash on Delivery
O01466,C0372,P031,2024-03-24,1,0.05,Card
O01467,C0428,P016,2026-07-19,1,0.0,PayFast
O01468,C0361,P074,2025-06-06,1,0.15,Cash on Delivery
O01469,C0804,P052,2026-05-18,2,0.05,Card
O01470,C0514,P077,2026-03-24,1,0.1,EFT
O01471,C0560,P041,2025-10-21,2,0.05,Card
O01472,C0852,P052,2026-02-23,2,0.05,PayFast
O01473,C0806,P058,2026-05-23,1,0.15,Card
O01474,C0128,P001,2025-06-03,2,0.0,EFT
O01475,C0708,P023,2025-03-19,2,0.0,EFT
O01476,C0439,P054,2026-01-05,5,0.05,EFT
O01477,C0292,P029,2026-04-09,1,0.1,PayFast
O01478,C0047,P077,2026-03-11,2,0.05,Card
O01479,C0484,P032,2026-04-03,1,0.1,EFT
O01480,C0353,P048,2025-07-02,1,0.1,Cash on Delivery
O01481,C0252,P050,2026-04-16,2,0.15,PayFast
O01482,C0686,P021,2024-07-12,2,0.1,Card
O01483,C0773,P061,2025-10-03,4,0.2,Card
O01484,C0249,P038,2024-01-11,1,0.0,EFT
O01485,C0047,P059,2025-03-17,1,0.1,PayFast
O01486,C0848,P023,2025-04-28,5,0.05,Card
O01487,C0011,P078,2025-05-27,3,0.15,PayFast
O01488,C0938,P032,2026-01-25,2,0.25,Card
O01489,C0612,P005,2025-05-20,2,0.05,EFT
O01490,C0326,P061,2025-07-14,3,0.0,Card
O01491,C0250,P034,2024-12-11,3,0.05,Cash on Delivery
O01492,C0009,P078,2025-05-05,2,0.05,Card
O01493,C0238,P062,2024-11-28,3,0.0,PayFast
O01494,C0131,P006,2024-05-03,1,0.1,EFT
O01495,C0598,P057,2025-11-19,1,0.0,Card
O01496,C0154,P034,2026-01-05,3,0.05,Cash on Delivery
O01497,C0518,P022,2025-12-01,1,0.1,Card
O01498,C0575,P032,2025-07-27,3,0.0,Card
O01499,C0296,P010,2025-05-11,2,0.1,Cash on Delivery
O01500,C0035,P034,2026-05-14,1,0.1,Card
O01501,C0038,P058,2025-09-13,2,0.05,EFT
O01502,C0025,P018,2025-08-10,1,0.0,Card
O01503,C0734,P048,2024-02-15,2,0.1,Card
O01504,C0321,P021,2025-04-03,2,0.0,Cash on Delivery
O01505,C0801,P038,2025-05-12,1,0.15,Card
O01506,C0435,P078,2025-05-29,1,0.05,EFT
O01507,C0459,P004,2025-11-01,3,0.05,Card
O01508,C0504,P002,2025-09-25,1,0.1,Cash on Delivery
O01509,C0707,P067,2025-11-22,1,0.1,Card
O01510,C0274,P045,2026-03-13,2,0.05,EFT
O01511,C0113,P067,2026-04-12,1,0.15,EFT
O01512,C0543,P022,2026-02-09,3,0.05,EFT
O01513,C0330,P049,2026-07-07,1,0.2,Card
O01514,C0448,P040,2024-02-02,1,0.0,EFT
O01515,C0623,P016,2024-10-21,2,0.05,EFT
O01516,C0491,P002,2024-01-14,3,0.15,Cash on Delivery
O01517,C0607,P068,2025-12-21,3,0.1,Card
O01518,C0533,P005,2026-06-03,1,0.0,Card
O01519,C0735,P009,2024-12-18,1,0.25,PayFast
O01520,C0700,P069,2026-06-20,3,0.25,Card
O01521,C0521,P073,2024-04-12,2,0.0,Cash on Delivery
O01522,C0665,P024,2026-06-25,2,0.1,Card
O01523,C0875,P059,2025-04-13,1,0.25,Card
O01524,C0435,P036,2024-06-15,1,0.0,PayFast
O01525,C0412,P009,2025-08-16,4,0.0,Card
O01526,C0766,P027,2025-01-02,1,0.05,EFT
O01527,C0567,P060,2025-02-02,1,0.15,Card
O01528,C0067,P010,2025-02-27,1,0.0,Card
O01529,C0898,P026,2026-04-06,1,0.05,EFT
O01530,C0030,P039,2025-09-29,2,0.05,PayFast
O01531,C0744,P015,2025-03-03,2,0.05,EFT
O01532,C0760,P076,2025-11-24,3,0.1,EFT
O01533,C0949,P001,2026-02-08,1,0.05,Card
O01534,C0053,P023,2025-01-20,1,0.05,Card
O01535,C0585,P039,2025-06-12,1,0.05,Card
O01536,C0434,P072,2024-07-14,2,0.1,Card
O01537,C0333,P024,2024-10-02,2,0.0,PayFast
O01538,C0090,P061,2026-01-14,2,0.0,Cash on Delivery
O01539,C0551,P039,2024-10-03,1,0.15,Card
O01540,C0479,P069,2025-09-18,3,0.0,Card
O01541,C0100,P030,2026-02-03,1,0.05,Card
O01542,C0599,P068,2024-06-23,2,0.1,PayFast
O01543,C0732,P027,2025-10-22,2,0.0,Card
O01544,C0767,P051,2025-01-02,3,0.15,EFT
O01545,C0908,P021,2026-07-11,1,0.05,EFT
O01546,C0411,P077,2025-08-14,3,0.1,Card
O01547,C0948,P034,2026-04-08,2,0.15,Card
O01548,C0868,P019,2025-10-08,1,0.1,PayFast
O01549,C0295,P041,2024-03-16,1,0.05,Card
O01550,C0148,P054,2025-12-11,1,0.2,Card
O01551,C0439,P053,2026-07-04,1,0.15,PayFast
O01552,C0401,P036,2025-11-17,1,0.1,Card
O01553,C0563,P033,2026-04-16,1,0.05,Card
O01554,C0568,P049,2026-05-26,1,0.05,Card
O01555,C0747,P028,2024-11-29,2,0.05,Card
O01556,C0501,P010,2024-11-10,1,0.0,EFT
O01557,C0100,P076,2025-11-24,2,0.25,Card
O01558,C0861,P050,2025-06-10,2,0.2,EFT
O01559,C0314,P036,2026-04-29,5,0.05,Card
O01560,C0969,P008,2026-06-05,2,0.0,Card
O01561,C0110,P037,2025-04-15,1,0.0,Cash on Delivery
O01562,C0957,P042,2024-12-10,5,0.1,PayFast
O01563,C0090,P020,2026-03-23,2,0.05,EFT
O01564,C0233,P057,2025-01-22,1,0.05,Cash on Delivery
O01565,C0042,P034,2026-04-19,2,0.15,EFT
O01566,C0700,P018,2025-06-22,3,0.0,Cash on Delivery
O01567,C0851,P041,2026-01-05,4,0.05,Cash on Delivery
O01568,C0437,P028,2024-06-06,1,0.05,EFT
O01569,C0930,P043,2025-12-04,1,0.25,Card
O01570,C0575,P078,2025-07-17,2,0.0,Card
O01571,C0613,P053,2025-11-06,1,0.15,Cash on Delivery
O01572,C0847,P068,2024-09-15,1,0.25,Card
O01573,C0295,P073,2026-02-22,1,0.0,EFT
O01574,C0351,P042,2026-05-13,3,0.05,EFT
O01575,C0908,P009,2024-11-16,2,0.05,PayFast
O01576,C0904,P015,2024-06-06,2,0.1,PayFast
O01577,C0979,P012,2024-02-11,2,0.05,EFT
O01578,C0904,P025,2025-12-17,3,0.1,Card
O01579,C0117,P036,2025-11-21,2,0.15,PayFast
O01580,C0825,P020,2025-10-05,2,0.0,EFT
O01581,C0412,P044,2024-12-04,2,0.1,Cash on Delivery
O01582,C0993,P056,2025-05-22,3,0.05,Card
O01583,C0471,P050,2025-11-12,1,0.0,Card
O01584,C0541,P034,2025-08-25,3,0.05,Cash on Delivery
O01585,C0518,P069,2026-07-25,2,0.1,Cash on Delivery
O01586,C0326,P074,2024-08-04,4,0.15,Cash on Delivery
O01587,C0073,P074,2026-01-24,1,0.1,Card
O01588,C0900,P024,2025-06-04,1,0.05,PayFast
O01589,C0804,P006,2025-06-26,3,0.05,PayFast
O01590,C0132,P042,2026-02-09,3,0.2,EFT
O01591,C0777,P026,2026-01-22,1,0.05,Card
O01592,C0612,P028,2026-07-27,3,0.0,PayFast
O01593,C0411,P057,2024-07-24,1,0.2,Card
O01594,C0252,P027,2024-06-19,1,0.05,Card
O01595,C0862,P027,2026-02-13,3,0.05,Card
O01596,C0697,P023,2025-10-30,2,0.05,EFT
O01597,C0537,P021,2025-01-22,3,0.0,EFT
O01598,C0595,P078,2024-05-12,1,0.25,Card
O01599,C0090,P027,2024-05-22,5,0.1,Card
O01600,C0475,P033,2026-06-01,2,0.2,Card
O01601,C0184,P049,2024-10-16,3,0.05,PayFast
O01602,C0203,P046,2025-03-16,1,0.0,Card
O01603,C0639,P039,2024-11-28,1,0.1,EFT
O01604,C0910,P050,2025-04-17,3,0.0,PayFast
O01605,C0402,P042,2024-04-27,1,0.15,Card
O01606,C0203,P002,2025-09-13,1,0.0,EFT
O01607,C0624,P005,2024-04-24,1,0.15,PayFast
O01608,C0873,P038,2026-04-04,1,0.05,Card
O01609,C0743,P023,2024-12-06,1,0.05,Card
O01610,C0871,P024,2025-09-30,1,0.2,Cash on Delivery
O01611,C0525,P004,2026-05-24,2,0.0,EFT
O01612,C0753,P034,2025-12-24,2,0.0,Card
O01613,C0133,P004,2025-09-24,3,0.0,PayFast
O01614,C0346,P053,2025-03-17,1,0.05,EFT
O01615,C0393,P068,2025-03-25,1,0.0,Card
O01616,C0504,P029,2026-01-06,1,0.25,Card
O01617,C0930,P061,2026-07-28,2,0.05,PayFast
O01618,C0875,P057,2026-01-01,1,0.1,EFT
O01619,C0128,P040,2025-10-14,2,0.15,Card
O01620,C0161,P042,2026-02-18,2,0.05,EFT
O01621,C0354,P013,2025-07-29,2,0.1,PayFast
O01622,C0291,P026,2024-04-12,1,0.05,PayFast
O01623,C0601,P019,2025-10-18,1,0.0,Card
O01624,C0905,P052,2026-07-08,1,0.1,Card
O01625,C0959,P033,2024-09-25,1,0.1,Card
O01626,C0630,P060,2026-01-21,2,0.05,EFT
O01627,C0839,P035,2024-10-27,3,0.0,Card
O01628,C0517,P019,2025-09-26,2,0.2,Card
O01629,C0203,P050,2024-06-08,2,0.1,PayFast
O01630,C0515,P002,2025-07-16,1,0.0,Cash on Delivery
O01631,C0542,P021,2026-03-07,1,0.0,EFT
O01632,C0736,P045,2025-04-09,1,0.15,PayFast
O01633,C0220,P052,2026-01-03,2,0.0,EFT
O01634,C0369,P070,2026-04-01,1,0.1,EFT
O01635,C0366,P066,2026-06-20,4,0.0,PayFast
O01636,C0958,P033,2024-12-07,1,0.15,Cash on Delivery
O01637,C0450,P059,2025-05-30,2,0.1,Card
O01638,C0755,P067,2024-08-26,1,0.1,Card
O01639,C0751,P004,2026-07-27,4,0.0,Card
O01640,C0262,P059,2026-06-20,3,0.0,Cash on Delivery
O01641,C0560,P017,2025-09-30,3,0.0,Card
O01642,C0900,P011,2026-05-01,4,0.25,Card
O01643,C0475,P066,2025-09-14,1,0.15,Card
O01644,C0944,P003,2025-12-04,1,0.1,EFT
O01645,C0212,P020,2024-05-27,2,0.05,Card
O01646,C0072,P069,2026-03-06,1,0.0,PayFast
O01647,C0897,P068,2024-07-23,1,0.0,EFT
O01648,C0847,P029,2026-04-21,3,0.1,Card
O01649,C0996,P055,2026-03-24,3,0.0,PayFast
O01650,C0666,P052,2026-02-03,1,0.2,PayFast
O01651,C0938,P061,2024-03-04,2,0.0,PayFast
O01652,C0829,P001,2025-02-22,1,0.1,EFT
O01653,C0846,P027,2025-01-09,4,0.1,PayFast
O01654,C0558,P008,2025-04-22,3,0.0,EFT
O01655,C0387,P021,2024-05-25,3,0.15,PayFast
O01656,C0935,P032,2026-06-26,1,0.0,Card
O01657,C0435,P076,2025-10-11,1,0.15,Card
O01658,C0528,P036,2025-02-25,1,0.05,Cash on Delivery
O01659,C0453,P075,2025-05-28,4,0.0,Card
O01660,C0552,P036,2025-07-13,3,0.0,Card
O01661,C0467,P040,2025-11-16,2,0.1,EFT
O01662,C0044,P030,2025-09-10,2,0.0,Card
O01663,C0887,P059,2026-06-16,1,0.15,Cash on Delivery
O01664,C0450,P044,2025-08-25,3,0.2,Card
O01665,C0575,P033,2026-07-27,1,0.05,EFT
O01666,C0132,P063,2026-05-06,3,0.0,Card
O01667,C0004,P078,2024-11-06,4,0.15,Card
O01668,C0249,P064,2026-06-22,3,0.25,Card
O01669,C0699,P014,2024-07-06,3,0.0,Cash on Delivery
O01670,C0094,P036,2026-04-15,4,0.1,Card
O01671,C0910,P033,2025-05-12,5,0.0,Card
O01672,C0214,P063,2026-05-22,1,0.05,EFT
O01673,C0197,P035,2026-05-17,1,0.1,Cash on Delivery
O01674,C0171,P072,2026-04-08,2,0.05,EFT
O01675,C0015,P049,2026-03-29,1,0.0,PayFast
O01676,C0775,P013,2025-02-24,2,0.0,Cash on Delivery
O01677,C0879,P047,2024-05-15,2,0.1,EFT
O01678,C0600,P051,2025-06-02,2,0.0,EFT
O01679,C0178,P057,2024-09-22,3,0.05,EFT
O01680,C0284,P052,2026-01-24,3,0.1,Cash on Delivery
O01681,C0476,P004,2025-04-08,1,0.0,EFT
O01682,C0951,P043,2026-07-18,1,0.2,PayFast
O01683,C0250,P059,2025-12-17,3,0.0,PayFast
O01684,C0724,P045,2026-04-18,1,0.25,Card
O01685,C0446,P007,2024-07-29,1,0.1,EFT
O01686,C0296,P021,2026-05-13,1,0.1,EFT
O01687,C0460,P042,2026-06-18,2,0.1,Cash on Delivery
O01688,C0068,P023,2025-08-17,3,0.15,Card
O01689,C0804,P069,2025-11-21,2,0.15,Card
O01690,C0249,P040,2026-03-12,1,0.1,EFT
O01691,C0718,P041,2024-09-24,2,0.1,Cash on Delivery
O01692,C0065,P026,2025-08-30,1,0.1,Card
O01693,C0952,P057,2025-05-29,3,0.1,PayFast
O01694,C0184,P042,2024-08-17,1,0.0,Card
O01695,C0888,P065,2025-04-29,2,0.05,Cash on Delivery
O01696,C0813,P069,2024-04-25,1,0.1,Card
O01697,C0966,P012,2024-02-15,1,0.05,PayFast
O01698,C0478,P052,2024-08-02,3,0.0,Card
O01699,C0719,P046,2026-07-11,1,0.2,Card
O01700,C0374,P038,2025-10-08,2,0.25,Card
O01701,C0173,P029,2026-07-13,1,0.0,EFT
O01702,C0450,P036,2025-06-30,1,0.0,EFT
O01703,C0154,P029,2025-03-03,1,0.0,EFT
O01704,C0984,P028,2025-09-02,1,0.0,PayFast
O01705,C0094,P062,2025-07-06,3,0.05,EFT
O01706,C0575,P073,2024-06-21,1,0.0,EFT
O01707,C0612,P052,2025-12-16,2,0.15,PayFast
O01708,C0528,P034,2024-11-15,2,0.25,PayFast
O01709,C0640,P034,2025-12-01,1,0.05,PayFast
O01710,C0108,P031,2025-12-23,1,0.05,PayFast
O01711,C0542,P018,2024-08-25,1,0.15,Cash on Delivery
O01712,C0286,P069,2024-04-14,2,0.0,PayFast
O01713,C0941,P065,2026-03-23,2,0.05,Card
O01714,C0764,P078,2025-07-24,1,0.0,Cash on Delivery
O01715,C0972,P071,2024-04-09,3,0.0,Card
O01716,C0038,P007,2026-07-29,2,0.05,EFT
O01717,C0283,P009,2024-04-08,4,0.0,EFT
O01718,C0187,P072,2026-01-24,2,0.15,EFT
O01719,C0011,P019,2026-07-22,1,0.05,PayFast
O01720,C0248,P036,2024-12-13,2,0.2,Cash on Delivery
O01721,C0665,P077,2024-08-12,2,0.1,PayFast
O01722,C0233,P051,2024-07-14,1,0.05,EFT
O01723,C0498,P039,2025-02-22,1,0.05,PayFast
O01724,C0893,P053,2024-06-14,1,0.05,EFT
O01725,C0684,P041,2026-01-22,3,0.25,Card
O01726,C0397,P046,2024-04-16,2,0.1,Card
O01727,C0376,P009,2025-09-05,2,0.1,Cash on Delivery
O01728,C0459,P032,2026-07-30,5,0.1,PayFast
O01729,C0164,P024,2026-04-13,1,0.2,Cash on Delivery
O01730,C0616,P043,2025-11-27,1,0.2,EFT
O01731,C0366,P050,2025-02-25,3,0.05,EFT
O01732,C0851,P044,2025-12-04,1,0.0,Card
O01733,C0756,P056,2025-09-19,3,0.05,Card
O01734,C0596,P052,2025-06-24,1,0.05,EFT
O01735,C0366,P011,2024-07-27,1,0.1,EFT
O01736,C0203,P003,2026-05-28,3,0.0,EFT
O01737,C0777,P048,2025-07-15,1,0.0,PayFast
O01738,C0484,P002,2024-10-19,1,0.05,Card
O01739,C0224,P073,2025-04-29,2,0.15,PayFast
O01740,C0186,P025,2025-06-13,2,0.05,EFT
O01741,C0154,P045,2026-04-22,1,0.1,Card
O01742,C0777,P048,2026-02-20,2,0.15,Cash on Delivery
O01743,C0232,P023,2026-03-15,2,0.15,Card
O01744,C0517,P005,2024-01-20,4,0.15,Cash on Delivery
O01745,C0457,P016,2025-06-15,3,0.0,Card
O01746,C0566,P045,2025-08-12,2,0.05,Card
O01747,C0882,P013,2024-02-04,2,0.1,PayFast
O01748,C0871,P044,2025-01-05,4,0.2,EFT
O01749,C0457,P050,2026-03-09,3,0.2,EFT
O01750,C0016,P009,2024-08-05,1,0.05,Card
O01751,C0430,P063,2025-09-26,1,0.05,Card
O01752,C0593,P062,2024-11-14,3,0.2,Cash on Delivery
O01753,C0544,P076,2024-01-22,1,0.05,EFT
O01754,C0628,P042,2024-12-15,4,0.05,Cash on Delivery
O01755,C0145,P067,2026-07-18,1,0.05,Card
O01756,C0623,P042,2026-04-05,1,0.1,Card
O01757,C0172,P055,2026-07-09,1,0.05,EFT
O01758,C0751,P063,2025-08-18,1,0.05,EFT
O01759,C0339,P040,2024-06-27,2,0.1,Card
O01760,C0702,P008,2025-10-06,2,0.0,PayFast
O01761,C0044,P040,2025-07-19,3,0.1,EFT
O01762,C0409,P023,2026-05-02,2,0.1,EFT
O01763,C0699,P007,2024-06-10,4,0.05,Card
O01764,C0228,P069,2025-08-18,1,0.15,PayFast
O01765,C0800,P066,2024-08-22,2,0.0,Card
O01766,C0613,P006,2025-03-17,4,0.0,PayFast
O01767,C0573,P029,2026-02-22,2,0.0,Card
O01768,C0351,P027,2025-08-07,2,0.1,Card
O01769,C0480,P049,2025-05-07,1,0.1,PayFast
O01770,C0585,P001,2025-05-25,4,0.1,PayFast
O01771,C0471,P043,2025-07-24,5,0.25,PayFast
O01772,C0695,P048,2026-03-26,4,0.05,Card
O01773,C0437,P077,2026-05-31,1,0.1,PayFast
O01774,C0192,P055,2026-07-07,2,0.1,PayFast
O01775,C0212,P040,2026-03-27,1,0.15,Cash on Delivery
O01776,C0005,P035,2025-03-07,1,0.0,PayFast
O01777,C0300,P049,2026-01-19,1,0.2,PayFast
O01778,C0745,P063,2025-07-04,1,0.0,EFT
O01779,C0798,P006,2024-12-30,2,0.05,EFT
O01780,C0193,P029,2026-04-30,1,0.0,Card
O01781,C0957,P063,2024-03-08,1,0.05,Card
O01782,C0496,P033,2026-06-06,4,0.1,EFT
O01783,C0914,P037,2025-07-26,2,0.0,EFT
O01784,C0701,P014,2025-12-14,3,0.05,PayFast
O01785,C0716,P026,2025-12-30,4,0.05,EFT
O01786,C0086,P017,2026-06-02,2,0.0,EFT
O01787,C0220,P015,2025-12-13,1,0.15,Card
O01788,C0009,P009,2025-11-27,1,0.1,Card
O01789,C0711,P019,2024-04-23,1,0.1,EFT
O01790,C0345,P065,2025-09-12,3,0.0,Card
O01791,C0788,P041,2024-08-23,1,0.0,Card
O01792,C0339,P033,2026-02-22,4,0.05,Card
O01793,C0822,P008,2025-09-07,1,0.0,Card
O01794,C0124,P009,2026-01-14,1,0.1,Card
O01795,C0161,P057,2024-03-13,1,0.05,PayFast
O01796,C0341,P078,2024-05-21,2,0.05,Card
O01797,C0410,P041,2026-02-08,1,0.1,Card
O01798,C0346,P069,2024-05-01,1,0.1,Cash on Delivery
O01799,C0764,P042,2024-04-30,1,0.0,Card
O01800,C0094,P030,2024-01-22,1,0.0,Card
O01801,C0347,P050,2026-07-07,3,0.0,Card
O01802,C0839,P005,2026-02-22,2,0.0,EFT
O01803,C0064,P061,2025-04-15,4,0.1,Card
O01804,C0943,P050,2025-02-15,1,0.1,EFT
O01805,C0988,P033,2025-04-11,1,0.25,EFT
O01806,C0087,P020,2026-03-19,2,0.15,Card
O01807,C0291,P037,2025-12-31,2,0.0,PayFast
O01808,C0376,P033,2024-10-08,3,0.05,Card
O01809,C0777,P039,2024-09-23,1,0.05,Cash on Delivery
O01810,C0583,P070,2024-06-10,3,0.25,Card
O01811,C0621,P046,2025-12-31,1,0.05,PayFast
O01812,C0756,P059,2026-03-12,2,0.05,Card
O01813,C0110,P047,2025-01-11,1,0.1,Card
O01814,C0835,P068,2024-02-07,1,0.0,Card
O01815,C0700,P025,2024-05-17,4,0.1,Cash on Delivery
O01816,C0564,P047,2026-07-14,4,0.05,Cash on Delivery
O01817,C0893,P053,2025-02-14,1,0.0,Card
O01818,C0697,P061,2026-03-15,1,0.1,Card
O01819,C0191,P053,2025-12-05,1,0.0,EFT
O01820,C0434,P021,2025-05-13,2,0.2,Card
O01821,C0491,P057,2024-11-02,1,0.0,EFT
O01822,C0053,P023,2024-07-14,1,0.1,EFT
O01823,C0952,P020,2025-11-27,2,0.05,PayFast
O01824,C0120,P020,2026-03-19,1,0.05,PayFast
O01825,C0692,P017,2025-12-19,3,0.05,EFT
O01826,C0497,P068,2025-09-22,2,0.15,EFT
O01827,C0023,P009,2024-03-14,1,0.0,PayFast
O01828,C0924,P007,2026-07-14,1,0.0,PayFast
O01829,C0851,P046,2026-04-03,1,0.0,Card
O01830,C0514,P009,2025-02-11,1,0.2,EFT
O01831,C0232,P058,2026-07-20,2,0.1,Card
O01832,C0113,P013,2025-11-17,3,0.0,PayFast
O01833,C0365,P021,2025-11-02,1,0.05,EFT
O01834,C0255,P021,2026-03-01,2,0.1,EFT
O01835,C0497,P036,2026-04-12,2,0.2,PayFast
O01836,C0965,P019,2025-12-28,4,0.0,Card
O01837,C0562,P049,2024-07-23,2,0.05,Cash on Delivery
O01838,C0893,P076,2025-03-31,2,0.15,PayFast
O01839,C0628,P075,2026-06-21,2,0.05,Card
O01840,C0475,P063,2024-11-25,4,0.05,PayFast
O01841,C0855,P011,2025-05-04,3,0.0,Card
O01842,C0468,P039,2025-06-29,2,0.2,Card
O01843,C0871,P026,2025-07-06,4,0.0,Cash on Delivery
O01844,C0291,P011,2025-11-26,1,0.25,EFT
O01845,C0120,P076,2026-06-30,1,0.0,PayFast
O01846,C0856,P025,2024-12-14,2,0.25,PayFast
O01847,C0572,P004,2024-07-14,2,0.2,Card
O01848,C0893,P031,2024-10-23,2,0.0,PayFast
O01849,C0938,P044,2026-05-28,1,0.1,Cash on Delivery
O01850,C0053,P059,2025-12-20,2,0.0,Card
O01851,C0496,P002,2025-02-03,2,0.0,Card
O01852,C0381,P061,2026-04-14,1,0.0,EFT
O01853,C0612,P049,2026-05-12,1,0.15,PayFast
O01854,C0796,P055,2026-05-03,1,0.0,PayFast
O01855,C0282,P034,2026-06-16,2,0.05,Card
O01856,C0543,P058,2024-12-28,4,0.0,EFT
O01857,C0701,P041,2026-03-06,3,0.15,Card
O01858,C0128,P017,2025-07-25,3,0.0,Card
O01859,C0816,P048,2026-05-01,1,0.05,Card
O01860,C0593,P012,2026-02-16,3,0.0,Card
O01861,C0947,P044,2026-03-20,3,0.1,Card
O01862,C0340,P059,2025-12-28,2,0.0,EFT
O01863,C0102,P016,2024-09-28,1,0.0,PayFast
O01864,C0497,P011,2025-10-04,1,0.1,Card
O01865,C0087,P056,2026-07-23,3,0.0,Card
O01866,C0968,P011,2026-06-26,1,0.1,Card
O01867,C0040,P026,2024-03-16,2,0.05,Cash on Delivery
O01868,C0755,P061,2024-09-11,1,0.1,PayFast
O01869,C0516,P008,2024-07-28,1,0.05,Card
O01870,C0371,P026,2026-02-15,1,0.15,EFT
O01871,C0063,P025,2026-04-16,2,0.1,Card
O01872,C0609,P024,2024-11-12,3,0.1,Card
O01873,C0568,P051,2025-09-02,2,0.05,EFT
O01874,C0282,P065,2026-04-30,2,0.0,Card
O01875,C0910,P045,2026-02-19,2,0.05,EFT
O01876,C0301,P033,2025-10-02,1,0.0,Card
O01877,C0455,P064,2025-11-09,1,0.1,EFT
O01878,C0531,P056,2025-09-04,1,0.1,Cash on Delivery
O01879,C0095,P002,2025-02-16,5,0.1,Card
O01880,C0930,P047,2025-10-20,2,0.1,PayFast
O01881,C0380,P073,2026-01-20,1,0.15,EFT
O01882,C0078,P062,2026-05-20,1,0.0,EFT
O01883,C0393,P070,2025-12-13,5,0.0,EFT
O01884,C0587,P006,2026-03-10,2,0.05,PayFast
O01885,C0504,P042,2024-09-05,4,0.15,PayFast
O01886,C0686,P060,2025-07-26,3,0.05,Card
O01887,C0053,P050,2024-01-17,1,0.0,Card
O01888,C0283,P041,2024-12-21,1,0.15,Card
O01889,C0822,P047,2026-02-15,1,0.1,EFT
O01890,C0077,P023,2026-07-27,1,0.2,Card
O01891,C0857,P003,2024-06-11,1,0.0,Card
O01892,C0090,P003,2025-06-01,2,0.0,PayFast
O01893,C0837,P071,2026-04-04,1,0.0,EFT
O01894,C0361,P064,2024-10-31,1,0.2,Card
O01895,C0598,P008,2025-10-12,1,0.0,PayFast
O01896,C0143,P062,2026-02-19,2,0.0,EFT
O01897,C0063,P064,2025-11-28,3,0.05,Card
O01898,C0215,P040,2024-10-11,2,0.0,Card
O01899,C0118,P055,2025-04-17,2,0.05,EFT
O01900,C0317,P044,2026-03-25,2,0.15,PayFast
O01901,C0504,P048,2025-10-11,2,0.05,Card
O01902,C0575,P048,2024-01-10,1,0.0,Card
O01903,C0791,P030,2026-03-10,4,0.2,EFT
O01904,C0634,P061,2024-03-02,3,0.05,EFT
O01905,C0594,P043,2026-02-28,2,0.2,PayFast
O01906,C0412,P074,2024-10-29,5,0.0,EFT
O01907,C0475,P031,2026-07-08,3,0.0,EFT
O01908,C0414,P003,2025-04-30,1,0.15,Card
O01909,C0844,P019,2025-03-19,2,0.0,EFT
O01910,C0233,P078,2024-08-21,4,0.2,Cash on Delivery
O01911,C0005,P009,2025-02-25,1,0.1,Cash on Delivery
O01912,C0628,P036,2026-05-22,2,0.05,Cash on Delivery
O01913,C0193,P061,2026-07-29,1,0.1,Card
O01914,C0893,P062,2025-04-30,2,0.1,PayFast
O01915,C0862,P063,2025-07-14,5,0.1,EFT
O01916,C0074,P025,2026-02-12,4,0.05,Card
O01917,C0101,P008,2026-05-27,2,0.0,Cash on Delivery
O01918,C0493,P037,2025-11-11,1,0.05,Cash on Delivery
O01919,C0595,P002,2025-05-22,1,0.0,Card
O01920,C0275,P004,2025-06-11,2,0.1,Card
O01921,C0711,P060,2026-01-25,3,0.25,Card
O01922,C0583,P049,2024-01-06,2,0.05,Cash on Delivery
O01923,C0328,P014,2025-12-01,4,0.05,Card
O01924,C0023,P078,2025-04-17,2,0.0,Card
O01925,C0748,P003,2026-04-01,1,0.15,EFT
O01926,C0212,P048,2024-06-02,1,0.15,Card
O01927,C0837,P004,2025-11-07,2,0.1,Card
O01928,C0422,P042,2025-08-12,2,0.1,EFT
O01929,C0564,P042,2025-12-18,2,0.05,PayFast
O01930,C0875,P008,2024-04-20,2,0.1,EFT
O01931,C0866,P009,2025-11-01,1,0.0,Card
O01932,C0375,P031,2025-10-17,1,0.05,Card
O01933,C0203,P011,2025-10-16,1,0.1,EFT
O01934,C0777,P070,2025-11-19,1,0.05,Cash on Delivery
O01935,C0435,P020,2026-01-11,2,0.0,Card
O01936,C0184,P021,2026-04-07,1,0.2,Card
O01937,C0907,P031,2025-01-17,1,0.1,Card
O01938,C0188,P029,2026-04-20,2,0.0,Cash on Delivery
O01939,C0024,P020,2025-08-26,4,0.0,Card
O01940,C0020,P050,2024-05-09,3,0.1,Card
O01941,C0609,P038,2024-04-10,2,0.1,EFT
O01942,C0639,P071,2025-03-27,1,0.0,Card
O01943,C0315,P030,2026-03-26,2,0.0,Cash on Delivery
O01944,C0324,P075,2026-02-02,3,0.05,PayFast
O01945,C0340,P051,2026-03-28,1,0.05,PayFast
O01946,C0667,P037,2025-09-11,1,0.05,Card
O01947,C0055,P026,2025-07-07,3,0.0,Card
O01948,C0930,P034,2024-08-19,1,0.1,EFT
O01949,C0223,P058,2025-03-21,2,0.1,EFT
O01950,C1000,P052,2025-07-01,1,0.0,Card
O01951,C0160,P014,2024-05-26,2,0.15,Card
O01952,C0775,P073,2024-11-20,2,0.0,EFT
O01953,C0224,P028,2025-11-15,3,0.15,Card
O01954,C0078,P007,2026-02-21,2,0.0,PayFast
O01955,C0878,P033,2026-07-31,1,0.0,Card
O01956,C0862,P024,2026-06-24,3,0.0,PayFast
O01957,C0402,P050,2025-12-18,2,0.05,Card
O01958,C0697,P022,2025-06-19,4,0.05,EFT
O01959,C0544,P032,2025-12-13,1,0.0,Card
O01960,C0852,P004,2026-03-26,2,0.15,PayFast
O01961,C0318,P001,2024-07-09,1,0.05,EFT
O01962,C0514,P021,2025-06-09,1,0.05,EFT
O01963,C0483,P055,2026-04-29,2,0.05,Card
O01964,C0351,P003,2025-05-15,1,0.0,Card
O01965,C0897,P019,2025-10-25,1,0.2,PayFast
O01966,C0154,P027,2025-11-07,1,0.1,PayFast
O01967,C0138,P004,2024-10-07,3,0.2,Card
O01968,C0564,P015,2025-04-24,1,0.0,PayFast
O01969,C0636,P075,2025-03-27,2,0.0,Card
O01970,C0184,P073,2024-02-16,2,0.1,Card
O01971,C0394,P009,2024-02-12,1,0.05,Card
O01972,C0946,P056,2026-04-24,3,0.05,PayFast
O01973,C0250,P074,2025-01-20,3,0.1,PayFast
O01974,C0649,P036,2025-09-12,2,0.1,Card
O01975,C0735,P035,2025-02-17,1,0.0,PayFast
O01976,C0455,P031,2026-06-28,2,0.15,PayFast
O01977,C0938,P006,2025-01-05,3,0.15,Card
O01978,C0729,P063,2025-06-27,3,0.1,Cash on Delivery
O01979,C0461,P037,2026-05-19,1,0.05,EFT
O01980,C0558,P061,2026-05-01,2,0.05,PayFast
O01981,C0683,P071,2024-10-09,2,0.0,EFT
O01982,C0579,P053,2026-04-06,1,0.05,EFT
O01983,C0885,P045,2025-07-23,3,0.0,EFT
O01984,C0353,P064,2025-08-13,2,0.05,PayFast
O01985,C0298,P012,2024-07-31,2,0.15,Card
O01986,C0212,P046,2024-05-14,2,0.05,EFT
O01987,C0038,P022,2026-02-16,3,0.0,PayFast
O01988,C0041,P019,2025-08-25,2,0.05,PayFast
O01989,C0871,P021,2025-07-04,3,0.05,PayFast
O01990,C0665,P027,2026-02-17,3,0.05,PayFast
O01991,C0638,P015,2026-03-13,5,0.05,EFT
O01992,C0601,P074,2024-09-03,1,0.2,EFT
O01993,C0849,P022,2025-11-24,2,0.1,Cash on Delivery
O01994,C0480,P063,2024-08-02,1,0.1,Cash on Delivery
O01995,C0872,P071,2026-03-04,4,0.05,PayFast
O01996,C0358,P029,2025-12-28,2,0.1,EFT
O01997,C0926,P014,2026-07-07,1,0.1,Card
O01998,C0695,P025,2024-04-26,2,0.15,PayFast
O01999,C0256,P014,2024-04-07,2,0.2,EFT
O02000,C0551,P040,2025-01-30,1,0.05,PayFast
O02001,C0520,P070,2025-01-08,2,0.2,Card
O02002,C0131,P003,2024-12-22,1,0.0,Card
O02003,C0577,P010,2026-06-08,1,0.05,Card
O02004,C0318,P046,2024-12-25,2,0.0,EFT
O02005,C0049,P044,2025-01-19,1,0.0,Card
O02006,C0947,P076,2026-03-09,4,0.1,EFT
O02007,C0621,P063,2025-07-15,5,0.05,Card
O02008,C0882,P033,2026-03-20,2,0.15,Card
O02009,C0660,P069,2024-04-21,3,0.05,EFT
O02010,C0353,P045,2025-08-17,4,0.1,PayFast
O02011,C0504,P049,2024-02-29,1,0.05,PayFast
O02012,C0660,P061,2024-04-16,1,0.0,Card
O02013,C0958,P013,2026-06-08,2,0.1,Card
O02014,C0252,P061,2024-08-08,1,0.0,Cash on Delivery
O02015,C0878,P058,2025-09-24,1,0.05,Card
O02016,C0924,P017,2025-06-10,2,0.1,Card
O02017,C0652,P065,2025-04-09,1,0.05,EFT
O02018,C0930,P073,2026-06-05,1,0.2,EFT
O02019,C0400,P007,2024-02-08,1,0.0,EFT
O02020,C0948,P023,2026-01-02,4,0.0,Card
O02021,C0697,P038,2026-07-11,2,0.05,EFT
O02022,C0040,P010,2025-10-16,1,0.05,Card
O02023,C0909,P023,2026-06-26,3,0.0,Card
O02024,C0483,P044,2024-03-30,3,0.05,EFT
O02025,C0462,P057,2025-06-17,3,0.2,Card
O02026,C0554,P022,2025-01-06,1,0.1,PayFast
O02027,C0138,P073,2026-02-18,1,0.05,Cash on Delivery
O02028,C0465,P056,2026-07-21,1,0.05,EFT
O02029,C0835,P070,2025-01-02,1,0.05,Card
O02030,C0016,P072,2025-12-26,2,0.0,Card
O02031,C0271,P046,2024-10-24,2,0.05,Card
O02032,C0002,P018,2025-10-20,1,0.0,EFT
O02033,C0417,P026,2025-07-28,1,0.25,Card
O02034,C0719,P034,2026-07-16,2,0.25,EFT
O02035,C0804,P075,2025-11-22,1,0.05,Card
O02036,C0944,P019,2025-04-11,1,0.1,Card
O02037,C0594,P048,2024-07-03,1,0.1,Card
O02038,C0254,P035,2024-08-24,2,0.0,PayFast
O02039,C0924,P018,2024-11-26,1,0.0,EFT
O02040,C0777,P028,2024-12-26,1,0.05,EFT
O02041,C0562,P013,2026-05-06,1,0.05,EFT
O02042,C0689,P010,2025-10-17,1,0.0,EFT
O02043,C0924,P009,2025-09-16,2,0.25,Card
O02044,C0706,P022,2024-07-04,1,0.1,PayFast
O02045,C0369,P047,2026-05-12,4,0.15,Card
O02046,C0707,P056,2026-02-12,1,0.0,Card
O02047,C0040,P025,2024-04-24,2,0.2,Card
O02048,C0392,P078,2026-02-02,3,0.0,PayFast
O02049,C0404,P062,2025-10-03,2,0.1,PayFast
O02050,C0155,P021,2024-05-16,1,0.05,EFT
O02051,C0022,P010,2025-07-23,1,0.0,Card
O02052,C0128,P011,2025-08-15,2,0.1,Cash on Delivery
O02053,C0631,P006,2024-09-12,1,0.05,EFT
O02054,C0804,P044,2026-07-01,1,0.05,Card
O02055,C0989,P040,2026-05-06,3,0.05,EFT
O02056,C0345,P076,2026-01-06,2,0.2,EFT
O02057,C0587,P074,2025-07-26,1,0.0,EFT
O02058,C0938,P044,2025-06-11,2,0.1,Card
O02059,C0155,P035,2025-12-24,4,0.15,EFT
O02060,C0711,P030,2025-10-04,1,0.2,PayFast
O02061,C0755,P073,2024-04-16,1,0.25,Card
O02062,C0088,P043,2025-09-07,2,0.05,Card
O02063,C0863,P055,2026-04-08,2,0.0,EFT
O02064,C0816,P018,2025-07-24,3,0.1,Card
O02065,C0032,P047,2024-03-30,2,0.05,Card
O02066,C0090,P060,2026-03-26,2,0.0,Cash on Delivery
O02067,C0047,P038,2024-10-28,2,0.0,Cash on Delivery
O02068,C0336,P044,2025-01-04,1,0.1,EFT
O02069,C0499,P032,2024-09-11,1,0.1,PayFast
O02070,C0520,P059,2025-03-23,2,0.0,EFT
O02071,C0265,P033,2026-03-07,1,0.05,EFT
O02072,C0911,P051,2025-09-13,1,0.0,PayFast
O02073,C0369,P064,2024-11-01,2,0.25,EFT
O02074,C0041,P036,2026-05-22,2,0.05,Card
O02075,C0298,P055,2026-05-23,2,0.05,Card
O02076,C0518,P056,2026-05-18,1,0.0,Card
O02077,C0409,P047,2024-12-12,3,0.25,Card
O02078,C0274,P009,2025-07-17,1,0.05,Card
O02079,C0124,P013,2026-07-23,4,0.1,Card
O02080,C0822,P073,2026-03-17,1,0.0,PayFast
O02081,C0998,P036,2024-02-18,1,0.0,Card
O02082,C0332,P078,2024-04-20,2,0.0,EFT
O02083,C0387,P031,2025-07-28,1,0.05,Card
O02084,C0603,P029,2026-06-10,1,0.25,Card
O02085,C0713,P070,2025-09-29,2,0.2,Card
O02086,C0395,P035,2025-08-26,3,0.0,Card
O02087,C0907,P053,2024-06-21,1,0.05,Card
O02088,C0547,P023,2025-12-28,4,0.0,Card
O02089,C0455,P040,2026-04-18,1,0.15,PayFast
O02090,C0623,P058,2025-05-12,1,0.0,Card
O02091,C0948,P057,2026-03-20,1,0.1,Card
O02092,C0798,P049,2026-07-12,1,0.1,Card
O02093,C0040,P063,2024-10-31,1,0.15,Card
O02094,C0334,P003,2025-09-16,2,0.1,PayFast
O02095,C0467,P078,2025-02-05,1,0.0,Card
O02096,C0318,P049,2026-03-31,1,0.05,Card
O02097,C0697,P046,2025-10-30,1,0.0,Card
O02098,C0827,P030,2025-12-12,1,0.15,PayFast
O02099,C0723,P073,2026-04-03,1,0.1,EFT
O02100,C0990,P003,2025-05-27,1,0.0,Card
O02101,C0270,P063,2026-06-13,1,0.05,Card
O02102,C0878,P056,2025-09-24,1,0.0,Card
O02103,C0767,P034,2024-09-02,2,0.0,PayFast
O02104,C0364,P067,2026-01-25,2,0.15,PayFast
O02105,C0725,P049,2026-03-31,1,0.1,Card
O02106,C0099,P021,2025-03-09,1,0.1,Card
O02107,C0791,P011,2026-05-10,2,0.0,Card
O02108,C0520,P019,2026-06-08,3,0.0,PayFast
O02109,C0291,P030,2025-01-25,1,0.0,Card
O02110,C0634,P012,2026-07-22,2,0.05,Cash on Delivery
O02111,C0621,P023,2024-08-10,1,0.05,Card
O02112,C0203,P022,2024-10-29,1,0.15,Card
O02113,C0030,P010,2024-10-06,1,0.0,PayFast
O02114,C0436,P023,2026-06-01,2,0.1,EFT
O02115,C0559,P048,2025-12-26,2,0.0,PayFast
O02116,C0881,P032,2024-08-25,3,0.0,Card
O02117,C0930,P035,2025-07-07,2,0.0,EFT
O02118,C0518,P008,2025-11-28,1,0.0,EFT
O02119,C0755,P017,2024-05-19,1,0.1,Card
O02120,C0446,P036,2026-05-25,2,0.05,Cash on Delivery
O02121,C0740,P032,2026-04-07,1,0.1,Card
O02122,C0197,P049,2025-09-01,1,0.0,EFT
O02123,C0374,P063,2026-07-13,2,0.05,EFT
O02124,C0616,P052,2025-06-16,3,0.05,EFT
O02125,C0018,P067,2026-07-23,1,0.1,Cash on Delivery
O02126,C0716,P052,2026-01-05,3,0.05,Card
O02127,C0838,P065,2025-12-12,3,0.0,Card
O02128,C0400,P010,2024-09-13,2,0.05,Card
O02129,C0455,P078,2026-05-25,4,0.05,Card
O02130,C0851,P004,2025-06-25,1,0.0,Card
O02131,C0777,P056,2024-09-08,3,0.1,Card
O02132,C0286,P076,2024-01-23,3,0.1,EFT
O02133,C0328,P039,2025-10-16,1,0.0,PayFast
O02134,C0665,P057,2025-09-20,1,0.05,Cash on Delivery
O02135,C0551,P048,2026-02-10,3,0.05,Card
O02136,C0152,P007,2026-05-30,1,0.0,EFT
O02137,C0314,P013,2024-05-12,1,0.0,EFT
O02138,C0903,P050,2026-02-18,3,0.15,Card
O02139,C0676,P038,2024-10-10,1,0.05,EFT
O02140,C0988,P062,2026-05-11,1,0.0,Card
O02141,C0767,P065,2026-04-16,1,0.25,Card
O02142,C0943,P072,2025-10-01,1,0.0,Card
O02143,C0215,P067,2026-02-04,1,0.05,Card
O02144,C0775,P059,2025-03-06,1,0.0,Card
O02145,C0020,P067,2025-08-03,2,0.15,Cash on Delivery
O02146,C0654,P056,2026-04-18,3,0.0,Cash on Delivery
O02147,C0465,P073,2025-07-24,2,0.25,Card
O02148,C0345,P049,2025-04-20,1,0.1,Cash on Delivery
O02149,C0864,P035,2025-08-23,1,0.1,Card
O02150,C0854,P050,2026-04-22,1,0.0,Card
O02151,C0022,P002,2025-03-28,4,0.0,EFT
O02152,C0595,P054,2024-09-23,3,0.15,Card
O02153,C0369,P073,2026-02-05,1,0.2,Card
O02154,C0417,P009,2026-04-21,1,0.0,Cash on Delivery
O02155,C0835,P009,2024-06-14,1,0.2,Card
O02156,C0314,P064,2024-12-13,1,0.1,PayFast
O02157,C0943,P044,2024-08-11,2,0.25,PayFast
O02158,C0168,P034,2025-04-10,2,0.05,PayFast
O02159,C0640,P043,2025-07-16,2,0.0,Card
O02160,C0655,P076,2026-03-02,2,0.0,EFT
O02161,C0252,P032,2025-12-24,1,0.0,EFT
O02162,C0328,P043,2025-12-02,4,0.0,PayFast
O02163,C0838,P052,2025-04-14,1,0.05,PayFast
O02164,C0764,P033,2026-04-30,1,0.0,Card
O02165,C0332,P029,2025-08-03,3,0.0,PayFast
O02166,C0521,P013,2026-07-20,2,0.05,Card
O02167,C0060,P052,2025-12-12,1,0.0,Card
O02168,C0203,P021,2024-07-21,2,0.2,EFT
O02169,C0483,P041,2026-01-11,4,0.0,Card
O02170,C0087,P056,2025-03-17,1,0.05,Card
O02171,C0844,P048,2026-01-18,1,0.0,PayFast
O02172,C0712,P063,2024-04-27,4,0.05,Card
O02173,C0944,P056,2024-09-24,3,0.0,EFT
O02174,C0684,P022,2026-05-09,1,0.05,EFT
O02175,C0941,P011,2024-11-28,1,0.0,Cash on Delivery
O02176,C0542,P020,2026-04-28,2,0.05,Card
O02177,C0587,P020,2025-01-27,5,0.0,Card
O02178,C0979,P018,2025-12-18,1,0.15,EFT
O02179,C0621,P046,2026-01-24,2,0.0,Card
O02180,C0030,P040,2025-09-07,1,0.0,EFT
O02181,C0716,P006,2025-02-24,2,0.15,Card
O02182,C0908,P022,2024-11-11,3,0.15,EFT
O02183,C0801,P035,2024-02-28,2,0.1,EFT
O02184,C0568,P037,2025-02-23,1,0.05,PayFast
O02185,C0654,P021,2025-12-25,2,0.1,Card
O02186,C0991,P078,2026-06-27,1,0.0,Card
O02187,C0090,P044,2026-05-18,2,0.1,PayFast
O02188,C0646,P046,2026-03-13,4,0.0,EFT
O02189,C0283,P052,2026-03-28,1,0.2,Cash on Delivery
O02190,C0618,P040,2026-01-03,2,0.0,EFT
O02191,C0594,P020,2025-01-06,1,0.0,PayFast
O02192,C0144,P019,2026-06-09,1,0.05,Card
O02193,C0201,P010,2026-01-07,1,0.0,Card
O02194,C0609,P031,2025-10-16,2,0.05,Card
O02195,C0120,P071,2024-06-29,2,0.0,Cash on Delivery
O02196,C0260,P061,2025-07-13,2,0.05,Card
O02197,C0838,P045,2025-07-25,1,0.0,PayFast
O02198,C0330,P033,2026-05-14,1,0.15,EFT
O02199,C0484,P051,2025-10-05,3,0.15,Card
O02200,C0942,P042,2025-05-12,2,0.1,EFT
O02201,C0229,P073,2026-07-19,3,0.0,PayFast
O02202,C0393,P022,2024-06-28,4,0.05,EFT
O02203,C0594,P043,2025-06-21,1,0.15,Card
O02204,C0755,P078,2024-03-14,2,0.0,Card
O02205,C0904,P024,2026-02-24,1,0.1,EFT
O02206,C0913,P044,2026-06-15,3,0.05,Card
O02207,C0777,P062,2025-01-28,3,0.25,Card
O02208,C0230,P019,2026-05-11,1,0.1,Cash on Delivery
O02209,C0023,P065,2025-02-10,1,0.05,EFT
O02210,C0387,P076,2026-06-11,2,0.1,Card
O02211,C0133,P006,2026-03-05,2,0.1,EFT
O02212,C0702,P069,2026-04-07,5,0.05,Card
O02213,C0639,P003,2024-02-02,1,0.1,Cash on Delivery
O02214,C0041,P061,2026-07-11,3,0.05,EFT
O02215,C0839,P078,2026-02-15,2,0.2,PayFast
O02216,C0251,P029,2025-02-24,1,0.0,EFT
O02217,C0435,P005,2026-04-23,3,0.1,EFT
O02218,C0647,P051,2025-01-30,1,0.05,Card
O02219,C0434,P058,2026-05-19,1,0.0,Card
O02220,C0448,P010,2024-07-01,3,0.0,PayFast
O02221,C0063,P070,2026-01-30,4,0.0,PayFast
O02222,C0401,P040,2025-09-30,3,0.1,EFT
O02223,C0766,P075,2024-06-07,1,0.1,Card
O02224,C0913,P015,2024-12-16,3,0.2,Card
O02225,C0412,P043,2024-01-23,1,0.1,Card
O02226,C0428,P055,2025-08-01,1,0.1,PayFast
O02227,C0697,P003,2025-02-20,1,0.2,Cash on Delivery
O02228,C0943,P022,2025-11-15,2,0.1,Card
O02229,C0263,P055,2025-02-16,1,0.0,Card
O02230,C0447,P037,2025-02-19,1,0.05,EFT
O02231,C0801,P009,2026-02-26,1,0.0,Card
O02232,C0595,P001,2024-03-24,4,0.0,Cash on Delivery
O02233,C0102,P035,2026-06-06,4,0.0,EFT
O02234,C0612,P016,2026-05-07,2,0.15,EFT
O02235,C0176,P066,2026-01-05,1,0.1,Card
O02236,C0501,P011,2025-11-11,1,0.0,Card
O02237,C0518,P025,2026-05-31,2,0.0,Card
O02238,C0881,P012,2024-10-08,5,0.0,Card
O02239,C0463,P067,2024-05-12,3,0.05,EFT
O02240,C0282,P045,2024-12-13,1,0.15,Cash on Delivery
O02241,C0233,P056,2026-04-01,1,0.05,PayFast
O02242,C0875,P028,2024-03-01,1,0.1,EFT
O02243,C0159,P076,2025-11-03,2,0.0,PayFast
O02244,C0428,P030,2026-07-29,3,0.2,Cash on Delivery
O02245,C0178,P072,2026-05-09,3,0.05,EFT
O02246,C0775,P026,2025-09-15,3,0.0,Card
O02247,C0475,P074,2024-04-18,1,0.25,PayFast
O02248,C0347,P044,2026-04-24,1,0.15,PayFast
O02249,C0361,P060,2025-11-15,1,0.15,EFT
O02250,C0851,P072,2024-07-04,3,0.05,EFT
O02251,C0541,P071,2024-06-03,5,0.1,Card
O02252,C0712,P005,2026-06-10,3,0.1,Card
O02253,C0902,P069,2026-01-06,3,0.0,PayFast
O02254,C0904,P008,2026-04-23,4,0.1,PayFast
O02255,C0331,P034,2026-05-23,3,0.25,Card
O02256,C0948,P053,2025-10-25,5,0.25,Card
O02257,C0023,P064,2025-09-11,1,0.0,Card
O02258,C0383,P037,2025-06-28,1,0.1,PayFast
O02259,C0901,P068,2025-03-09,2,0.15,Card
O02260,C0275,P013,2025-07-02,5,0.1,Card
O02261,C0271,P016,2026-03-18,1,0.0,PayFast
O02262,C0300,P030,2025-11-17,1,0.0,Cash on Delivery
O02263,C0598,P070,2026-05-31,4,0.0,Cash on Delivery
O02264,C0445,P074,2025-07-10,3,0.05,PayFast
O02265,C0719,P039,2025-11-21,1,0.05,PayFast
O02266,C0900,P040,2025-12-09,4,0.05,EFT
O02267,C0660,P035,2025-11-10,2,0.0,Card
O02268,C0197,P076,2026-01-30,1,0.15,Card
O02269,C0931,P047,2024-12-10,1,0.0,Card
O02270,C0260,P072,2025-09-07,3,0.0,Card
O02271,C0139,P024,2024-06-19,2,0.05,PayFast
O02272,C0088,P003,2025-05-16,2,0.1,Card
O02273,C0551,P066,2025-08-17,1,0.05,EFT
O02274,C0105,P035,2025-12-25,2,0.1,PayFast
O02275,C0131,P064,2026-07-04,2,0.0,Card
O02276,C0298,P050,2025-11-16,1,0.05,Card
O02277,C0282,P052,2026-02-26,5,0.05,EFT
O02278,C0591,P035,2025-09-02,1,0.15,Card
O02279,C0820,P054,2025-12-12,1,0.1,Card
O02280,C0764,P015,2024-04-29,1,0.0,Card
O02281,C0258,P017,2024-12-30,2,0.15,EFT
O02282,C0249,P032,2025-04-24,1,0.0,PayFast
O02283,C0963,P006,2025-08-04,2,0.1,Card
O02284,C0007,P028,2024-03-20,1,0.0,Card
O02285,C0886,P027,2024-08-09,2,0.15,Card
O02286,C0191,P014,2025-01-24,1,0.05,Card
O02287,C0946,P016,2026-07-16,3,0.0,Card
O02288,C0341,P067,2025-03-24,2,0.05,Card
O02289,C0447,P019,2025-08-13,1,0.05,PayFast
O02290,C0701,P032,2024-10-21,2,0.2,Card
O02291,C0573,P033,2025-11-24,1,0.05,Card
O02292,C0320,P008,2025-01-29,2,0.05,Card
O02293,C0541,P015,2024-11-04,3,0.0,Card
O02294,C0722,P055,2025-09-11,3,0.05,Cash on Delivery
O02295,C0041,P009,2024-01-10,2,0.0,EFT
O02296,C0011,P058,2024-01-14,1,0.15,PayFast
O02297,C0461,P050,2024-11-19,1,0.05,Card
O02298,C0125,P018,2024-03-05,1,0.0,EFT
O02299,C0641,P029,2024-06-24,5,0.05,EFT
O02300,C0212,P019,2025-03-31,1,0.1,EFT
O02301,C0435,P013,2026-04-06,1,0.1,Cash on Delivery
O02302,C0188,P052,2025-10-25,1,0.05,PayFast
O02303,C0538,P031,2025-09-07,3,0.0,Card
O02304,C0108,P072,2025-02-12,3,0.05,PayFast
O02305,C0022,P024,2026-06-23,2,0.25,Card
O02306,C0049,P003,2025-05-28,1,0.1,EFT
O02307,C0950,P073,2024-05-24,1,0.05,Card
O02308,C0133,P040,2025-11-29,2,0.05,EFT
O02309,C0701,P035,2024-07-03,2,0.1,EFT
O02310,C0065,P078,2025-04-07,2,0.05,Card
O02311,C0102,P026,2025-09-03,3,0.0,PayFast
O02312,C0498,P046,2026-05-20,2,0.0,Card
O02313,C0465,P030,2025-08-22,1,0.05,EFT
O02314,C0948,P014,2026-01-29,2,0.0,Card
O02315,C0944,P006,2026-07-28,1,0.05,PayFast
O02316,C0780,P010,2024-07-28,1,0.25,EFT
O02317,C0589,P018,2025-01-22,1,0.0,Card
O02318,C0459,P005,2025-05-25,1,0.2,Card
O02319,C0353,P036,2025-06-20,2,0.15,PayFast
O02320,C0946,P012,2025-06-10,1,0.0,Card
O02321,C0590,P033,2026-06-09,3,0.05,EFT
O02322,C0565,P031,2026-02-06,1,0.1,EFT
O02323,C0234,P001,2025-11-22,4,0.05,PayFast
O02324,C0042,P053,2025-03-01,3,0.0,EFT
O02325,C0944,P030,2026-04-19,4,0.0,Card
O02326,C0317,P045,2026-07-06,4,0.1,EFT
O02327,C0448,P022,2026-04-18,1,0.0,EFT
O02328,C0106,P003,2024-01-03,2,0.0,PayFast
O02329,C0839,P030,2025-12-13,2,0.1,Card
O02330,C0027,P027,2024-03-29,1,0.0,Card
O02331,C0837,P058,2025-01-03,1,0.0,Card
O02332,C0133,P027,2024-04-11,1,0.1,Cash on Delivery
O02333,C0893,P056,2025-11-19,1,0.0,PayFast
O02334,C0722,P061,2026-01-18,1,0.0,Card
O02335,C0154,P023,2024-07-04,2,0.15,Card
O02336,C0553,P021,2025-05-15,1,0.0,Card
O02337,C0317,P030,2025-07-21,2,0.0,Cash on Delivery
O02338,C0166,P072,2025-05-01,3,0.05,PayFast
O02339,C0862,P076,2024-07-13,3,0.2,PayFast
O02340,C0402,P058,2025-06-17,1,0.25,EFT
O02341,C0400,P073,2026-03-03,1,0.05,Card
O02342,C0157,P057,2024-04-29,1,0.0,Card
O02343,C0387,P003,2024-05-14,1,0.0,Cash on Delivery
O02344,C0875,P060,2025-04-17,4,0.15,Card
O02345,C0365,P017,2026-06-29,4,0.0,Cash on Delivery
O02346,C0948,P015,2026-01-06,2,0.05,EFT
O02347,C0945,P018,2026-01-13,1,0.0,PayFast
O02348,C0135,P017,2025-04-24,1,0.0,PayFast
O02349,C0164,P070,2025-11-11,3,0.0,EFT
O02350,C0864,P044,2024-01-19,2,0.0,Card
O02351,C0395,P071,2025-12-13,1,0.0,Card
O02352,C0004,P027,2026-06-12,1,0.1,EFT
O02353,C0274,P012,2025-11-26,2,0.1,Card
O02354,C0586,P070,2026-05-20,1,0.1,EFT
O02355,C0804,P036,2026-02-13,5,0.0,Card
O02356,C0128,P002,2024-07-12,3,0.1,EFT
O02357,C0102,P004,2026-06-06,1,0.0,Cash on Delivery
O02358,C0921,P075,2024-04-22,1,0.1,EFT
O02359,C0751,P013,2025-09-25,1,0.15,EFT
O02360,C0575,P008,2024-08-12,3,0.1,EFT
O02361,C0773,P020,2024-01-22,5,0.0,EFT
O02362,C0434,P065,2025-06-20,2,0.1,Card
O02363,C0759,P011,2025-02-13,2,0.0,EFT
O02364,C0375,P070,2025-08-16,2,0.05,PayFast
O02365,C0249,P010,2025-10-29,1,0.15,Card
O02366,C0720,P006,2024-03-17,1,0.05,EFT
O02367,C0421,P060,2024-07-16,1,0.05,Card
O02368,C0983,P034,2025-10-15,3,0.05,EFT
O02369,C0346,P012,2025-04-05,1,0.05,EFT
O02370,C0920,P052,2026-02-17,1,0.0,Card
O02371,C0932,P035,2025-12-25,2,0.25,Card
O02372,C0246,P007,2026-05-03,1,0.15,Cash on Delivery
O02373,C0804,P049,2026-01-22,2,0.05,Card
O02374,C0435,P061,2025-06-27,1,0.0,Card
O02375,C0916,P072,2026-01-09,2,0.05,PayFast
O02376,C0455,P068,2025-01-23,1,0.0,Card
O02377,C0736,P007,2025-02-26,4,0.15,Card
O02378,C0465,P068,2026-03-28,1,0.05,EFT
O02379,C0229,P001,2025-07-12,1,0.1,PayFast
O02380,C0190,P023,2026-04-03,2,0.05,PayFast
O02381,C0428,P032,2026-04-18,2,0.05,Cash on Delivery
O02382,C0755,P068,2026-05-10,2,0.05,Card
O02383,C0591,P009,2026-06-14,1,0.05,EFT
O02384,C0678,P022,2025-06-28,2,0.1,EFT
O02385,C0282,P040,2025-03-11,1,0.0,Card
O02386,C0480,P054,2025-11-02,3,0.0,Cash on Delivery
O02387,C0041,P068,2025-05-03,1,0.0,PayFast
O02388,C0822,P033,2025-11-17,1,0.15,PayFast
O02389,C0990,P038,2026-02-01,4,0.1,Card
O02390,C0405,P048,2026-01-20,3,0.15,Card
O02391,C0011,P052,2025-05-06,3,0.1,Card
O02392,C0157,P070,2024-09-14,2,0.0,PayFast
O02393,C0628,P003,2025-06-28,2,0.05,Card
O02394,C0598,P036,2024-08-12,3,0.05,PayFast
O02395,C0790,P068,2026-05-30,2,0.2,Cash on Delivery
O02396,C0252,P014,2025-04-08,1,0.05,EFT
O02397,C0764,P023,2024-08-28,3,0.0,Cash on Delivery
O02398,C0676,P018,2024-02-15,2,0.15,Card
O02399,C0328,P044,2025-12-20,1,0.1,Card
O02400,C0534,P038,2025-12-14,1,0.2,Card
O02401,C0138,P046,2025-04-02,1,0.05,EFT
O02402,C0459,P016,2024-05-01,1,0.0,Card
O02403,C0887,P014,2025-06-09,1,0.1,EFT
O02404,C0426,P060,2025-03-03,2,0.1,EFT
O02405,C0842,P078,2026-01-12,5,0.0,Card
O02406,C0575,P026,2025-11-20,2,0.0,EFT
O02407,C0184,P029,2025-04-26,1,0.05,Card
O02408,C0567,P010,2024-11-17,4,0.2,EFT
O02409,C0497,P065,2026-07-25,2,0.25,PayFast
O02410,C0400,P013,2025-07-19,2,0.05,Card
O02411,C0111,P071,2026-01-20,2,0.05,Card
O02412,C0417,P024,2024-08-09,1,0.0,PayFast
O02413,C0070,P076,2025-08-16,1,0.1,Card
O02414,C0094,P017,2024-02-18,3,0.05,Card
O02415,C0417,P049,2025-09-01,1,0.1,EFT
O02416,C0303,P037,2026-07-11,3,0.05,PayFast
O02417,C0924,P054,2025-05-15,4,0.15,EFT
O02418,C0382,P051,2024-03-09,1,0.1,Card
O02419,C0757,P008,2024-02-24,1,0.1,PayFast
O02420,C0518,P068,2025-05-19,2,0.05,Card
O02421,C0698,P038,2024-09-05,1,0.05,EFT
O02422,C0258,P004,2024-02-11,2,0.1,Card
O02423,C0943,P022,2026-03-07,3,0.0,Card
O02424,C0518,P078,2025-07-23,2,0.0,EFT
O02425,C0835,P043,2025-02-07,1,0.0,Card
O02426,C0366,P005,2026-06-05,2,0.15,Card
O02427,C0094,P067,2024-07-06,2,0.2,Card
O02428,C0658,P047,2026-07-07,2,0.1,Card
O02429,C0007,P064,2025-03-06,4,0.05,PayFast
O02430,C0475,P006,2026-05-29,2,0.0,Cash on Delivery
O02431,C0184,P055,2025-11-18,3,0.0,Card
O02432,C0612,P025,2026-04-21,3,0.0,PayFast
O02433,C0982,P047,2026-07-23,1,0.15,Card
O02434,C0465,P004,2025-02-06,1,0.1,Card
O02435,C0822,P028,2026-07-10,1,0.0,Card
O02436,C0497,P044,2025-05-21,1,0.15,EFT
O02437,C0494,P024,2025-05-17,1,0.0,EFT
O02438,C0930,P063,2025-04-02,1,0.05,PayFast
O02439,C0893,P027,2025-10-01,5,0.15,Card
O02440,C0787,P006,2024-08-28,1,0.0,EFT
O02441,C0295,P068,2025-10-11,5,0.1,Card
O02442,C0534,P031,2025-10-01,2,0.1,EFT
O02443,C0224,P068,2026-03-11,1,0.0,Card
O02444,C0450,P048,2026-04-25,2,0.0,Card
O02445,C0483,P048,2025-07-07,2,0.1,EFT
O02446,C0835,P007,2025-02-21,2,0.25,EFT
O02447,C0901,P009,2025-01-05,3,0.0,Card
O02448,C0414,P003,2024-10-19,2,0.05,Card
O02449,C0018,P022,2024-04-08,1,0.05,EFT
O02450,C0863,P054,2025-04-04,3,0.05,Card
O02451,C0161,P038,2025-01-17,3,0.1,Cash on Delivery
O02452,C0609,P059,2026-07-13,1,0.05,Card
O02453,C0023,P047,2025-10-14,2,0.1,EFT
O02454,C0400,P019,2025-04-09,1,0.0,Card
O02455,C0988,P065,2025-11-01,3,0.05,Cash on Delivery
O02456,C0095,P025,2024-08-08,4,0.15,Card
O02457,C0428,P029,2025-07-10,1,0.0,PayFast
O02458,C0308,P052,2025-12-06,2,0.25,Card
O02459,C0908,P003,2025-08-18,5,0.05,Card
O02460,C0871,P016,2025-06-01,2,0.05,PayFast
O02461,C0241,P057,2026-07-28,1,0.0,EFT
O02462,C0079,P030,2026-05-24,2,0.0,EFT
O02463,C0612,P078,2025-12-04,4,0.1,PayFast
O02464,C0337,P067,2025-10-23,1,0.15,Cash on Delivery
O02465,C0655,P037,2025-12-02,3,0.15,PayFast
O02466,C0031,P016,2024-10-28,5,0.2,EFT
O02467,C0128,P056,2025-05-26,1,0.05,PayFast
O02468,C0671,P019,2024-03-09,1,0.1,EFT
O02469,C0207,P019,2025-08-07,1,0.0,Cash on Delivery
O02470,C0860,P049,2025-10-02,2,0.0,EFT
O02471,C0055,P028,2024-11-29,1,0.05,Card
O02472,C0214,P019,2026-07-12,3,0.15,Card
O02473,C1000,P044,2026-06-10,5,0.1,Card
O02474,C0435,P025,2026-02-12,3,0.05,Card
O02475,C0697,P076,2025-09-25,3,0.0,EFT
O02476,C0172,P006,2026-05-18,3,0.15,Card
O02477,C0595,P029,2024-07-27,1,0.1,EFT
O02478,C0718,P077,2026-03-29,1,0.15,Card
O02479,C0318,P008,2024-07-18,1,0.25,Card
O02480,C0833,P026,2026-04-01,1,0.1,PayFast
O02481,C0590,P043,2025-01-23,3,0.15,Card
O02482,C0393,P009,2026-05-22,1,0.0,EFT
O02483,C0544,P011,2026-06-30,1,0.1,PayFast
O02484,C0564,P042,2024-08-21,1,0.05,Card
O02485,C0154,P067,2025-07-27,1,0.05,Card
O02486,C0402,P053,2026-07-21,2,0.0,Card
O02487,C0342,P036,2025-08-14,1,0.15,Card
O02488,C0400,P077,2026-05-14,1,0.0,Cash on Delivery
O02489,C0763,P058,2025-11-07,3,0.1,Cash on Delivery
O02490,C0480,P053,2025-05-07,2,0.05,Card
O02491,C0941,P072,2025-02-03,3,0.1,EFT
O02492,C0291,P061,2024-10-30,4,0.2,PayFast
O02493,C0417,P073,2026-03-10,2,0.1,Cash on Delivery
O02494,C0788,P034,2025-05-18,1,0.2,EFT
O02495,C0534,P034,2025-09-06,1,0.0,Card
O02496,C0535,P030,2025-08-21,1,0.0,PayFast
O02497,C0053,P046,2025-10-29,2,0.0,Card
O02498,C0400,P052,2026-05-15,1,0.05,Card
O02499,C0269,P002,2026-07-21,1,0.25,PayFast
O02500,C1000,P014,2025-06-07,1,0.0,Card
O02501,C0310,P029,2026-04-22,3,0.0,EFT
O02502,C0892,P041,2026-03-12,1,0.05,EFT
O02503,C0660,P045,2025-10-27,1,0.0,Card
O02504,C0341,P070,2026-07-07,1,0.0,Card
O02505,C0531,P022,2024-10-27,3,0.0,Card
O02506,C0842,P051,2024-06-26,1,0.0,PayFast
O02507,C0888,P056,2026-05-08,1,0.25,Card
O02508,C0149,P027,2025-07-06,2,0.15,Card
O02509,C0340,P069,2026-05-04,1,0.0,EFT
O02510,C0337,P064,2026-06-01,2,0.0,Card
O02511,C0040,P002,2024-04-16,3,0.1,PayFast
O02512,C0587,P076,2026-05-26,2,0.0,EFT
O02513,C0855,P034,2025-07-14,2,0.25,Card
O02514,C0387,P070,2025-09-06,1,0.15,Cash on Delivery
O02515,C0735,P078,2025-12-06,1,0.1,PayFast
O02516,C0612,P030,2026-06-20,3,0.05,PayFast
O02517,C0382,P066,2024-02-04,1,0.1,Card
O02518,C0133,P004,2025-08-08,1,0.05,Card
O02519,C0702,P003,2026-01-19,2,0.1,EFT
O02520,C0855,P055,2026-02-12,1,0.2,Card
O02521,C0671,P062,2026-01-22,2,0.05,PayFast
O02522,C0018,P031,2024-08-01,4,0.05,PayFast
O02523,C0216,P002,2025-02-18,1,0.0,EFT
O02524,C0065,P011,2025-04-21,2,0.0,Card
O02525,C0559,P045,2026-04-07,1,0.0,PayFast
O02526,C0756,P047,2025-01-27,1,0.0,PayFast
O02527,C0102,P014,2024-11-08,2,0.05,Card
O02528,C0841,P010,2026-07-08,2,0.1,Card
O02529,C0543,P074,2024-01-17,1,0.05,PayFast
O02530,C0679,P077,2026-07-30,4,0.05,EFT
O02531,C0969,P035,2026-01-11,1,0.1,EFT
O02532,C0085,P070,2026-04-22,3,0.2,Card
O02533,C0904,P005,2025-02-13,3,0.1,PayFast
O02534,C0116,P030,2024-01-26,2,0.05,PayFast
O02535,C0396,P077,2026-02-23,2,0.0,PayFast
O02536,C0851,P017,2026-04-26,1,0.1,PayFast
O02537,C0909,P066,2026-02-24,2,0.0,Card
O02538,C0497,P045,2024-08-13,2,0.05,EFT
O02539,C0582,P005,2026-03-05,2,0.05,Card
O02540,C0701,P023,2026-03-15,1,0.05,Card
O02541,C0835,P062,2025-12-29,1,0.1,EFT
O02542,C0113,P004,2026-03-13,4,0.05,Card
O02543,C0813,P010,2026-05-03,4,0.0,EFT
O02544,C0480,P060,2025-11-26,2,0.05,Card
O02545,C0455,P020,2024-05-27,3,0.05,Card
O02546,C0428,P064,2025-08-17,2,0.0,PayFast
O02547,C0498,P041,2024-05-10,2,0.0,PayFast
O02548,C0944,P005,2025-06-07,3,0.05,EFT
O02549,C0538,P001,2025-06-06,1,0.0,EFT
O02550,C0949,P031,2024-04-22,1,0.1,PayFast
O02551,C0169,P047,2025-04-11,3,0.05,Cash on Delivery
O02552,C0716,P043,2024-06-29,2,0.05,Card
O02553,C0815,P016,2026-04-09,1,0.15,Card
O02554,C0666,P044,2026-07-02,3,0.0,Card
O02555,C0594,P068,2024-05-01,1,0.05,Card
O02556,C0552,P046,2026-07-06,3,0.1,Card
O02557,C0863,P032,2025-09-16,2,0.0,EFT
O02558,C0822,P074,2025-02-18,3,0.1,PayFast
O02559,C0113,P029,2024-05-09,3,0.0,PayFast
O02560,C0848,P074,2025-08-28,4,0.0,Card
O02561,C0413,P011,2026-04-01,2,0.2,Card
O02562,C0252,P044,2026-02-02,2,0.2,Card
O02563,C0871,P044,2024-03-27,1,0.25,Card
O02564,C0435,P076,2024-05-02,1,0.1,Card
O02565,C0808,P078,2025-06-02,3,0.05,Card
O02566,C0259,P065,2025-02-14,1,0.1,Card
O02567,C0004,P004,2024-12-05,4,0.05,Card
O02568,C0493,P050,2025-01-29,4,0.05,Card
O02569,C0095,P042,2026-04-06,3,0.1,Card
O02570,C0755,P034,2026-06-22,1,0.0,EFT
O02571,C0276,P016,2025-06-04,3,0.15,PayFast
O02572,C0450,P010,2026-06-08,4,0.0,EFT
O02573,C0087,P062,2025-03-14,1,0.0,PayFast
O02574,C0286,P043,2025-08-08,2,0.0,Card
O02575,C0782,P047,2024-11-27,1,0.0,Card
O02576,C0142,P059,2025-12-16,1,0.15,Card
O02577,C0623,P028,2026-07-20,2,0.05,PayFast
O02578,C0916,P054,2025-11-19,2,0.15,EFT
O02579,C0666,P031,2025-04-20,3,0.05,Card
O02580,C0813,P003,2025-12-22,4,0.0,PayFast
O02581,C0102,P014,2024-07-16,1,0.1,Card
O02582,C0252,P046,2026-05-29,1,0.05,EFT
O02583,C0900,P016,2025-08-30,2,0.05,EFT
O02584,C0710,P078,2025-07-15,2,0.0,EFT
O02585,C0617,P035,2025-11-05,1,0.0,EFT
O02586,C0641,P072,2025-12-05,3,0.0,Card
O02587,C0413,P018,2024-05-01,4,0.05,PayFast
O02588,C0041,P055,2026-01-16,1,0.2,PayFast
O02589,C0785,P075,2024-12-16,2,0.1,Card
O02590,C0665,P057,2026-02-06,1,0.15,Card
O02591,C0472,P044,2026-04-19,2,0.25,PayFast
O02592,C0903,P036,2026-04-07,2,0.0,EFT
O02593,C0337,P047,2025-10-10,3,0.0,Cash on Delivery
O02594,C0292,P037,2025-09-14,1,0.0,PayFast
O02595,C0875,P016,2024-08-13,4,0.15,Card
O02596,C0802,P043,2026-03-19,1,0.2,Card
O02597,C0504,P006,2025-01-18,1,0.15,Card
O02598,C0124,P030,2025-08-25,2,0.15,Card
O02599,C0214,P031,2025-02-02,1,0.15,PayFast
O02600,C0634,P015,2024-07-31,3,0.15,Card
O02601,C0389,P001,2025-12-08,1,0.05,EFT
O02602,C0839,P055,2024-04-03,2,0.0,Card
O02603,C0947,P039,2026-03-02,1,0.05,EFT
O02604,C0806,P050,2025-03-09,2,0.25,EFT
O02605,C0384,P064,2024-01-01,4,0.1,PayFast
O02606,C0791,P055,2025-09-06,1,0.1,Card
O02607,C0349,P038,2024-03-22,2,0.0,Card
O02608,C0155,P047,2025-01-24,3,0.25,Cash on Delivery
O02609,C0032,P048,2026-02-02,1,0.2,Card
O02610,C0391,P028,2024-04-16,3,0.0,EFT
O02611,C0906,P014,2026-04-29,2,0.0,Card
O02612,C0242,P026,2024-01-07,2,0.15,EFT
O02613,C0199,P040,2024-12-21,2,0.0,Cash on Delivery
O02614,C0968,P012,2026-02-25,2,0.05,EFT
O02615,C0023,P027,2025-03-08,2,0.05,Card
O02616,C0787,P022,2024-06-15,3,0.05,Cash on Delivery
O02617,C0326,P059,2025-04-22,1,0.0,Card
O02618,C0038,P060,2025-01-17,1,0.1,Card
O02619,C0917,P035,2026-05-01,2,0.05,PayFast
O02620,C0132,P005,2025-03-05,1,0.1,EFT
O02621,C0540,P059,2026-03-28,1,0.1,Card
O02622,C0274,P014,2026-05-31,1,0.05,Card
O02623,C0063,P057,2025-07-01,4,0.1,Card
O02624,C0047,P059,2026-06-10,2,0.0,Cash on Delivery
O02625,C0108,P028,2025-05-09,4,0.1,PayFast
O02626,C0068,P004,2026-07-12,1,0.0,EFT
O02627,C0763,P073,2024-05-28,4,0.0,Card
O02628,C0483,P022,2026-01-19,4,0.1,Cash on Delivery
O02629,C0342,P075,2025-08-23,1,0.0,EFT
O02630,C0419,P019,2025-05-19,1,0.0,EFT
O02631,C0930,P032,2025-12-11,3,0.15,EFT
O02632,C0910,P041,2026-01-30,2,0.0,Card
O02633,C0710,P063,2024-01-08,2,0.05,Cash on Delivery
O02634,C0892,P064,2024-09-14,1,0.15,Card
O02635,C0323,P003,2026-02-06,2,0.0,Card
O02636,C0387,P064,2026-01-04,2,0.1,Card
O02637,C0600,P058,2026-07-13,2,0.15,EFT
O02638,C0610,P001,2026-03-10,1,0.0,Card
O02639,C0480,P008,2026-07-04,1,0.1,EFT
O02640,C0400,P068,2026-01-29,4,0.1,Card
O02641,C0988,P042,2025-02-17,1,0.2,PayFast
O02642,C0822,P067,2024-06-20,1,0.0,PayFast
O02643,C0439,P013,2026-03-24,1,0.05,Cash on Delivery
O02644,C0719,P007,2025-12-19,2,0.0,PayFast
O02645,C0267,P034,2024-03-24,3,0.05,PayFast
O02646,C0094,P060,2025-04-22,2,0.05,EFT
O02647,C0350,P045,2026-07-07,2,0.1,Cash on Delivery
O02648,C0402,P048,2025-08-28,2,0.05,Card
O02649,C0016,P069,2025-06-30,1,0.0,PayFast
O02650,C0817,P006,2025-07-22,1,0.0,Card
O02651,C0358,P050,2024-11-06,2,0.15,PayFast
O02652,C0567,P074,2025-04-30,1,0.05,Card
O02653,C0072,P021,2025-05-01,4,0.15,EFT
O02654,C0161,P012,2024-03-31,1,0.0,EFT
O02655,C0893,P076,2026-03-14,2,0.1,Card
O02656,C0594,P026,2025-06-15,2,0.1,Cash on Delivery
O02657,C0948,P025,2026-04-18,1,0.15,PayFast
O02658,C1000,P074,2026-05-06,1,0.05,Card
O02659,C0375,P076,2024-11-10,2,0.1,Card
O02660,C0297,P051,2025-12-29,1,0.0,Card
O02661,C0861,P027,2025-08-04,1,0.15,PayFast
O02662,C1000,P059,2026-05-24,1,0.1,Card
O02663,C0613,P015,2024-11-15,2,0.1,Card
O02664,C0800,P015,2026-01-12,1,0.0,PayFast
O02665,C0782,P006,2025-11-22,1,0.1,Card
O02666,C0353,P044,2025-02-14,2,0.2,Cash on Delivery
O02667,C0562,P032,2024-08-04,1,0.1,Cash on Delivery
O02668,C0835,P005,2025-12-24,1,0.0,Card
O02669,C0676,P027,2026-02-23,2,0.1,EFT
O02670,C0020,P039,2025-03-07,3,0.0,Cash on Delivery
O02671,C0337,P037,2025-12-19,1,0.0,Card
O02672,C0135,P072,2025-05-26,2,0.1,Card
O02673,C0236,P044,2026-02-06,3,0.05,Card
O02674,C0908,P018,2024-10-25,1,0.0,Card
O02675,C0038,P076,2026-05-30,1,0.15,PayFast
O02676,C0220,P045,2025-02-05,2,0.15,Card
O02677,C0312,P001,2025-04-29,3,0.0,EFT
O02678,C0603,P077,2024-04-09,1,0.1,EFT
O02679,C0521,P003,2024-06-29,3,0.0,EFT
O02680,C0219,P019,2025-09-10,1,0.05,Card
O02681,C0154,P042,2025-01-14,2,0.05,Cash on Delivery
O02682,C0239,P017,2026-04-27,1,0.0,PayFast
O02683,C0496,P020,2024-01-27,1,0.25,PayFast
O02684,C0269,P055,2025-05-11,1,0.1,EFT
O02685,C0946,P072,2025-03-30,2,0.0,EFT
O02686,C0464,P008,2024-02-04,1,0.1,Card
O02687,C0055,P055,2024-07-18,3,0.0,Card
O02688,C0720,P017,2025-06-12,3,0.05,PayFast
O02689,C0331,P014,2025-08-22,1,0.0,PayFast
O02690,C0630,P001,2025-06-04,1,0.1,Card
O02691,C0282,P032,2025-09-23,1,0.0,Card
O02692,C0559,P052,2025-11-12,4,0.05,Cash on Delivery
O02693,C0775,P058,2024-01-18,1,0.15,Card
O02694,C0929,P009,2025-07-28,1,0.05,Cash on Delivery
O02695,C0258,P045,2026-07-11,1,0.05,Card
O02696,C0337,P032,2025-09-13,1,0.15,Card
O02697,C0464,P033,2026-01-12,2,0.0,Card
O02698,C0927,P008,2025-03-03,3,0.1,EFT
O02699,C0904,P005,2026-03-18,1,0.15,Cash on Delivery
O02700,C0088,P053,2026-03-18,2,0.0,Card
O02701,C0125,P012,2025-09-15,2,0.05,Card
O02702,C0493,P002,2026-07-18,2,0.15,EFT
O02703,C0101,P058,2024-07-20,1,0.05,PayFast
O02704,C0345,P014,2024-01-31,5,0.1,EFT
O02705,C0138,P026,2026-03-16,2,0.05,Card
O02706,C0616,P007,2026-04-09,2,0.0,Card
O02707,C0947,P007,2024-07-12,3,0.0,PayFast
O02708,C0998,P036,2025-01-12,2,0.0,Card
O02709,C0381,P015,2024-02-01,2,0.0,EFT
O02710,C0587,P024,2025-02-12,1,0.15,EFT
O02711,C0859,P058,2026-03-18,1,0.05,Card
O02712,C0109,P004,2025-09-12,1,0.05,Card
O02713,C0678,P026,2025-04-10,2,0.0,PayFast
O02714,C0410,P057,2025-05-03,4,0.15,PayFast
O02715,C0199,P056,2024-01-03,3,0.0,EFT
O02716,C0402,P068,2025-02-19,1,0.0,PayFast
O02717,C0074,P003,2025-12-21,1,0.25,Card
O02718,C0687,P055,2026-07-17,1,0.25,EFT
O02719,C0252,P004,2026-05-04,3,0.1,Card
O02720,C0316,P076,2024-02-11,2,0.05,PayFast
O02721,C0113,P005,2026-06-04,1,0.1,EFT
O02722,C0867,P070,2026-03-24,3,0.05,PayFast
O02723,C0491,P073,2026-03-23,3,0.15,EFT
O02724,C0560,P035,2025-07-23,2,0.0,EFT
O02725,C0559,P009,2025-05-29,1,0.0,Card
O02726,C0412,P078,2025-02-22,2,0.15,Card
O02727,C0184,P077,2024-04-21,3,0.2,Card
O02728,C0738,P078,2024-11-30,2,0.05,Card
O02729,C0117,P009,2024-12-21,1,0.05,EFT
O02730,C0099,P054,2025-08-14,1,0.05,Card
O02731,C0702,P053,2026-03-01,4,0.2,Card
O02732,C0203,P063,2025-08-05,1,0.0,EFT
O02733,C0307,P035,2024-04-09,1,0.15,Cash on Delivery
O02734,C0475,P056,2026-07-08,1,0.1,PayFast
O02735,C0455,P076,2026-06-29,2,0.05,PayFast
O02736,C0701,P058,2026-03-26,3,0.0,PayFast
O02737,C0610,P034,2026-07-27,1,0.05,PayFast
O02738,C0621,P018,2025-10-03,1,0.05,EFT
O02739,C0708,P070,2026-07-11,3,0.0,Card
O02740,C0291,P021,2024-05-07,2,0.1,EFT
O02741,C0327,P034,2025-04-27,1,0.2,PayFast
O02742,C0444,P011,2024-11-26,1,0.1,Cash on Delivery
O02743,C0309,P074,2024-10-21,2,0.05,PayFast
O02744,C0988,P075,2024-08-10,1,0.0,Card
O02745,C0816,P057,2025-12-03,4,0.1,EFT
O02746,C0154,P076,2026-03-23,4,0.2,EFT
O02747,C0005,P010,2025-10-30,5,0.2,PayFast
O02748,C0041,P039,2024-08-18,2,0.0,Card
O02749,C0249,P046,2026-04-11,2,0.1,Card
O02750,C0106,P057,2025-12-13,5,0.05,PayFast
O02751,C0520,P070,2025-05-19,1,0.15,Card
O02752,C0861,P006,2026-01-10,1,0.0,EFT
O02753,C0729,P024,2025-01-05,3,0.05,Card
O02754,C0214,P077,2025-04-07,1,0.1,EFT
O02755,C0400,P021,2026-06-15,2,0.05,PayFast
O02756,C0497,P035,2025-02-09,3,0.05,Card
O02757,C0813,P065,2025-08-02,1,0.1,Card
O02758,C0841,P062,2026-05-30,2,0.0,Card
O02759,C0910,P046,2026-02-02,1,0.0,PayFast
O02760,C0498,P012,2024-04-16,3,0.05,Card
O02761,C0686,P006,2024-08-19,2,0.05,Card
O02762,C0102,P063,2024-01-15,1,0.15,EFT
O02763,C0553,P072,2025-12-09,1,0.1,Card
O02764,C0251,P059,2025-07-13,2,0.15,EFT
O02765,C0435,P051,2024-08-01,1,0.1,PayFast
O02766,C0616,P054,2026-07-08,2,0.0,EFT
O02767,C0256,P050,2025-09-21,2,0.1,PayFast
O02768,C0049,P055,2024-12-16,1,0.05,Card
O02769,C0011,P009,2025-08-28,1,0.0,Card
O02770,C0022,P050,2026-01-13,1,0.25,Card
O02771,C0008,P032,2024-05-08,3,0.05,EFT
O02772,C0102,P017,2025-01-22,1,0.25,PayFast
O02773,C0242,P029,2026-04-09,1,0.05,EFT
O02774,C0221,P030,2025-07-24,2,0.15,Card
O02775,C0988,P034,2025-10-05,1,0.0,PayFast
O02776,C0303,P068,2025-06-30,1,0.05,Card
O02777,C0117,P009,2024-03-17,1,0.0,PayFast
O02778,C0534,P015,2024-09-12,2,0.1,Cash on Delivery
O02779,C0861,P046,2025-07-11,2,0.25,EFT
O02780,C0664,P021,2024-11-07,5,0.15,Cash on Delivery
O02781,C0295,P014,2024-03-27,1,0.05,Card
O02782,C0549,P001,2026-05-02,1,0.25,Card
O02783,C0710,P033,2026-07-21,1,0.05,Card
O02784,C0719,P003,2026-03-31,4,0.05,PayFast
O02785,C0645,P039,2026-05-08,2,0.0,EFT
O02786,C0873,P055,2024-12-16,1,0.0,Card
O02787,C0871,P038,2026-07-10,1,0.1,Card
O02788,C0565,P009,2024-10-22,2,0.1,PayFast
O02789,C0434,P009,2026-07-04,3,0.0,Card
O02790,C0621,P069,2026-07-29,2,0.05,Card
O02791,C0822,P070,2026-02-05,4,0.1,PayFast
O02792,C0005,P060,2026-07-21,3,0.0,Card
O02793,C0995,P057,2025-10-23,1,0.05,PayFast
O02794,C0172,P029,2025-01-05,3,0.1,PayFast
O02795,C0466,P049,2025-07-04,4,0.05,EFT
O02796,C0875,P069,2025-11-11,2,0.2,EFT
O02797,C0225,P075,2024-05-03,1,0.1,Card
O02798,C0476,P065,2025-12-03,1,0.0,PayFast
O02799,C0128,P012,2026-07-21,1,0.05,PayFast
O02800,C0397,P007,2024-10-14,1,0.1,Cash on Delivery
O02801,C0164,P024,2026-03-31,1,0.1,EFT
O02802,C0366,P047,2026-06-09,1,0.2,PayFast
O02803,C0379,P006,2026-06-30,1,0.0,Card
O02804,C0998,P008,2026-07-09,1,0.05,Cash on Delivery
O02805,C0998,P072,2025-09-15,3,0.0,Card
O02806,C0106,P053,2026-07-19,5,0.1,Card
O02807,C0718,P075,2026-03-08,1,0.05,Card
O02808,C0049,P063,2024-09-07,1,0.0,EFT
O02809,C0030,P074,2025-08-08,1,0.0,EFT
O02810,C0100,P075,2026-02-09,1,0.0,PayFast
O02811,C0962,P049,2024-12-22,2,0.0,PayFast
O02812,C0942,P072,2025-12-16,2,0.05,Card
O02813,C0184,P042,2026-01-04,3,0.0,Card
O02814,C0151,P040,2024-09-08,1,0.15,EFT
O02815,C0245,P057,2025-10-20,1,0.15,EFT
O02816,C0506,P040,2026-03-17,3,0.25,Card
O02817,C0559,P065,2025-08-27,3,0.0,Card
O02818,C0221,P048,2024-01-22,1,0.05,Card
O02819,C0756,P017,2024-01-17,3,0.0,Card
O02820,C0312,P038,2025-04-19,1,0.05,Card
O02821,C0921,P078,2026-06-20,1,0.2,Card
O02822,C0636,P055,2024-11-30,1,0.0,Card
O02823,C0442,P038,2025-12-12,1,0.1,EFT
O02824,C0791,P062,2024-11-22,2,0.05,Card
O02825,C0822,P041,2025-03-14,2,0.05,Card
O02826,C0291,P023,2026-05-04,1,0.25,Card
O02827,C0340,P065,2026-02-16,3,0.0,Cash on Delivery
O02828,C0936,P050,2024-06-06,5,0.0,PayFast
O02829,C0154,P069,2025-06-26,1,0.05,EFT
O02830,C0040,P051,2024-02-21,2,0.05,EFT
O02831,C0459,P026,2025-08-12,3,0.0,EFT
O02832,C0804,P046,2026-01-01,1,0.1,Card
O02833,C0775,P035,2024-07-09,1,0.25,Card
O02834,C0918,P034,2025-02-07,3,0.1,Card
O02835,C0520,P019,2025-05-28,2,0.2,Card
O02836,C0094,P068,2026-06-16,1,0.1,PayFast
O02837,C0575,P044,2026-07-28,1,0.0,EFT
O02838,C0779,P050,2024-03-18,3,0.05,EFT
O02839,C0091,P045,2026-03-10,5,0.1,Card
O02840,C0160,P034,2025-05-03,4,0.0,Card
O02841,C0012,P072,2025-05-23,2,0.0,Card
O02842,C0582,P033,2026-03-06,1,0.1,PayFast
O02843,C0893,P007,2026-06-15,1,0.2,Card
O02844,C0653,P048,2026-07-04,1,0.05,Cash on Delivery
O02845,C0984,P026,2025-10-29,3,0.0,Card
O02846,C0061,P025,2025-04-19,1,0.1,Card
O02847,C0906,P069,2026-03-27,2,0.1,PayFast
O02848,C0816,P011,2024-12-26,2,0.2,Card
O02849,C0318,P027,2025-10-19,1,0.0,EFT
O02850,C0975,P022,2025-04-20,2,0.0,PayFast
O02851,C0286,P072,2025-12-28,2,0.1,PayFast
O02852,C0893,P061,2024-12-14,1,0.0,EFT
O02853,C0886,P009,2024-10-16,2,0.05,Card
O02854,C0756,P006,2026-06-15,1,0.1,Card
O02855,C0551,P050,2024-06-15,2,0.1,Card
O02856,C0112,P070,2025-09-02,2,0.0,EFT
O02857,C0520,P030,2024-11-21,1,0.0,Card
O02858,C0353,P005,2024-03-09,3,0.15,Cash on Delivery
O02859,C0794,P014,2024-03-04,2,0.1,Card
O02860,C0758,P061,2024-09-25,2,0.05,Card
O02861,C0910,P055,2026-05-16,1,0.0,Card
O02862,C0015,P047,2025-01-31,1,0.05,PayFast
O02863,C0812,P027,2026-07-04,3,0.15,EFT
O02864,C0938,P061,2025-11-02,2,0.0,Cash on Delivery
O02865,C0791,P071,2025-07-03,1,0.1,EFT
O02866,C0122,P042,2025-11-01,1,0.05,Card
O02867,C0079,P059,2025-09-11,4,0.05,Card
O02868,C0020,P069,2026-03-08,2,0.15,EFT
O02869,C0613,P055,2025-01-31,5,0.05,Cash on Delivery
O02870,C0613,P077,2025-04-15,1,0.25,Card
O02871,C0988,P075,2026-06-01,2,0.15,Card
O02872,C0400,P058,2026-07-02,2,0.0,Card
O02873,C0334,P012,2026-05-31,3,0.25,EFT
O02874,C0610,P049,2025-06-18,2,0.0,Card
O02875,C0827,P027,2026-03-23,3,0.1,EFT
O02876,C0938,P021,2025-08-08,2,0.0,Cash on Delivery
O02877,C0805,P020,2025-08-26,5,0.25,EFT
O02878,C0431,P064,2024-11-01,1,0.2,Card
O02879,C0616,P073,2025-11-09,1,0.0,PayFast
O02880,C0859,P007,2024-10-09,2,0.05,Card
O02881,C0486,P019,2025-03-24,1,0.15,Card
O02882,C0216,P030,2026-05-09,1,0.0,Card
O02883,C0157,P067,2024-11-04,1,0.05,Card
O02884,C0001,P004,2024-04-30,2,0.1,EFT
O02885,C0713,P072,2024-04-26,4,0.1,Cash on Delivery
O02886,C0102,P016,2026-06-28,1,0.0,Card
O02887,C0249,P048,2025-09-03,1,0.0,Card
O02888,C0296,P031,2025-06-08,3,0.0,Card
O02889,C0547,P032,2026-04-11,2,0.0,EFT
O02890,C0400,P007,2026-04-27,3,0.0,Cash on Delivery
O02891,C0660,P071,2025-03-25,2,0.0,Card
O02892,C0053,P076,2026-01-23,1,0.1,Card
O02893,C0113,P001,2026-03-17,1,0.1,Card
O02894,C0496,P052,2025-12-27,4,0.0,PayFast
O02895,C0337,P036,2024-08-24,4,0.2,EFT
O02896,C0295,P057,2026-05-21,3,0.0,PayFast
O02897,C0065,P006,2025-09-29,1,0.25,EFT
O02898,C0900,P055,2025-01-31,1,0.0,PayFast
O02899,C0682,P051,2025-06-23,4,0.0,Card
O02900,C0113,P012,2024-03-06,2,0.15,PayFast
O02901,C0063,P037,2024-07-23,1,0.05,Card
O02902,C0977,P052,2026-03-13,2,0.2,EFT
O02903,C0667,P061,2024-01-01,1,0.1,Card
O02904,C0418,P072,2025-06-15,3,0.05,EFT
O02905,C0697,P038,2025-09-16,2,0.05,Cash on Delivery
O02906,C0756,P073,2024-04-03,2,0.0,EFT
O02907,C0782,P002,2026-07-17,2,0.05,EFT
O02908,C0478,P067,2024-11-27,3,0.05,EFT
O02909,C0434,P063,2025-02-23,3,0.0,Card
O02910,C0011,P076,2025-02-23,1,0.05,PayFast
O02911,C0926,P073,2024-12-02,2,0.05,EFT
O02912,C0590,P031,2024-01-03,1,0.2,Card
O02913,C0195,P046,2026-02-17,2,0.25,EFT
O02914,C0918,P072,2026-07-13,3,0.0,Card
O02915,C0913,P011,2024-11-25,2,0.0,PayFast
O02916,C0990,P074,2026-01-02,1,0.0,Card
O02917,C0875,P060,2026-02-25,1,0.05,PayFast
O02918,C1000,P016,2026-05-05,2,0.05,Cash on Delivery
O02919,C0249,P018,2025-06-21,2,0.05,Card
O02920,C0844,P010,2025-02-22,1,0.1,PayFast
O02921,C0825,P071,2025-03-18,1,0.0,Cash on Delivery
O02922,C0233,P052,2026-02-05,4,0.05,Card
O02923,C0094,P019,2026-04-15,2,0.05,EFT
O02924,C0982,P010,2024-10-03,1,0.15,PayFast
O02925,C0295,P034,2025-05-03,2,0.05,PayFast
O02926,C0873,P014,2026-06-06,3,0.0,Card
O02927,C0004,P063,2026-04-09,3,0.0,Card
O02928,C0020,P065,2026-07-23,1,0.15,Card
O02929,C0465,P047,2026-03-06,2,0.0,EFT
O02930,C0242,P007,2025-05-24,1,0.05,PayFast
O02931,C0679,P044,2025-11-09,1,0.2,EFT
O02932,C0553,P028,2025-12-31,3,0.0,PayFast
O02933,C0075,P023,2024-05-11,2,0.2,EFT
O02934,C0152,P036,2025-10-04,1,0.0,EFT
O02935,C0393,P067,2026-02-03,1,0.1,Cash on Delivery
O02936,C0175,P031,2024-09-14,1,0.25,Card
O02937,C0794,P070,2026-03-23,4,0.1,Card
O02938,C0417,P062,2025-11-04,1,0.1,PayFast
O02939,C0091,P008,2026-07-05,1,0.05,PayFast
O02940,C0483,P023,2024-03-14,3,0.15,Card
O02941,C0090,P012,2025-01-12,1,0.05,Cash on Delivery
O02942,C0120,P006,2025-11-17,2,0.0,PayFast
O02943,C0242,P057,2025-02-15,1,0.05,Card
O02944,C0862,P005,2026-02-07,2,0.15,EFT
O02945,C0924,P002,2026-03-09,1,0.05,PayFast
O02946,C0827,P012,2024-06-16,3,0.05,Card
O02947,C0335,P042,2025-09-08,2,0.0,EFT
O02948,C0270,P073,2025-09-04,2,0.05,EFT
O02949,C0538,P028,2025-05-01,3,0.05,Card
O02950,C0715,P033,2026-06-24,1,0.05,Card
O02951,C0998,P012,2026-04-22,4,0.1,EFT
O02952,C0124,P019,2026-01-26,5,0.0,Card
O02953,C0047,P069,2026-02-07,1,0.2,Cash on Delivery
O02954,C0686,P010,2025-07-26,1,0.0,Card
O02955,C0835,P072,2026-06-17,2,0.05,EFT
O02956,C0847,P009,2026-01-24,2,0.0,PayFast
O02957,C0665,P047,2026-02-17,1,0.05,PayFast
O02958,C0950,P031,2026-05-13,1,0.2,Card
O02959,C0503,P008,2025-01-21,1,0.0,EFT
O02960,C0912,P005,2026-04-09,2,0.05,EFT
O02961,C0966,P029,2024-10-20,5,0.25,PayFast
O02962,C0847,P070,2025-04-07,2,0.05,PayFast
O02963,C0314,P041,2025-03-28,3,0.05,PayFast
O02964,C0188,P039,2026-07-20,1,0.0,Card
O02965,C0538,P043,2026-05-10,1,0.15,PayFast
O02966,C0459,P007,2026-01-29,1,0.05,Card
O02967,C0884,P011,2026-02-15,1,0.05,Card
O02968,C0094,P024,2025-10-18,2,0.0,Card
O02969,C0256,P043,2026-07-02,4,0.0,Card
O02970,C0753,P040,2025-08-25,2,0.1,EFT
O02971,C0092,P030,2025-05-12,1,0.0,Card
O02972,C0326,P065,2024-09-09,4,0.0,PayFast
O02973,C0393,P003,2026-03-26,1,0.15,Cash on Delivery
O02974,C0610,P057,2026-02-20,2,0.0,Cash on Delivery
O02975,C0148,P022,2025-05-16,2,0.05,EFT
O02976,C0863,P030,2024-02-14,1,0.2,Card
O02977,C0454,P011,2026-04-29,2,0.25,PayFast
O02978,C0915,P018,2024-01-21,1,0.2,Cash on Delivery
O02979,C0465,P073,2026-01-30,1,0.25,Card
O02980,C0275,P054,2026-07-15,3,0.1,Card
O02981,C0133,P041,2025-07-04,1,0.0,Cash on Delivery
O02982,C0004,P024,2024-12-08,4,0.0,Cash on Delivery
O02983,C0520,P076,2026-01-31,1,0.1,EFT
O02984,C0101,P005,2026-04-15,1,0.0,PayFast
O02985,C0395,P013,2025-10-05,3,0.1,PayFast
O02986,C0575,P060,2026-07-13,2,0.0,Card
O02987,C0276,P076,2024-03-30,2,0.1,PayFast
O02988,C0161,P009,2025-09-01,1,0.25,Card
O02989,C0777,P028,2026-02-09,4,0.1,Card
O02990,C0946,P075,2026-05-13,1,0.0,Card
O02991,C0095,P005,2024-09-30,3,0.05,EFT
O02992,C0145,P037,2026-04-04,1,0.05,EFT
O02993,C0958,P013,2025-10-10,4,0.25,Card
O02994,C0038,P023,2025-05-27,4,0.05,Cash on Delivery
O02995,C0980,P032,2024-07-28,4,0.1,Card
O02996,C0004,P006,2026-05-15,1,0.0,Card
O02997,C0875,P063,2024-09-01,2,0.05,EFT
O02998,C0309,P051,2025-03-01,2,0.2,PayFast
O02999,C0938,P071,2025-02-08,1,0.05,Cash on Delivery
O03000,C0319,P062,2026-05-19,1,0.1,PayFast
O03001,C0631,P062,2026-01-09,2,0.1,Card
O03002,C0077,P028,2026-04-02,2,0.05,Card
O03003,C0248,P075,2024-12-26,2,0.25,PayFast
O03004,C0777,P003,2025-12-05,1,0.05,Card
O03005,C0518,P021,2025-10-25,1,0.0,Card
O03006,C0928,P045,2026-04-25,3,0.0,Card
O03007,C0434,P049,2026-06-08,1,0.0,Card
O03008,C0871,P037,2024-01-22,1,0.05,Card
O03009,C0455,P008,2026-01-09,2,0.1,EFT
O03010,C0981,P020,2024-03-30,1,0.0,Card
O03011,C0958,P013,2025-10-07,1,0.1,Card
O03012,C0332,P006,2025-02-05,2,0.15,PayFast
O03013,C0892,P006,2025-02-26,1,0.0,Cash on Delivery
O03014,C0847,P070,2025-04-15,2,0.05,Card
O03015,C0204,P002,2025-12-02,1,0.2,Card
O03016,C0610,P051,2025-03-27,1,0.1,EFT
O03017,C0070,P001,2026-02-19,1,0.1,PayFast
O03018,C0839,P059,2025-06-04,1,0.15,EFT
O03019,C0161,P070,2024-04-25,2,0.15,PayFast
O03020,C0067,P012,2026-03-25,1,0.1,Cash on Delivery
O03021,C0400,P040,2025-02-03,1,0.0,PayFast
O03022,C0564,P031,2025-06-30,1,0.15,Card
O03023,C0855,P002,2026-01-18,3,0.0,Card
O03024,C0976,P067,2025-03-25,1,0.0,PayFast
O03025,C0446,P004,2024-04-06,2,0.0,PayFast
O03026,C0058,P015,2025-05-05,1,0.0,Card
O03027,C0745,P071,2026-06-30,1,0.0,Cash on Delivery
O03028,C0553,P022,2025-12-17,1,0.1,Cash on Delivery
O03029,C0455,P022,2026-01-08,1,0.2,EFT
O03030,C0311,P016,2025-12-10,2,0.2,Cash on Delivery
O03031,C0496,P047,2024-10-25,2,0.05,Cash on Delivery
O03032,C0339,P065,2025-06-17,1,0.05,Card
O03033,C0756,P071,2026-03-03,1,0.05,Card
O03034,C0533,P060,2024-06-15,2,0.05,Cash on Delivery
O03035,C0882,P013,2025-01-26,1,0.05,Cash on Delivery
O03036,C0531,P044,2025-01-24,4,0.05,Cash on Delivery
O03037,C0241,P078,2025-06-29,3,0.0,PayFast
O03038,C0851,P078,2026-07-21,4,0.05,EFT
O03039,C0544,P023,2024-04-24,3,0.0,PayFast
O03040,C0202,P040,2025-09-12,3,0.1,PayFast
O03041,C0610,P018,2024-09-30,1,0.1,Card
O03042,C0354,P007,2026-07-15,1,0.0,Card
O03043,C0846,P017,2024-07-02,2,0.15,Card
O03044,C0459,P020,2025-06-03,1,0.0,Card
O03045,C0719,P036,2026-02-23,2,0.1,PayFast
O03046,C0093,P068,2026-01-31,2,0.0,PayFast
O03047,C0399,P047,2025-06-21,2,0.1,Cash on Delivery
O03048,C0986,P017,2025-04-08,2,0.1,Card
O03049,C0809,P027,2025-05-28,5,0.0,Cash on Delivery
O03050,C0148,P020,2025-01-10,1,0.0,Cash on Delivery
O03051,C0278,P064,2024-11-02,1,0.2,EFT
O03052,C0332,P014,2025-08-13,1,0.1,Card
O03053,C0627,P017,2025-01-15,2,0.05,PayFast
O03054,C0756,P053,2025-02-05,1,0.0,EFT
O03055,C0746,P008,2025-12-28,1,0.1,Card
O03056,C0501,P057,2026-07-14,2,0.05,PayFast
O03057,C0813,P013,2025-11-19,2,0.0,Cash on Delivery
O03058,C0443,P003,2024-05-09,2,0.25,Card
O03059,C0113,P010,2024-05-07,2,0.05,EFT
O03060,C0551,P021,2026-07-04,2,0.2,Card
O03061,C0948,P004,2025-02-16,1,0.15,Cash on Delivery
O03062,C0795,P036,2024-06-01,1,0.05,Card
O03063,C0564,P073,2025-11-15,1,0.15,PayFast
O03064,C0623,P054,2025-12-04,2,0.05,Card
O03065,C0930,P072,2025-12-22,3,0.25,Card
O03066,C0434,P051,2025-01-14,2,0.1,PayFast
O03067,C0333,P050,2024-01-28,1,0.05,Card
O03068,C0979,P074,2026-07-12,2,0.05,Card
O03069,C0866,P039,2024-12-26,2,0.1,Cash on Delivery
O03070,C0328,P039,2026-01-11,2,0.05,Card
O03071,C0464,P026,2026-02-01,2,0.1,Card
O03072,C0415,P029,2025-11-24,2,0.0,Card
O03073,C0138,P078,2025-03-05,1,0.05,Card
O03074,C0956,P022,2025-01-18,1,0.05,PayFast
O03075,C0402,P012,2025-11-14,1,0.0,Card
O03076,C0879,P053,2026-05-15,2,0.2,Cash on Delivery
O03077,C0184,P072,2026-07-02,2,0.0,Card
O03078,C0538,P066,2024-06-21,3,0.1,PayFast
O03079,C0022,P069,2024-08-29,2,0.2,EFT
O03080,C0766,P013,2026-07-01,2,0.2,Card
O03081,C0567,P031,2026-02-22,2,0.2,Cash on Delivery
O03082,C0612,P077,2026-05-25,2,0.05,Card
O03083,C0049,P072,2024-10-29,1,0.0,Card
O03084,C0205,P037,2025-11-06,4,0.25,Card
O03085,C0073,P047,2026-01-28,2,0.05,Card
O03086,C0287,P032,2026-01-14,1,0.0,PayFast
O03087,C0612,P031,2025-06-07,1,0.1,Card
O03088,C0554,P068,2024-01-28,2,0.0,PayFast
O03089,C0598,P035,2025-11-03,1,0.05,Cash on Delivery
O03090,C0538,P073,2024-12-29,2,0.05,Cash on Delivery
O03091,C0271,P052,2025-07-16,2,0.15,Cash on Delivery
O03092,C0249,P035,2026-07-08,2,0.2,PayFast
O03093,C0129,P043,2025-05-30,4,0.05,Card
O03094,C0848,P048,2026-04-29,2,0.25,Card
O03095,C0603,P050,2024-10-12,4,0.05,EFT
O03096,C0176,P009,2026-01-08,1,0.2,Card
O03097,C0164,P023,2026-07-19,1,0.05,EFT
O03098,C0875,P002,2024-06-15,2,0.2,PayFast
O03099,C0736,P040,2024-01-16,2,0.15,Card
O03100,C0637,P052,2025-07-01,2,0.0,PayFast
O03101,C0405,P074,2024-06-02,1,0.0,Card
O03102,C0258,P015,2026-03-02,3,0.0,EFT
O03103,C0982,P036,2026-06-13,1,0.05,Cash on Delivery
O03104,C0802,P016,2025-07-01,1,0.05,PayFast
O03105,C0300,P037,2025-01-04,1,0.1,Card
O03106,C0847,P070,2025-07-01,2,0.0,PayFast
O03107,C0760,P054,2026-02-13,3,0.0,Card
O03108,C0296,P040,2024-01-17,1,0.15,EFT
O03109,C0430,P053,2025-11-08,1,0.1,Card
O03110,C0175,P003,2025-11-26,1,0.1,Cash on Delivery
O03111,C0102,P064,2025-12-14,4,0.15,PayFast
O03112,C0716,P019,2024-12-16,4,0.0,Cash on Delivery
O03113,C0265,P058,2026-02-06,1,0.2,Card
O03114,C0822,P021,2024-05-31,1,0.15,EFT
O03115,C0998,P023,2024-10-25,1,0.2,Cash on Delivery
O03116,C0074,P034,2026-05-22,1,0.1,PayFast
O03117,C0473,P064,2026-02-23,1,0.05,EFT
O03118,C0804,P021,2024-01-25,3,0.2,EFT
O03119,C0791,P068,2024-12-23,1,0.0,Cash on Delivery
O03120,C0762,P019,2024-11-13,1,0.05,EFT
O03121,C0346,P074,2025-01-18,1,0.1,Card
O03122,C0459,P025,2024-12-22,2,0.0,PayFast
O03123,C0583,P006,2024-04-16,4,0.1,Card
O03124,C0976,P020,2025-07-23,3,0.2,Card
O03125,C0330,P048,2026-02-19,1,0.05,PayFast
O03126,C0923,P005,2025-11-21,1,0.0,PayFast
O03127,C0267,P023,2026-01-09,2,0.0,Card
O03128,C0990,P060,2024-05-15,2,0.2,Card
O03129,C0652,P004,2026-07-04,2,0.0,EFT
O03130,C0464,P016,2026-04-28,3,0.0,Card
O03131,C0600,P012,2026-04-07,2,0.0,Card
O03132,C0270,P016,2026-04-19,1,0.1,Card
O03133,C0274,P020,2026-06-24,2,0.05,PayFast
O03134,C0105,P004,2025-10-03,2,0.0,Cash on Delivery
O03135,C0105,P063,2024-10-27,3,0.0,Cash on Delivery
O03136,C0345,P046,2025-11-29,3,0.15,EFT
O03137,C0764,P031,2026-02-26,1,0.0,EFT
O03138,C0594,P057,2026-02-23,1,0.1,PayFast
O03139,C0096,P078,2025-09-15,2,0.0,Card
O03140,C0851,P061,2024-04-25,2,0.15,Cash on Delivery
O03141,C0588,P029,2025-05-03,3,0.0,Card
O03142,C0958,P055,2026-06-17,1,0.05,Card
O03143,C0652,P051,2025-11-04,1,0.0,PayFast
O03144,C0161,P006,2025-09-29,2,0.05,EFT
O03145,C0475,P016,2025-01-16,3,0.15,PayFast
O03146,C0624,P026,2025-04-30,1,0.0,EFT
O03147,C0027,P020,2026-06-02,1,0.05,PayFast
O03148,C0015,P071,2026-01-04,1,0.25,EFT
O03149,C0122,P024,2026-03-27,2,0.25,EFT
O03150,C0252,P056,2025-07-19,4,0.1,EFT
O03151,C0434,P034,2025-12-09,3,0.05,Card
O03152,C0484,P034,2024-12-23,1,0.0,PayFast
O03153,C0131,P028,2026-01-31,5,0.25,Card
O03154,C0657,P021,2025-06-25,4,0.05,EFT
O03155,C0583,P078,2025-07-09,1,0.25,Card
O03156,C0292,P073,2025-12-23,1,0.15,PayFast
O03157,C0014,P024,2026-06-26,1,0.2,Card
O03158,C0075,P049,2024-04-18,1,0.15,PayFast
O03159,C0395,P044,2026-04-20,1,0.1,PayFast
O03160,C0145,P032,2025-02-11,3,0.1,Cash on Delivery
O03161,C0383,P032,2025-07-10,1,0.1,EFT
O03162,C0613,P035,2024-02-08,1,0.1,Card
O03163,C0536,P031,2025-02-20,1,0.1,Card
O03164,C0233,P072,2025-08-30,4,0.1,EFT
O03165,C0344,P042,2024-04-06,1,0.15,Card
O03166,C0600,P050,2025-08-20,1,0.1,EFT
O03167,C0863,P037,2026-06-20,2,0.0,PayFast
O03168,C0755,P061,2024-06-21,2,0.05,Card
O03169,C0541,P036,2026-03-12,3,0.0,Card
O03170,C0364,P073,2025-06-09,1,0.0,EFT
O03171,C0366,P009,2025-12-27,1,0.05,Cash on Delivery
O03172,C0885,P010,2025-01-06,1,0.1,EFT
O03173,C0040,P043,2024-09-04,1,0.0,PayFast
O03174,C0989,P012,2024-09-05,2,0.05,PayFast
O03175,C0641,P076,2024-04-29,1,0.05,Card
O03176,C0667,P024,2024-10-08,1,0.15,PayFast
O03177,C0038,P003,2026-01-02,1,0.05,Card
O03178,C0591,P002,2026-05-25,1,0.15,EFT
O03179,C0483,P018,2026-04-13,2,0.0,Card
O03180,C0101,P026,2026-01-17,2,0.1,Card
O03181,C0278,P052,2024-06-28,2,0.05,EFT
O03182,C0893,P005,2025-02-07,2,0.05,Card
O03183,C0538,P022,2025-03-01,1,0.15,Card
O03184,C0412,P078,2024-12-25,5,0.0,Card
O03185,C0070,P050,2025-09-09,2,0.0,PayFast
O03186,C0708,P074,2025-09-26,4,0.05,EFT
O03187,C0697,P070,2025-04-19,1,0.0,EFT
O03188,C0600,P027,2025-04-16,4,0.1,PayFast
O03189,C0501,P040,2026-04-22,1,0.1,EFT
O03190,C0437,P049,2026-03-28,1,0.0,PayFast
O03191,C0582,P075,2025-02-27,2,0.0,Card
O03192,C0237,P006,2026-06-13,1,0.05,Card
O03193,C0943,P004,2026-07-05,3,0.05,Card
O03194,C0575,P037,2025-03-19,2,0.05,PayFast
O03195,C0315,P062,2025-04-16,1,0.0,Card
O03196,C0455,P072,2025-09-02,2,0.0,EFT
O03197,C0806,P056,2026-06-28,2,0.0,Card
O03198,C0151,P058,2026-05-22,4,0.15,Card
O03199,C0291,P026,2024-06-16,1,0.0,EFT
O03200,C0666,P005,2025-05-24,1,0.0,Card
O03201,C0319,P032,2025-10-11,1,0.1,EFT
O03202,C0794,P005,2025-08-30,2,0.05,Card
O03203,C0123,P055,2024-10-19,2,0.25,Card
O03204,C0764,P015,2026-05-11,3,0.05,Card
O03205,C0065,P073,2026-01-12,2,0.0,Card
O03206,C0013,P048,2026-04-28,2,0.1,Card
O03207,C0902,P045,2026-05-11,1,0.05,EFT
O03208,C0567,P027,2026-03-02,1,0.0,Card
O03209,C0349,P041,2025-07-06,2,0.2,EFT
O03210,C0236,P072,2025-11-24,3,0.1,EFT
O03211,C0603,P045,2024-09-05,4,0.05,Card
O03212,C0498,P039,2026-01-09,5,0.1,PayFast
O03213,C0994,P038,2024-09-30,2,0.0,Card
O03214,C0986,P010,2026-01-23,3,0.0,Card
O03215,C0616,P073,2024-12-01,4,0.05,Cash on Delivery
O03216,C0450,P032,2024-07-08,3,0.2,Card
O03217,C0486,P075,2024-09-12,2,0.0,PayFast
O03218,C0670,P053,2024-01-04,1,0.05,EFT
O03219,C0096,P072,2026-02-10,1,0.0,EFT
O03220,C0331,P065,2026-02-19,1,0.1,EFT
O03221,C0073,P028,2025-09-09,5,0.1,EFT
O03222,C0071,P067,2024-09-07,2,0.2,Card
O03223,C0188,P021,2024-05-19,1,0.0,PayFast
O03224,C0483,P074,2024-02-04,1,0.0,Card
O03225,C0786,P062,2024-09-12,3,0.05,Card
O03226,C0483,P067,2026-05-30,1,0.0,Cash on Delivery
O03227,C0337,P053,2024-12-15,1,0.05,EFT
O03228,C0081,P017,2025-04-16,1,0.0,Card
O03229,C0539,P073,2024-06-20,1,0.0,PayFast
O03230,C0269,P019,2024-11-23,2,0.0,Card
O03231,C0602,P004,2025-09-13,1,0.1,Card
O03232,C0979,P018,2025-11-22,3,0.0,PayFast
O03233,C0102,P043,2024-12-20,3,0.15,EFT
O03234,C0206,P077,2024-04-08,1,0.0,Card
O03235,C0473,P061,2025-05-22,4,0.05,Card
O03236,C0967,P011,2024-12-07,4,0.1,PayFast
O03237,C0775,P034,2024-11-19,2,0.05,Card
O03238,C0902,P042,2026-07-09,1,0.0,Card
O03239,C0335,P070,2025-11-28,2,0.0,Card
O03240,C0996,P024,2025-10-13,1,0.05,PayFast
O03241,C0096,P018,2025-06-14,1,0.0,Card
O03242,C0053,P038,2025-06-26,1,0.05,EFT
O03243,C0857,P003,2025-10-01,1,0.1,Cash on Delivery
O03244,C0927,P054,2026-01-25,2,0.1,PayFast
O03245,C0090,P051,2026-01-29,3,0.05,Card
O03246,C0105,P071,2024-09-20,3,0.25,EFT
O03247,C0032,P019,2025-08-28,2,0.0,Cash on Delivery
O03248,C0100,P007,2025-06-11,1,0.15,Card
O03249,C0203,P063,2026-05-18,1,0.0,EFT
O03250,C0968,P025,2025-12-10,5,0.0,PayFast
O03251,C0647,P008,2025-09-24,1,0.05,Cash on Delivery
O03252,C0779,P047,2024-07-05,4,0.0,PayFast
O03253,C0777,P036,2025-11-20,1,0.0,Card
O03254,C0522,P044,2024-07-08,2,0.1,Cash on Delivery
O03255,C0803,P026,2025-03-30,1,0.05,Card
O03256,C0583,P030,2024-08-13,1,0.0,Card
O03257,C0318,P074,2026-01-22,5,0.0,PayFast
O03258,C0548,P030,2024-11-03,1,0.0,Card
O03259,C0520,P057,2025-05-23,1,0.1,EFT
O03260,C0825,P055,2026-06-02,3,0.05,PayFast
O03261,C0984,P057,2024-11-01,3,0.0,EFT
O03262,C0412,P045,2025-09-03,3,0.0,PayFast
O03263,C0764,P008,2025-06-18,1,0.1,Card
O03264,C0094,P011,2024-02-02,4,0.0,Card
O03265,C0777,P075,2026-03-31,2,0.0,EFT
O03266,C0375,P031,2024-04-26,1,0.0,PayFast
O03267,C0040,P017,2025-08-06,1,0.05,EFT
O03268,C0365,P075,2025-10-16,3,0.1,PayFast
O03269,C0596,P003,2025-12-07,1,0.1,PayFast
O03270,C0111,P017,2026-01-20,1,0.15,Card
O03271,C0924,P053,2024-12-29,4,0.0,PayFast
O03272,C0075,P060,2024-01-18,2,0.2,PayFast
O03273,C0930,P061,2026-02-13,2,0.1,Card
O03274,C0701,P034,2025-09-26,1,0.1,PayFast
O03275,C0332,P024,2026-04-27,4,0.0,Card
O03276,C0394,P070,2026-04-18,1,0.15,Card
O03277,C0736,P061,2026-05-01,2,0.0,PayFast
O03278,C0588,P009,2025-08-15,1,0.0,Card
O03279,C0654,P075,2025-03-26,3,0.0,Card
O03280,C0393,P069,2026-03-30,1,0.0,EFT
O03281,C0484,P019,2025-07-17,4,0.05,EFT
O03282,C0990,P058,2024-10-05,2,0.2,Cash on Delivery
O03283,C0212,P013,2026-05-09,1,0.0,Card
O03284,C0419,P068,2026-05-25,2,0.05,Card
O03285,C0291,P045,2025-07-30,5,0.05,PayFast
O03286,C0766,P007,2024-05-07,2,0.15,PayFast
O03287,C0766,P059,2025-05-19,3,0.15,EFT
O03288,C0291,P005,2026-04-07,3,0.2,EFT
O03289,C0079,P046,2026-06-06,1,0.25,EFT
O03290,C0011,P046,2024-10-31,1,0.0,PayFast
O03291,C0432,P015,2024-04-23,2,0.0,Card
O03292,C0412,P064,2026-05-22,4,0.1,Card
O03293,C0989,P072,2025-05-20,2,0.0,Card
O03294,C0465,P038,2025-10-01,1,0.0,Card
O03295,C0256,P042,2026-07-14,2,0.0,PayFast
O03296,C0896,P049,2024-04-22,3,0.0,Card
O03297,C0486,P001,2025-12-22,2,0.15,Card
O03298,C0587,P038,2024-05-04,1,0.05,PayFast
O03299,C0093,P003,2025-05-07,1,0.15,EFT
O03300,C0387,P077,2026-04-07,2,0.0,Card
O03301,C0944,P003,2025-07-01,3,0.0,Card
O03302,C0575,P049,2026-07-30,3,0.1,Card
O03303,C0345,P041,2025-10-15,1,0.1,EFT
O03304,C0612,P024,2025-03-13,1,0.1,Card
O03305,C0910,P077,2024-11-20,2,0.05,Card
O03306,C0274,P058,2025-04-12,4,0.05,Cash on Delivery
O03307,C0497,P021,2025-05-04,4,0.05,Card
O03308,C0957,P011,2024-04-26,3,0.0,Card
O03309,C0160,P078,2025-05-01,1,0.1,EFT
O03310,C0714,P021,2025-07-28,1,0.0,Card
O03311,C0601,P053,2026-02-12,1,0.0,Card
O03312,C0666,P075,2025-12-28,1,0.05,EFT
O03313,C0347,P020,2026-02-03,2,0.0,EFT
O03314,C0318,P038,2024-01-16,2,0.2,Card
O03315,C0671,P049,2024-11-17,1,0.1,EFT
O03316,C0214,P004,2026-01-01,2,0.05,Card
O03317,C0421,P027,2025-08-14,2,0.0,EFT
O03318,C0178,P006,2024-01-10,1,0.05,PayFast
O03319,C0008,P029,2026-04-07,2,0.0,PayFast
O03320,C0968,P011,2026-03-18,1,0.0,PayFast
O03321,C0435,P023,2025-10-07,3,0.05,Card
O03322,C0968,P015,2024-04-22,2,0.05,PayFast
O03323,C0133,P070,2026-03-14,1,0.05,Card
O03324,C0572,P002,2025-11-03,1,0.05,EFT
O03325,C0191,P034,2026-03-24,2,0.0,Card
O03326,C0791,P040,2026-03-04,3,0.15,EFT
O03327,C0785,P006,2026-04-06,3,0.0,PayFast
O03328,C0105,P064,2025-09-12,1,0.05,Card
O03329,C0911,P041,2024-08-09,2,0.1,PayFast
O03330,C0184,P052,2026-01-07,1,0.15,Cash on Delivery
O03331,C0599,P016,2025-12-01,2,0.1,Card
O03332,C0988,P024,2026-02-26,1,0.0,PayFast
O03333,C0888,P019,2024-09-18,1,0.0,Card
O03334,C0954,P009,2024-10-20,1,0.0,Card
O03335,C0341,P028,2026-05-30,3,0.0,Cash on Delivery
O03336,C0101,P066,2026-03-03,4,0.05,PayFast
O03337,C0178,P015,2026-06-09,1,0.15,Card
O03338,C0496,P053,2026-03-08,2,0.05,EFT
O03339,C0796,P074,2025-11-14,2,0.0,Card
O03340,C0139,P026,2025-12-26,1,0.05,Card
O03341,C0637,P056,2026-05-29,1,0.0,EFT
O03342,C0328,P022,2025-10-31,2,0.0,Card
O03343,C0341,P026,2025-12-10,2,0.05,Card
O03344,C0640,P051,2024-08-31,1,0.0,Card
O03345,C0465,P006,2025-08-06,1,0.0,Card
O03346,C0815,P068,2026-02-08,3,0.05,Card
O03347,C0145,P046,2025-01-18,2,0.0,Card
O03348,C0791,P022,2024-10-29,2,0.05,EFT
O03349,C0063,P008,2025-03-06,2,0.05,Card
O03350,C0184,P059,2024-12-15,3,0.2,PayFast
O03351,C0634,P023,2024-11-14,3,0.25,Card
O03352,C0855,P065,2025-06-23,2,0.05,Cash on Delivery
O03353,C0252,P027,2026-06-09,1,0.05,PayFast
O03354,C0330,P011,2025-09-03,2,0.1,PayFast
O03355,C0527,P070,2024-10-11,4,0.1,Cash on Delivery
O03356,C0205,P023,2024-05-09,1,0.0,Card
O03357,C0813,P040,2026-01-25,4,0.0,PayFast
O03358,C0777,P025,2025-05-14,1,0.05,Card
O03359,C0135,P029,2026-04-18,2,0.0,EFT
O03360,C0464,P066,2025-12-30,2,0.0,PayFast
O03361,C0777,P060,2026-04-02,2,0.1,Card
O03362,C0337,P062,2025-01-19,1,0.2,Cash on Delivery
O03363,C0614,P003,2026-01-22,1,0.15,EFT
O03364,C0048,P013,2025-01-10,2,0.05,EFT
O03365,C0594,P048,2026-06-27,3,0.0,EFT
O03366,C0143,P069,2025-12-13,2,0.15,PayFast
O03367,C0834,P032,2025-03-17,3,0.1,EFT
O03368,C0353,P057,2025-01-16,4,0.0,PayFast
O03369,C0282,P015,2024-10-15,1,0.05,EFT
O03370,C0842,P069,2026-01-24,2,0.05,Card
O03371,C0047,P064,2024-11-18,1,0.1,PayFast
O03372,C0399,P020,2025-11-12,2,0.05,EFT
O03373,C0374,P052,2025-01-11,2,0.1,EFT
O03374,C0283,P046,2026-01-01,2,0.0,Card
O03375,C0911,P027,2026-04-14,1,0.05,EFT
O03376,C0751,P021,2026-03-21,1,0.0,Card
O03377,C0063,P056,2026-03-10,2,0.0,Card
O03378,C0709,P039,2024-10-11,3,0.05,EFT
O03379,C0517,P057,2024-05-26,1,0.05,Cash on Delivery
O03380,C0904,P053,2026-01-27,1,0.25,Card
O03381,C0317,P057,2025-04-30,2,0.05,Card
O03382,C0562,P001,2025-06-30,2,0.05,Card
O03383,C0496,P064,2024-02-24,1,0.05,EFT
O03384,C0485,P074,2025-01-05,1,0.0,PayFast
O03385,C0460,P025,2024-02-29,3,0.15,PayFast
O03386,C0199,P015,2026-05-23,1,0.0,PayFast
O03387,C0756,P067,2024-12-17,4,0.0,Card
O03388,C0457,P075,2025-10-14,2,0.05,PayFast
O03389,C0957,P038,2024-03-09,3,0.05,Card
O03390,C0258,P041,2026-01-04,1,0.1,EFT
O03391,C0670,P066,2025-03-15,3,0.15,Card
O03392,C0942,P022,2026-06-03,1,0.15,Card
O03393,C0641,P052,2026-05-29,1,0.05,Card
O03394,C0873,P038,2025-03-18,2,0.2,Card
O03395,C0830,P070,2026-06-05,1,0.05,Card
O03396,C0361,P067,2026-07-29,1,0.0,EFT
O03397,C0587,P070,2026-04-20,2,0.0,EFT
O03398,C0145,P006,2026-05-02,1,0.0,PayFast
O03399,C0524,P071,2024-12-24,1,0.05,EFT
O03400,C0233,P014,2025-10-29,2,0.05,PayFast
O03401,C0736,P002,2024-04-24,1,0.25,Cash on Delivery
O03402,C0517,P002,2024-06-05,1,0.0,EFT
O03403,C0412,P050,2026-07-31,3,0.05,EFT
O03404,C0265,P077,2025-03-19,1,0.0,PayFast
O03405,C1000,P046,2026-03-01,1,0.0,Card
O03406,C0069,P073,2026-04-08,1,0.05,EFT
O03407,C0041,P038,2026-05-10,1,0.05,EFT
O03408,C0217,P062,2026-07-30,4,0.2,EFT
O03409,C0969,P068,2024-12-15,2,0.05,EFT
O03410,C0981,P005,2024-03-11,1,0.1,Card
O03411,C0631,P048,2025-06-10,3,0.0,Card
O03412,C0886,P038,2024-07-26,1,0.25,Card
O03413,C0212,P077,2024-02-09,4,0.05,Card
O03414,C0972,P044,2025-04-22,4,0.05,PayFast
O03415,C0133,P048,2026-03-25,1,0.2,Card
O03416,C0096,P017,2025-10-21,1,0.2,EFT
O03417,C0103,P056,2025-03-04,3,0.0,PayFast
O03418,C0562,P023,2025-12-26,1,0.15,Card
O03419,C0782,P002,2024-12-04,1,0.0,EFT
O03420,C0368,P038,2024-01-26,1,0.0,EFT
O03421,C0981,P062,2026-03-12,4,0.0,Card
O03422,C0439,P042,2025-12-04,1,0.0,Card
O03423,C0139,P022,2026-03-11,1,0.15,Card
O03424,C0465,P029,2024-03-09,1,0.05,Card
O03425,C0665,P018,2026-04-28,1,0.1,Card
O03426,C0835,P022,2025-12-01,2,0.15,EFT
O03427,C0461,P001,2025-10-19,2,0.05,EFT
O03428,C0582,P012,2025-12-05,4,0.0,Cash on Delivery
O03429,C0265,P061,2026-05-14,1,0.1,Card
O03430,C0621,P060,2025-11-06,2,0.05,Card
O03431,C0988,P070,2025-11-01,2,0.1,EFT
O03432,C0047,P042,2026-07-26,2,0.0,EFT
O03433,C0893,P040,2026-03-07,1,0.15,Card
O03434,C0551,P041,2025-07-09,1,0.0,EFT
O03435,C0252,P063,2026-02-02,1,0.0,Card
O03436,C0952,P044,2025-05-20,4,0.05,EFT
O03437,C0483,P047,2024-11-30,1,0.0,Card
O03438,C0333,P040,2025-11-14,1,0.0,Card
O03439,C0171,P028,2026-06-21,1,0.0,Card
O03440,C0249,P068,2026-06-22,2,0.15,Card
O03441,C0835,P060,2025-04-04,1,0.05,Cash on Delivery
O03442,C0601,P074,2025-09-20,2,0.0,PayFast
O03443,C0912,P078,2024-11-10,1,0.0,EFT
O03444,C0234,P069,2026-07-29,1,0.0,EFT
O03445,C0113,P054,2026-07-21,1,0.1,EFT
O03446,C0005,P031,2025-12-23,3,0.05,EFT
O03447,C0497,P024,2026-04-07,1,0.0,EFT
O03448,C1000,P069,2026-02-07,3,0.15,EFT
O03449,C0686,P046,2025-11-11,3,0.05,EFT
O03450,C0310,P002,2024-04-01,1,0.05,Card
O03451,C0882,P009,2025-07-20,1,0.0,EFT
O03452,C0782,P053,2026-01-10,1,0.1,PayFast
O03453,C0016,P029,2026-01-12,2,0.15,EFT
O03454,C0820,P013,2025-05-05,2,0.15,Card
O03455,C0298,P062,2026-06-29,1,0.0,Card
O03456,C0138,P012,2024-09-14,2,0.05,Card
O03457,C0227,P021,2025-08-28,2,0.05,PayFast
O03458,C0465,P040,2026-01-21,1,0.15,Card
O03459,C0428,P078,2026-01-26,2,0.15,EFT
O03460,C0287,P056,2025-12-22,1,0.2,Card
O03461,C0160,P076,2025-01-23,2,0.1,EFT
O03462,C0764,P015,2024-08-31,1,0.05,Card
O03463,C0991,P030,2025-12-13,2,0.05,Card
O03464,C0779,P044,2025-11-15,1,0.1,EFT
O03465,C0295,P053,2024-09-30,2,0.0,Card
O03466,C0249,P038,2026-01-31,1,0.1,EFT
O03467,C0217,P067,2025-07-20,1,0.1,PayFast
O03468,C0129,P059,2026-01-05,2,0.05,EFT
O03469,C0540,P048,2026-04-28,3,0.15,Card
O03470,C0591,P074,2024-09-18,1,0.05,PayFast
O03471,C0700,P015,2024-02-04,3,0.0,Card
O03472,C0667,P057,2026-03-22,2,0.05,EFT
O03473,C0291,P010,2025-11-23,3,0.0,EFT
O03474,C0333,P078,2026-01-27,4,0.05,Card
O03475,C0669,P002,2026-04-28,4,0.1,EFT
O03476,C0346,P034,2026-04-06,4,0.15,Cash on Delivery
O03477,C0209,P027,2026-07-10,1,0.1,Card
O03478,C0380,P051,2025-09-27,5,0.0,Card
O03479,C0270,P028,2025-08-18,2,0.0,EFT
O03480,C0087,P056,2025-06-01,3,0.0,Card
O03481,C0834,P032,2024-08-27,2,0.25,PayFast
O03482,C0852,P011,2025-10-26,1,0.2,EFT
O03483,C0220,P003,2025-01-25,2,0.1,PayFast
O03484,C0063,P074,2026-06-17,2,0.0,Card
O03485,C0733,P060,2025-11-03,2,0.05,Card
O03486,C0205,P055,2025-11-11,4,0.05,Card
O03487,C0396,P048,2025-04-17,1,0.15,Card
O03488,C0063,P065,2024-03-30,2,0.0,Cash on Delivery
O03489,C0227,P002,2024-02-25,3,0.1,Card
O03490,C0795,P051,2025-06-21,1,0.1,Card
O03491,C0806,P031,2024-05-20,3,0.0,Card
O03492,C0202,P069,2025-11-21,1,0.05,EFT
O03493,C0337,P018,2026-05-24,2,0.0,Card
O03494,C0128,P055,2026-05-25,1,0.0,EFT
O03495,C0072,P069,2025-12-30,3,0.15,Cash on Delivery
O03496,C0996,P006,2024-11-09,1,0.0,Card
O03497,C0632,P028,2026-05-13,2,0.0,Card
O03498,C0531,P044,2026-05-27,4,0.1,EFT
O03499,C0766,P027,2024-10-22,1,0.05,PayFast
O03500,C0842,P011,2026-02-22,1,0.0,Cash on Delivery
O03501,C0807,P052,2025-02-04,2,0.0,Card
O03502,C0016,P008,2026-04-06,2,0.1,EFT
O03503,C0177,P056,2026-07-30,1,0.1,Card
O03504,C0631,P032,2024-02-22,1,0.0,Card
O03505,C0383,P049,2026-06-03,1,0.05,Card
O03506,C0986,P045,2025-12-03,3,0.0,Card
O03507,C0643,P032,2026-07-17,1,0.1,Card
O03508,C0954,P018,2025-07-29,3,0.2,EFT
O03509,C0191,P024,2026-05-04,2,0.15,EFT
O03510,C0866,P054,2024-04-16,5,0.1,Card
O03511,C0326,P044,2025-03-28,4,0.0,EFT
O03512,C0990,P049,2024-04-23,3,0.0,PayFast
O03513,C0148,P053,2026-07-18,1,0.15,EFT
O03514,C0506,P060,2026-04-15,4,0.0,PayFast
O03515,C0795,P043,2026-05-07,2,0.15,PayFast
O03516,C0435,P053,2026-06-27,3,0.0,Card
O03517,C0465,P016,2024-05-21,1,0.1,EFT
O03518,C0988,P018,2025-05-17,2,0.0,Card
O03519,C0428,P063,2024-04-29,1,0.05,PayFast
O03520,C0591,P066,2024-11-09,3,0.0,Card
O03521,C0053,P035,2024-12-01,2,0.05,EFT
O03522,C0844,P076,2025-08-01,1,0.0,Card
O03523,C0624,P053,2025-01-15,2,0.0,EFT
O03524,C0402,P034,2024-06-14,2,0.15,EFT
O03525,C0016,P078,2024-09-15,2,0.1,Card
O03526,C0578,P023,2024-08-19,1,0.05,PayFast
O03527,C0013,P066,2026-07-17,2,0.0,Card
O03528,C0001,P045,2026-03-09,1,0.1,PayFast
O03529,C0602,P043,2026-07-14,2,0.15,Card
O03530,C0184,P063,2025-07-06,1,0.0,Card
O03531,C0184,P055,2025-01-26,3,0.2,PayFast
O03532,C0630,P014,2026-04-03,3,0.15,PayFast
O03533,C0053,P005,2025-03-19,1,0.2,EFT
O03534,C0317,P067,2025-02-18,4,0.05,Card
O03535,C0138,P061,2024-12-05,1,0.1,PayFast
O03536,C0566,P029,2024-07-25,2,0.0,Card
O03537,C0639,P061,2025-01-02,1,0.15,Card
O03538,C0715,P002,2025-04-17,2,0.1,Card
O03539,C0254,P045,2026-01-09,1,0.15,PayFast
O03540,C0088,P003,2024-04-16,1,0.0,Card
O03541,C0075,P034,2024-11-08,3,0.25,PayFast
O03542,C0429,P009,2026-04-10,2,0.0,PayFast
O03543,C0944,P011,2024-08-18,2,0.1,Card
O03544,C0217,P060,2025-04-04,1,0.0,Card
O03545,C0256,P003,2026-05-14,1,0.1,EFT
O03546,C0095,P035,2024-08-29,1,0.0,Card
O03547,C0591,P031,2024-05-18,3,0.1,Card
O03548,C0666,P062,2025-08-15,2,0.0,PayFast
O03549,C0621,P019,2025-02-21,1,0.0,PayFast
O03550,C0863,P004,2025-10-19,2,0.1,EFT
O03551,C0484,P050,2026-04-07,5,0.15,EFT
O03552,C0128,P027,2024-08-05,1,0.05,PayFast
O03553,C0290,P039,2025-11-01,3,0.0,Card
O03554,C0640,P028,2025-09-01,1,0.0,EFT
O03555,C0599,P007,2024-08-14,1,0.0,EFT
O03556,C0518,P013,2025-12-04,2,0.0,EFT
O03557,C0670,P020,2025-01-21,2,0.05,EFT
O03558,C0617,P008,2025-08-17,4,0.0,Card
O03559,C0887,P077,2024-05-17,1,0.1,Card
O03560,C0569,P054,2025-07-24,2,0.0,Card
O03561,C0779,P053,2025-02-26,4,0.05,Card
O03562,C0251,P060,2026-04-18,2,0.0,Card
O03563,C0664,P064,2024-04-07,1,0.0,Cash on Delivery
O03564,C0905,P002,2025-06-17,1,0.05,EFT
O03565,C0391,P012,2025-07-23,1,0.1,EFT
O03566,C0779,P022,2026-02-14,1,0.0,EFT
O03567,C0717,P049,2025-10-27,2,0.1,EFT
O03568,C0056,P010,2026-01-05,2,0.05,Card
O03569,C0567,P004,2026-03-20,3,0.0,PayFast
O03570,C0122,P036,2026-05-13,2,0.1,PayFast
O03571,C0966,P015,2025-03-06,2,0.05,PayFast
O03572,C0814,P009,2025-09-28,2,0.0,Card
O03573,C0102,P032,2026-04-29,1,0.25,Card
O03574,C0113,P029,2026-07-26,3,0.0,Cash on Delivery
O03575,C0583,P017,2026-05-29,1,0.0,EFT
O03576,C0345,P002,2025-05-03,1,0.0,PayFast
O03577,C0035,P035,2024-10-20,3,0.0,Cash on Delivery
O03578,C0531,P003,2025-08-19,2,0.0,PayFast
O03579,C0393,P061,2026-02-25,3,0.05,Card
O03580,C0096,P024,2025-08-22,1,0.1,Card
O03581,C0804,P029,2025-08-14,4,0.05,Card
O03582,C0913,P060,2026-04-28,2,0.0,EFT
O03583,C0756,P018,2025-04-23,1,0.0,EFT
O03584,C0823,P075,2026-05-12,2,0.0,Card
O03585,C0216,P014,2025-06-06,1,0.1,Card
O03586,C0259,P069,2025-03-21,2,0.15,Card
O03587,C0203,P056,2025-07-19,2,0.05,Cash on Delivery
O03588,C0766,P037,2026-03-11,2,0.15,PayFast
O03589,C0946,P033,2024-07-20,2,0.05,PayFast
O03590,C0711,P066,2024-10-22,2,0.0,EFT
O03591,C0887,P008,2026-07-04,4,0.05,Card
O03592,C0617,P059,2024-09-25,1,0.05,Card
O03593,C0393,P072,2025-10-22,5,0.25,Card
O03594,C0428,P005,2025-10-31,2,0.1,EFT
O03595,C0073,P011,2025-08-19,1,0.0,Card
O03596,C0030,P068,2025-12-19,4,0.1,PayFast
O03597,C0687,P026,2024-12-01,1,0.25,EFT
O03598,C0445,P026,2025-10-10,3,0.25,Card
O03599,C0540,P035,2025-05-04,2,0.0,PayFast
O03600,C0544,P006,2026-01-01,2,0.0,EFT
O03601,C0277,P068,2024-08-10,1,0.0,Card
O03602,C0476,P002,2025-10-24,1,0.25,Card
O03603,C0467,P063,2024-10-08,2,0.1,PayFast
O03604,C0393,P046,2025-01-26,4,0.0,Card
O03605,C0822,P028,2024-11-18,1,0.0,EFT
O03606,C0457,P049,2024-10-05,1,0.0,Cash on Delivery
O03607,C0590,P052,2026-04-20,2,0.05,EFT
O03608,C0900,P001,2025-02-03,2,0.05,Cash on Delivery
O03609,C0869,P012,2026-06-20,1,0.0,Cash on Delivery
O03610,C0894,P003,2026-07-15,2,0.15,Card
O03611,C0267,P073,2025-10-25,3,0.1,PayFast
O03612,C0035,P018,2024-08-13,2,0.0,EFT
O03613,C0258,P075,2025-05-06,2,0.2,EFT
O03614,C0281,P059,2026-04-03,2,0.1,Card
O03615,C0910,P070,2025-04-29,3,0.0,EFT
O03616,C0626,P011,2024-05-24,4,0.15,EFT
O03617,C0080,P062,2025-10-13,5,0.05,Card
O03618,C0129,P003,2026-05-03,4,0.15,PayFast
O03619,C0145,P066,2026-04-02,1,0.0,Card
O03620,C0613,P013,2024-09-25,2,0.0,Card
O03621,C0726,P013,2026-01-09,2,0.0,Card
O03622,C0862,P078,2024-11-20,2,0.05,Card
O03623,C0941,P065,2024-11-18,1,0.05,PayFast
O03624,C0191,P020,2026-05-20,5,0.0,Card
O03625,C0314,P002,2024-12-25,1,0.0,Cash on Delivery
O03626,C0244,P036,2025-01-09,1,0.0,Card
O03627,C0357,P074,2024-01-02,2,0.0,EFT
O03628,C0913,P035,2026-05-18,3,0.05,Card
O03629,C0562,P007,2026-03-31,1,0.05,Card
O03630,C0732,P003,2025-12-07,3,0.1,EFT
O03631,C0485,P012,2026-03-03,2,0.0,Card
O03632,C0027,P029,2024-08-25,2,0.05,Cash on Delivery
O03633,C0063,P001,2025-07-23,1,0.15,Card
O03634,C0528,P068,2025-04-13,1,0.15,EFT
O03635,C0713,P042,2024-06-03,4,0.05,Cash on Delivery
O03636,C0214,P046,2025-08-16,2,0.0,Card
O03637,C0715,P029,2026-06-17,1,0.05,Card
O03638,C0813,P012,2024-03-10,1,0.0,Cash on Delivery
O03639,C0412,P018,2025-02-10,2,0.0,EFT
O03640,C0741,P054,2024-11-05,4,0.1,Cash on Delivery
O03641,C0402,P042,2024-12-11,1,0.0,EFT
O03642,C0665,P051,2026-06-10,1,0.0,EFT
O03643,C0766,P023,2025-07-31,1,0.0,Card
O03644,C0995,P007,2025-07-30,1,0.05,EFT
O03645,C0345,P059,2026-03-10,1,0.0,PayFast
O03646,C0412,P023,2024-08-28,1,0.2,EFT
O03647,C0154,P055,2025-08-17,1,0.0,Card
O03648,C0197,P034,2025-06-27,4,0.1,Card
O03649,C0684,P055,2025-11-14,1,0.0,PayFast
O03650,C0915,P034,2026-07-31,1,0.1,PayFast
O03651,C0397,P040,2026-03-16,2,0.15,PayFast
O03652,C0168,P054,2025-05-29,5,0.15,Card
O03653,C0283,P004,2026-04-22,1,0.0,Card
O03654,C0459,P047,2024-09-19,2,0.1,EFT
O03655,C0291,P027,2024-02-23,4,0.0,PayFast
O03656,C0237,P034,2024-11-01,1,0.05,Card
O03657,C0727,P063,2025-04-02,5,0.05,Card
O03658,C0007,P041,2025-09-06,3,0.1,Card
O03659,C0529,P059,2025-11-27,2,0.0,EFT
O03660,C0797,P001,2026-06-11,2,0.15,Cash on Delivery
O03661,C0263,P050,2025-09-05,4,0.2,Cash on Delivery
O03662,C0590,P020,2025-08-29,3,0.0,Card
O03663,C0649,P057,2024-03-27,3,0.05,EFT
O03664,C0631,P066,2024-03-02,3,0.0,EFT
O03665,C0453,P061,2025-10-09,2,0.0,Card
O03666,C0345,P008,2025-07-05,2,0.05,Card
O03667,C0839,P014,2026-04-29,3,0.0,EFT
O03668,C0759,P039,2024-09-06,5,0.0,Card
O03669,C0326,P035,2024-02-14,3,0.0,Card
O03670,C0096,P054,2025-07-15,3,0.1,EFT
O03671,C0069,P015,2024-12-11,1,0.0,EFT
O03672,C0091,P033,2024-03-26,2,0.1,Card
O03673,C0567,P033,2026-02-14,2,0.0,PayFast
O03674,C0049,P036,2024-06-30,3,0.1,Card
O03675,C0337,P016,2025-11-22,1,0.1,EFT
O03676,C0755,P026,2025-01-29,2,0.0,Card
O03677,C0292,P032,2024-09-22,1,0.1,Card
O03678,C0764,P029,2025-05-11,1,0.05,Card
O03679,C0740,P065,2026-04-05,3,0.1,EFT
O03680,C0249,P036,2025-05-23,2,0.05,Card
O03681,C0720,P052,2026-03-03,1,0.15,Card
O03682,C0742,P013,2024-07-19,3,0.25,Card
O03683,C0399,P021,2026-03-18,3,0.05,Card
O03684,C0204,P036,2024-12-10,1,0.1,Card
O03685,C0512,P004,2026-01-12,1,0.05,Card
O03686,C0920,P068,2025-10-20,1,0.15,Card
O03687,C0617,P019,2026-06-22,1,0.1,PayFast
O03688,C0161,P050,2025-05-18,1,0.0,Card
O03689,C0670,P026,2024-04-22,1,0.05,PayFast
O03690,C0432,P078,2024-02-04,4,0.0,Card
O03691,C0577,P036,2026-04-21,1,0.0,Card
O03692,C0725,P061,2025-09-17,3,0.0,Cash on Delivery
O03693,C0504,P064,2026-03-19,2,0.05,EFT
O03694,C0816,P072,2024-12-07,1,0.1,Card
O03695,C0715,P050,2025-04-07,3,0.0,PayFast
O03696,C0602,P046,2024-02-23,2,0.1,Cash on Delivery
O03697,C0140,P007,2026-07-10,2,0.0,EFT
O03698,C0839,P037,2026-01-05,3,0.1,PayFast
O03699,C0936,P043,2026-06-24,3,0.2,EFT
O03700,C0129,P010,2025-01-12,1,0.05,Card
O03701,C0484,P068,2025-11-25,1,0.0,EFT
O03702,C0258,P022,2026-01-13,2,0.1,PayFast
O03703,C0755,P067,2025-03-09,2,0.05,Cash on Delivery
O03704,C0715,P077,2026-05-04,3,0.1,EFT
O03705,C0133,P054,2026-07-02,1,0.0,EFT
O03706,C0882,P015,2026-05-27,3,0.05,PayFast
O03707,C0171,P017,2026-02-23,3,0.1,PayFast
O03708,C0802,P076,2025-01-25,2,0.05,EFT
O03709,C0461,P016,2025-01-30,2,0.05,PayFast
O03710,C0331,P006,2026-07-11,1,0.05,PayFast
O03711,C0148,P001,2024-01-19,1,0.0,Card
O03712,C0155,P071,2026-02-08,1,0.05,PayFast
O03713,C0640,P065,2026-02-01,1,0.0,Card
O03714,C0539,P038,2025-12-03,1,0.1,Card
O03715,C0113,P051,2026-07-26,4,0.0,PayFast
O03716,C0105,P051,2025-03-03,2,0.1,Card
O03717,C0070,P049,2025-04-02,2,0.15,Card
O03718,C0736,P061,2024-05-12,1,0.15,EFT
O03719,C0706,P046,2025-07-09,1,0.1,Card
O03720,C0055,P074,2025-01-07,3,0.2,Card
O03721,C0547,P019,2025-04-05,1,0.0,Card
O03722,C0086,P053,2026-04-26,3,0.15,Card
O03723,C0906,P001,2026-06-25,2,0.0,Card
O03724,C0910,P006,2024-10-08,5,0.2,EFT
O03725,C0695,P034,2025-05-04,3,0.0,PayFast
O03726,C0926,P015,2026-06-21,2,0.15,EFT
O03727,C0814,P037,2024-04-15,2,0.0,Card
O03728,C0832,P004,2024-06-01,1,0.2,Cash on Delivery
O03729,C0559,P077,2024-09-08,3,0.0,Card
O03730,C0303,P030,2025-11-12,1,0.0,PayFast
O03731,C0217,P049,2024-08-23,2,0.05,PayFast
O03732,C0330,P071,2026-07-14,5,0.1,Card
O03733,C0613,P032,2025-07-13,1,0.15,EFT
O03734,C0160,P043,2025-08-29,1,0.05,Card
O03735,C0258,P042,2024-12-21,1,0.0,Cash on Delivery
O03736,C0465,P064,2025-08-03,1,0.1,Card
O03737,C0236,P065,2026-01-01,3,0.05,Card
O03738,C0575,P016,2026-03-03,1,0.0,Card
O03739,C0923,P015,2026-03-05,1,0.1,PayFast
O03740,C0743,P064,2025-10-30,1,0.0,Card
O03741,C0645,P048,2026-06-07,3,0.05,Card
O03742,C0567,P047,2026-04-15,1,0.05,PayFast
O03743,C0484,P006,2026-03-07,3,0.15,EFT
O03744,C0176,P030,2024-04-05,2,0.0,Card
O03745,C0900,P038,2024-01-13,1,0.1,PayFast
O03746,C0251,P036,2024-11-11,1,0.05,Card
O03747,C0090,P046,2026-01-02,1,0.0,EFT
O03748,C0747,P008,2025-06-10,3,0.05,Card
O03749,C0161,P034,2025-06-02,3,0.05,PayFast
O03750,C0375,P030,2026-05-26,2,0.1,Card
O03751,C0027,P063,2026-06-02,1,0.25,EFT
O03752,C0129,P024,2026-06-10,3,0.0,Card
O03753,C0161,P039,2025-03-06,2,0.0,EFT
O03754,C0053,P024,2026-01-21,1,0.0,Card
O03755,C0636,P034,2025-01-19,3,0.05,EFT
O03756,C0839,P019,2024-10-14,3,0.0,EFT
O03757,C0379,P039,2024-10-07,5,0.05,Card
O03758,C0877,P018,2025-04-04,1,0.1,Card
O03759,C0212,P027,2025-06-27,1,0.2,PayFast
O03760,C0329,P027,2026-04-24,4,0.0,EFT
O03761,C0140,P052,2024-07-11,2,0.1,Card
O03762,C0607,P017,2026-02-21,1,0.05,Cash on Delivery
O03763,C0421,P061,2025-09-23,2,0.05,EFT
O03764,C0600,P004,2025-02-06,3,0.05,PayFast
O03765,C0764,P051,2025-08-22,2,0.0,Card
O03766,C0534,P043,2025-02-19,3,0.1,Card
O03767,C0612,P045,2025-11-13,3,0.1,PayFast
O03768,C0935,P078,2025-07-01,3,0.05,EFT
O03769,C0297,P011,2024-09-11,4,0.0,PayFast
O03770,C0358,P055,2024-07-07,4,0.1,Card
O03771,C0711,P042,2025-10-05,1,0.0,EFT
O03772,C0597,P077,2026-06-06,3,0.05,Card
O03773,C0166,P033,2025-04-06,1,0.15,EFT
O03774,C0383,P004,2026-02-19,1,0.1,Card
O03775,C0465,P024,2025-12-29,2,0.15,Cash on Delivery
O03776,C0421,P017,2026-06-23,2,0.0,Card
O03777,C0166,P023,2026-04-18,1,0.1,EFT
O03778,C0924,P014,2025-10-21,3,0.15,PayFast
O03779,C0764,P063,2025-12-28,1,0.0,EFT
O03780,C0480,P055,2026-06-04,1,0.1,Card
O03781,C0667,P070,2025-05-30,1,0.0,PayFast
O03782,C0902,P052,2025-03-19,2,0.0,Card
O03783,C0129,P014,2024-01-20,3,0.2,Card
O03784,C0252,P075,2026-04-21,3,0.0,Card
O03785,C0531,P024,2026-04-05,2,0.25,PayFast
O03786,C0804,P071,2024-06-19,1,0.25,PayFast
O03787,C0038,P024,2025-10-29,2,0.0,PayFast
O03788,C0987,P008,2025-07-28,1,0.0,Card
O03789,C0459,P060,2024-07-10,3,0.1,PayFast
O03790,C0358,P011,2026-07-21,1,0.0,PayFast
O03791,C0291,P006,2024-11-13,3,0.1,PayFast
O03792,C0161,P038,2024-04-23,2,0.0,Card
O03793,C0794,P059,2025-11-12,1,0.2,Card
O03794,C0952,P029,2026-02-23,3,0.15,Card
O03795,C0412,P073,2024-02-27,1,0.05,PayFast
O03796,C0948,P072,2025-12-29,1,0.0,EFT
O03797,C0825,P051,2025-09-24,3,0.0,Card
O03798,C0480,P045,2024-06-17,2,0.1,PayFast
O03799,C0659,P042,2024-09-21,1,0.1,Cash on Delivery
O03800,C0439,P029,2025-10-22,1,0.1,PayFast
O03801,C0546,P064,2025-02-15,1,0.15,Card
O03802,C0055,P074,2026-06-27,1,0.05,Card
O03803,C0691,P007,2026-04-16,1,0.1,PayFast
O03804,C0052,P008,2026-07-22,1,0.05,Card
O03805,C0821,P051,2025-01-05,2,0.15,EFT
O03806,C0826,P022,2026-07-15,2,0.0,PayFast
O03807,C0239,P076,2025-06-29,2,0.1,EFT
O03808,C0328,P048,2025-04-09,1,0.1,EFT
O03809,C0480,P070,2024-03-27,1,0.15,Card
O03810,C0584,P064,2024-03-31,5,0.1,PayFast
O03811,C0286,P003,2026-01-22,1,0.05,EFT
O03812,C0581,P014,2025-07-22,2,0.15,Card
O03813,C0296,P006,2024-11-28,1,0.1,PayFast
O03814,C0053,P039,2025-11-27,3,0.0,Card
O03815,C0002,P034,2024-12-28,2,0.2,EFT
O03816,C0096,P023,2025-10-30,3,0.0,Card
O03817,C0794,P027,2025-04-21,1,0.2,Card
O03818,C0959,P009,2026-04-19,1,0.15,PayFast
O03819,C0432,P043,2026-04-17,1,0.25,Card
O03820,C0504,P029,2025-08-08,5,0.0,Cash on Delivery
O03821,C0138,P005,2025-04-13,1,0.05,EFT
O03822,C0540,P071,2025-04-24,3,0.0,Cash on Delivery
O03823,C0135,P025,2026-04-08,3,0.0,PayFast
O03824,C0597,P038,2025-03-21,3,0.05,Card
O03825,C0933,P055,2024-11-06,1,0.15,Card
O03826,C0188,P073,2024-05-21,2,0.05,EFT
O03827,C0766,P016,2025-07-30,1,0.25,Card
O03828,C0022,P035,2025-08-13,1,0.15,Card
O03829,C0381,P043,2026-04-30,3,0.05,PayFast
O03830,C0102,P077,2024-11-21,2,0.2,Card
O03831,C0350,P032,2025-05-12,4,0.05,Card
O03832,C0161,P059,2026-04-10,1,0.05,Card
O03833,C0379,P002,2026-04-19,1,0.05,PayFast
O03834,C0418,P012,2025-05-16,2,0.2,Card
O03835,C0298,P013,2025-07-24,2,0.0,Card
O03836,C0635,P030,2025-02-22,1,0.05,Cash on Delivery
O03837,C0918,P017,2026-06-24,4,0.15,Card
O03838,C0400,P041,2024-07-10,1,0.15,EFT
O03839,C0184,P052,2026-06-24,1,0.0,PayFast
O03840,C0269,P004,2026-01-16,3,0.05,Card
O03841,C0854,P030,2025-09-23,1,0.05,Card
O03842,C0560,P069,2024-02-27,4,0.0,Card
O03843,C0459,P008,2025-08-07,1,0.1,Card
O03844,C0138,P030,2025-06-07,3,0.05,Card
O03845,C0455,P035,2024-09-06,1,0.1,Card
O03846,C0279,P014,2025-12-28,1,0.1,Card
O03847,C0943,P057,2026-07-16,2,0.05,EFT
O03848,C0891,P034,2025-10-18,2,0.25,Card
O03849,C0085,P033,2026-02-07,3,0.0,Card
O03850,C0508,P070,2024-04-25,1,0.15,EFT
O03851,C0225,P042,2025-06-16,2,0.05,Card
O03852,C0412,P024,2024-07-06,2,0.25,Card
O03853,C0882,P070,2025-11-26,2,0.0,EFT
O03854,C0517,P049,2026-06-27,3,0.0,Card
O03855,C0336,P031,2026-01-01,3,0.05,PayFast
O03856,C0203,P056,2024-05-08,1,0.05,EFT
O03857,C0804,P008,2025-04-16,1,0.05,EFT
O03858,C0610,P038,2025-10-08,4,0.0,PayFast
O03859,C0465,P043,2025-06-03,2,0.1,Card
O03860,C0217,P068,2026-04-25,2,0.15,EFT
O03861,C0336,P042,2026-04-14,2,0.1,EFT
O03862,C0958,P052,2025-11-25,3,0.0,EFT
O03863,C0509,P051,2025-05-05,2,0.1,Cash on Delivery
O03864,C0400,P047,2024-12-31,1,0.0,Cash on Delivery
O03865,C0512,P041,2024-06-21,2,0.0,EFT
O03866,C0779,P022,2025-04-17,2,0.0,PayFast
O03867,C0340,P002,2025-06-12,3,0.05,Card
O03868,C0168,P052,2026-01-11,1,0.15,Card
O03869,C0568,P023,2025-12-29,2,0.0,Cash on Delivery
O03870,C0642,P024,2024-04-28,2,0.0,PayFast
O03871,C0707,P021,2025-05-26,1,0.0,Card
O03872,C0887,P074,2024-10-03,1,0.0,Card
O03873,C0374,P054,2024-08-31,1,0.15,Card
O03874,C0073,P018,2026-04-21,1,0.0,PayFast
O03875,C0957,P044,2024-03-13,3,0.0,EFT
O03876,C0439,P056,2025-06-17,1,0.0,PayFast
O03877,C0610,P006,2024-09-16,1,0.0,Card
O03878,C0645,P011,2026-05-23,2,0.0,Cash on Delivery
O03879,C0535,P069,2025-10-14,2,0.0,Card
O03880,C0198,P060,2024-12-03,1,0.2,Card
O03881,C0755,P001,2025-08-30,2,0.05,Card
O03882,C0805,P068,2026-02-18,1,0.05,Card
O03883,C0540,P052,2026-07-08,1,0.0,EFT
O03884,C0484,P054,2024-11-20,3,0.0,PayFast
O03885,C0105,P017,2026-05-27,1,0.0,EFT
O03886,C0085,P046,2026-06-25,1,0.05,Card
O03887,C0340,P023,2026-06-14,1,0.05,Card
O03888,C0315,P055,2025-12-13,2,0.15,EFT
O03889,C0950,P027,2025-12-08,5,0.15,Cash on Delivery
O03890,C0785,P015,2025-06-03,1,0.2,EFT
O03891,C0637,P037,2026-03-04,2,0.25,Card
O03892,C0509,P026,2025-09-23,2,0.05,Card
O03893,C0155,P037,2026-01-12,1,0.1,EFT
O03894,C0981,P060,2025-06-26,2,0.15,EFT
O03895,C0381,P062,2026-02-18,4,0.15,Cash on Delivery
O03896,C0101,P055,2026-04-20,3,0.0,Card
O03897,C0491,P038,2024-08-17,1,0.25,PayFast
O03898,C0875,P055,2026-04-25,3,0.05,PayFast
O03899,C0893,P013,2025-09-30,2,0.05,PayFast
O03900,C0011,P064,2026-05-02,2,0.05,Card
O03901,C0893,P024,2025-06-29,1,0.0,EFT
O03902,C0269,P057,2025-05-10,1,0.1,Card
O03903,C0040,P064,2026-06-13,1,0.0,Card
O03904,C0847,P043,2024-12-26,3,0.05,Card
O03905,C0866,P033,2026-05-02,1,0.1,Card
O03906,C0583,P046,2025-08-14,3,0.1,Card
O03907,C0562,P029,2025-09-09,1,0.1,Card
O03908,C0816,P073,2025-02-28,1,0.1,Card
O03909,C0788,P067,2025-10-26,1,0.1,Card
O03910,C0893,P002,2025-03-17,5,0.0,Card
O03911,C0540,P065,2024-03-09,3,0.1,Card
O03912,C0966,P035,2025-01-19,1,0.05,Card
O03913,C0998,P042,2024-01-12,3,0.1,PayFast
O03914,C0109,P005,2026-07-20,2,0.0,EFT
O03915,C0849,P034,2026-07-12,2,0.0,EFT
O03916,C0496,P053,2025-05-26,2,0.0,EFT
O03917,C0393,P067,2026-02-16,1,0.0,Card
O03918,C0599,P049,2025-04-08,1,0.1,PayFast
O03919,C0053,P045,2026-01-07,3,0.0,Card
O03920,C0497,P060,2026-04-08,1,0.15,Cash on Delivery
O03921,C0873,P052,2026-07-02,2,0.15,PayFast
O03922,C0212,P009,2025-05-31,1,0.0,EFT
O03923,C0429,P067,2026-03-25,1,0.05,EFT
O03924,C0939,P005,2025-01-12,4,0.0,EFT
O03925,C0434,P022,2026-07-26,2,0.0,Cash on Delivery
O03926,C0356,P040,2024-02-15,1,0.1,EFT
O03927,C0447,P072,2025-11-19,1,0.0,Card
O03928,C0509,P053,2025-12-30,3,0.05,Card
O03929,C0613,P005,2026-01-19,1,0.0,Card
O03930,C0804,P055,2024-07-12,2,0.0,Card
O03931,C0458,P062,2026-06-27,2,0.1,Card
O03932,C0822,P052,2024-10-02,2,0.1,PayFast
O03933,C0520,P071,2025-12-03,4,0.0,Card
O03934,C0339,P053,2024-11-23,3,0.05,EFT
O03935,C0636,P036,2025-02-27,3,0.1,Cash on Delivery
O03936,C0711,P058,2025-10-05,2,0.05,Card
O03937,C0545,P065,2025-06-16,3,0.1,PayFast
O03938,C0054,P006,2024-09-05,1,0.1,EFT
O03939,C0157,P027,2024-09-19,1,0.15,EFT
O03940,C0284,P065,2025-06-17,3,0.25,Card
O03941,C0282,P041,2026-03-08,3,0.1,PayFast
O03942,C0657,P039,2026-06-03,2,0.0,Card
O03943,C0019,P059,2024-05-20,1,0.1,EFT
O03944,C0756,P010,2025-05-24,2,0.05,Cash on Delivery
O03945,C0261,P004,2024-06-13,1,0.0,PayFast
O03946,C0314,P009,2024-01-30,1,0.0,PayFast
O03947,C0517,P002,2026-01-01,2,0.2,EFT
O03948,C0215,P023,2025-11-18,3,0.05,EFT
O03949,C0892,P073,2024-09-09,3,0.2,EFT
O03950,C0086,P072,2024-12-06,1,0.1,PayFast
O03951,C0450,P027,2024-02-12,3,0.0,Card
O03952,C0849,P001,2026-04-26,2,0.15,Card
O03953,C0602,P034,2026-07-17,1,0.05,Card
O03954,C0291,P027,2024-08-02,2,0.05,EFT
O03955,C0423,P031,2024-12-03,5,0.0,Cash on Delivery
O03956,C0701,P042,2026-05-17,1,0.25,EFT
O03957,C0975,P003,2026-06-20,1,0.05,EFT
O03958,C0900,P054,2025-06-18,1,0.25,EFT
O03959,C0341,P009,2024-03-28,2,0.15,Card
O03960,C1000,P001,2024-03-09,1,0.25,EFT
O03961,C0004,P035,2025-10-27,1,0.2,Cash on Delivery
O03962,C0027,P036,2025-05-24,2,0.0,Card
O03963,C0825,P019,2024-02-20,3,0.1,PayFast
O03964,C0190,P010,2025-11-03,2,0.05,Card
O03965,C0059,P065,2024-01-21,3,0.0,EFT
O03966,C0240,P035,2026-03-27,2,0.1,Card
O03967,C0429,P068,2025-02-26,2,0.1,PayFast
O03968,C0722,P007,2024-03-11,1,0.1,Card
O03969,C0610,P075,2025-11-07,4,0.1,PayFast
O03970,C0241,P066,2025-05-28,1,0.0,PayFast
O03971,C0497,P006,2026-07-17,1,0.0,EFT
O03972,C0926,P020,2025-10-03,1,0.0,Card
O03973,C0817,P007,2025-01-23,1,0.05,EFT
O03974,C0328,P067,2026-02-03,2,0.15,PayFast
O03975,C0984,P059,2025-01-19,1,0.0,Card
O03976,C0701,P054,2026-06-07,2,0.1,Cash on Delivery
O03977,C0061,P039,2025-05-06,3,0.0,PayFast
O03978,C0035,P003,2025-10-08,2,0.05,EFT
O03979,C0155,P044,2024-03-28,4,0.0,EFT
O03980,C0719,P036,2025-06-24,1,0.05,Card
O03981,C0172,P076,2026-04-25,2,0.1,PayFast
O03982,C0504,P050,2026-04-08,3,0.0,EFT
O03983,C0091,P051,2024-11-25,1,0.05,EFT
O03984,C0919,P003,2024-11-27,1,0.0,Card
O03985,C0344,P023,2026-04-15,5,0.05,EFT
O03986,C0910,P034,2026-06-22,1,0.0,PayFast
O03987,C0944,P049,2024-06-06,2,0.0,Card
O03988,C0005,P067,2025-07-16,2,0.15,PayFast
O03989,C0464,P011,2025-03-30,1,0.1,Card
O03990,C0023,P019,2026-05-18,1,0.1,Card
O03991,C0910,P053,2024-05-19,2,0.05,PayFast
O03992,C0509,P020,2024-11-09,4,0.05,Card
O03993,C0073,P024,2026-03-04,2,0.0,EFT
O03994,C0102,P008,2024-03-29,1,0.05,Cash on Delivery
O03995,C0387,P001,2025-08-22,1,0.1,Card
O03996,C0941,P041,2025-07-08,1,0.1,EFT
O03997,C0684,P006,2025-03-27,1,0.0,Cash on Delivery
O03998,C0870,P033,2025-05-25,2,0.0,EFT
O03999,C0368,P057,2025-09-22,3,0.1,Card
O04000,C0041,P003,2024-09-07,5,0.15,PayFast
O04001,C0976,P035,2025-10-25,3,0.15,EFT
O04002,C0017,P016,2026-04-08,1,0.1,EFT
O04003,C0946,P064,2026-03-09,1,0.05,PayFast
O04004,C0371,P052,2024-08-28,1,0.25,PayFast
O04005,C0011,P030,2024-08-21,1,0.05,PayFast
O04006,C0678,P078,2025-01-15,3,0.25,Card
O04007,C0983,P075,2025-04-23,1,0.05,Card
O04008,C0963,P063,2025-06-08,4,0.15,EFT
O04009,C0151,P023,2026-01-13,1,0.0,Card
O04010,C0171,P078,2024-04-07,2,0.0,PayFast
O04011,C0553,P073,2024-03-01,2,0.0,Card
O04012,C0617,P010,2025-05-23,4,0.2,EFT
O04013,C0734,P053,2026-01-26,1,0.15,Card
O04014,C0171,P076,2024-10-18,4,0.2,EFT
O04015,C0957,P020,2025-12-17,2,0.1,Cash on Delivery
O04016,C0617,P071,2025-01-05,1,0.0,EFT
O04017,C0847,P062,2026-05-27,3,0.05,EFT
O04018,C0529,P064,2026-06-02,2,0.0,PayFast
O04019,C0413,P056,2025-02-16,1,0.0,Card
O04020,C0979,P023,2024-12-02,1,0.2,PayFast
O04021,C0567,P078,2025-06-10,3,0.0,Card
O04022,C0869,P068,2024-12-14,2,0.25,EFT
O04023,C0949,P020,2026-01-08,5,0.05,Card
O04024,C0660,P009,2026-04-21,1,0.0,PayFast
O04025,C0538,P060,2026-01-09,4,0.0,EFT
O04026,C0004,P009,2026-04-20,4,0.0,EFT
O04027,C0040,P030,2025-05-28,3,0.15,Cash on Delivery
O04028,C0191,P073,2024-08-31,1,0.0,Card
O04029,C0175,P067,2026-02-23,3,0.05,Card
O04030,C0254,P070,2025-04-22,2,0.0,EFT
O04031,C0303,P056,2026-01-07,2,0.15,Card
O04032,C0361,P021,2025-01-18,2,0.1,EFT
O04033,C0423,P038,2024-05-15,4,0.0,PayFast
O04034,C0094,P020,2026-07-27,1,0.0,Card
O04035,C0041,P030,2024-08-31,1,0.2,PayFast
O04036,C0659,P055,2026-07-25,2,0.15,EFT
O04037,C0527,P034,2026-07-19,2,0.1,Card
O04038,C0450,P073,2026-03-31,4,0.15,EFT
O04039,C0616,P005,2025-12-30,2,0.15,Card
O04040,C0831,P017,2025-10-30,3,0.0,EFT
O04041,C0432,P032,2026-05-15,2,0.0,EFT
O04042,C0621,P053,2025-02-07,1,0.05,EFT
O04043,C0950,P062,2025-07-31,1,0.1,PayFast
O04044,C0842,P038,2025-12-01,3,0.0,Card
O04045,C0428,P040,2025-06-10,2,0.0,Card
O04046,C0621,P029,2025-06-25,4,0.1,EFT
O04047,C0164,P041,2025-03-23,3,0.0,Card
O04048,C0547,P063,2025-10-19,2,0.1,Card
O04049,C0983,P045,2026-05-06,1,0.05,Cash on Delivery
O04050,C0509,P023,2024-10-28,4,0.0,Card
O04051,C0927,P075,2026-06-25,2,0.0,Card
O04052,C0406,P062,2026-01-20,1,0.05,Card
O04053,C1000,P024,2026-04-19,3,0.15,Card
O04054,C0565,P058,2025-10-13,1,0.1,Cash on Delivery
O04055,C0040,P064,2026-03-22,1,0.05,PayFast
O04056,C0571,P054,2024-01-30,3,0.1,Card
O04057,C0275,P009,2026-04-16,4,0.15,EFT
O04058,C0032,P061,2024-03-11,1,0.0,Cash on Delivery
O04059,C0822,P010,2026-05-30,3,0.1,PayFast
O04060,C0276,P072,2026-07-27,3,0.25,Card
O04061,C0801,P031,2025-02-12,4,0.0,EFT
O04062,C0286,P045,2024-11-08,1,0.05,Card
O04063,C0184,P033,2026-03-13,1,0.15,EFT
O04064,C0976,P046,2024-12-29,2,0.0,EFT
O04065,C0361,P011,2026-05-15,2,0.15,Card
O04066,C0588,P058,2024-06-17,1,0.1,EFT
O04067,C0595,P047,2024-07-20,1,0.1,PayFast
O04068,C0547,P007,2026-07-20,2,0.15,Card
O04069,C0913,P037,2026-01-09,1,0.0,PayFast
O04070,C0660,P002,2026-05-04,2,0.0,Card
O04071,C0402,P070,2025-03-17,1,0.0,Cash on Delivery
O04072,C0864,P078,2026-01-11,4,0.1,Card
O04073,C0171,P011,2025-11-12,3,0.0,Card
O04074,C0533,P049,2025-11-18,1,0.0,PayFast
O04075,C0948,P006,2026-01-15,1,0.05,PayFast
O04076,C0612,P071,2025-10-28,1,0.2,EFT
O04077,C0820,P003,2025-06-27,2,0.05,Card
O04078,C0630,P051,2025-01-23,1,0.1,Card
O04079,C0842,P049,2026-03-15,1,0.05,EFT
O04080,C0944,P027,2024-11-27,2,0.0,Card
O04081,C0271,P026,2026-01-22,1,0.0,PayFast
O04082,C0157,P039,2024-12-06,1,0.0,PayFast
O04083,C0483,P007,2025-12-05,3,0.15,EFT
O04084,C0697,P065,2026-03-01,2,0.1,EFT
O04085,C0229,P006,2024-11-18,2,0.0,EFT
O04086,C0004,P016,2024-04-12,2,0.1,EFT
O04087,C0342,P037,2024-07-27,3,0.0,Card
O04088,C0967,P019,2025-11-21,3,0.05,Card
O04089,C0686,P069,2026-05-05,1,0.0,Card
O04090,C0401,P021,2024-03-19,3,0.0,EFT
O04091,C0184,P015,2026-02-20,2,0.05,Card
O04092,C0353,P059,2025-04-03,3,0.1,Card
O04093,C0157,P003,2025-08-09,1,0.1,EFT
O04094,C0101,P001,2026-06-21,2,0.2,Card
O04095,C0909,P036,2025-03-24,1,0.1,PayFast
O04096,C1000,P008,2025-07-29,3,0.1,EFT
O04097,C0154,P018,2024-01-25,4,0.15,Card
O04098,C0053,P009,2024-05-16,1,0.1,PayFast
O04099,C0332,P074,2025-01-04,1,0.0,Card
O04100,C0462,P063,2024-02-19,3,0.25,Card
O04101,C0197,P053,2025-12-10,1,0.0,Cash on Delivery
O04102,C0300,P049,2025-06-24,4,0.05,PayFast
O04103,C0191,P018,2025-10-06,2,0.0,EFT
O04104,C0777,P003,2024-09-24,1,0.05,EFT
O04105,C0707,P058,2025-02-14,1,0.2,EFT
O04106,C0616,P007,2026-01-02,1,0.15,Card
O04107,C0393,P006,2026-07-12,1,0.0,PayFast
O04108,C0910,P048,2024-03-27,1,0.1,PayFast
O04109,C0968,P012,2026-05-30,2,0.05,PayFast
O04110,C0161,P070,2025-10-29,2,0.0,Card
O04111,C0224,P006,2025-10-19,2,0.25,Card
O04112,C0517,P031,2025-08-28,2,0.0,Card
O04113,C0090,P078,2024-04-27,1,0.0,Card
O04114,C0442,P059,2024-05-28,3,0.05,EFT
O04115,C0567,P047,2025-11-17,1,0.0,EFT
O04116,C0513,P024,2025-04-03,4,0.0,EFT
O04117,C0333,P069,2026-06-15,1,0.0,PayFast
O04118,C0531,P045,2025-06-06,4,0.2,PayFast
O04119,C0957,P042,2024-08-13,1,0.0,EFT
O04120,C0199,P018,2026-02-07,1,0.0,EFT
O04121,C0631,P078,2025-02-12,1,0.0,Card
O04122,C0041,P066,2025-09-18,1,0.05,EFT
O04123,C0063,P016,2026-01-26,2,0.05,Card
O04124,C0540,P045,2026-06-05,2,0.0,PayFast
O04125,C0100,P037,2026-03-30,3,0.05,Card
O04126,C0022,P022,2026-01-11,2,0.1,Card
O04127,C0160,P064,2026-01-13,2,0.0,EFT
O04128,C0552,P049,2026-07-01,1,0.25,Card
O04129,C0697,P054,2025-02-14,3,0.0,Card
O04130,C0193,P058,2024-01-03,1,0.05,EFT
O04131,C0649,P054,2025-01-19,4,0.05,Card
O04132,C0171,P046,2024-11-17,3,0.0,EFT
O04133,C0600,P004,2026-01-01,1,0.2,EFT
O04134,C0412,P009,2025-12-11,1,0.1,EFT
O04135,C0630,P012,2025-11-11,1,0.15,Card
O04136,C0998,P007,2024-01-30,1,0.05,Card
O04137,C0938,P017,2026-02-16,1,0.0,Card
O04138,C0004,P076,2025-03-16,1,0.05,Card
O04139,C0892,P049,2026-01-03,4,0.1,Card
O04140,C0063,P013,2025-10-13,2,0.0,PayFast
O04141,C0948,P060,2025-04-04,2,0.0,EFT
O04142,C0282,P074,2024-08-01,4,0.0,EFT
O04143,C0387,P068,2024-06-04,2,0.05,Card
O04144,C0090,P039,2026-04-24,3,0.05,Card
O04145,C0103,P043,2026-06-15,1,0.0,Card
O04146,C0719,P042,2025-12-23,2,0.05,EFT
O04147,C0944,P072,2024-06-18,2,0.05,Card
O04148,C0596,P060,2025-06-01,1,0.0,Card
O04149,C0710,P062,2026-02-17,3,0.15,Card
O04150,C0764,P034,2026-03-22,1,0.0,EFT
O04151,C0259,P073,2024-07-09,1,0.0,Card
O04152,C0041,P063,2024-01-01,1,0.0,PayFast
O04153,C0002,P078,2026-02-05,2,0.0,EFT
O04154,C0347,P027,2025-04-18,2,0.15,Card
O04155,C0246,P006,2024-12-30,1,0.05,Card
O04156,C0061,P031,2024-01-24,3,0.15,PayFast
O04157,C0168,P059,2025-09-30,1,0.15,EFT
O04158,C0114,P034,2026-05-06,1,0.05,Card
O04159,C0913,P021,2026-07-08,1,0.05,Card
O04160,C0133,P019,2025-10-20,1,0.0,Card
O04161,C0528,P074,2025-09-09,1,0.1,Card
O04162,C0582,P055,2024-05-21,2,0.0,Cash on Delivery
O04163,C0531,P067,2025-10-07,1,0.0,PayFast
O04164,C0094,P064,2025-05-11,2,0.1,EFT
O04165,C0322,P078,2025-11-21,1,0.1,Card
O04166,C0049,P042,2025-05-20,3,0.0,Card
O04167,C0398,P044,2024-12-14,1,0.05,PayFast
O04168,C0180,P057,2024-06-05,1,0.05,EFT
O04169,C0549,P009,2025-03-07,1,0.2,Card
O04170,C0684,P001,2024-06-08,2,0.05,Card
O04171,C0520,P032,2024-09-27,1,0.0,Cash on Delivery
O04172,C0437,P056,2026-07-25,5,0.1,Card
O04173,C0393,P017,2025-07-10,2,0.05,Card
O04174,C0844,P010,2025-09-23,1,0.1,EFT
O04175,C0220,P005,2026-05-20,4,0.05,Card
O04176,C0726,P062,2026-07-29,1,0.15,Card
O04177,C0756,P072,2025-11-03,1,0.0,Cash on Delivery
O04178,C0420,P043,2026-04-12,2,0.0,EFT
O04179,C0296,P039,2025-03-19,1,0.0,Cash on Delivery
O04180,C0467,P005,2025-02-25,2,0.1,Card
O04181,C0091,P007,2025-06-02,1,0.05,Card
O04182,C0041,P056,2026-01-08,2,0.1,EFT
O04183,C0102,P055,2026-01-15,2,0.0,EFT
O04184,C0178,P001,2025-03-07,3,0.05,Card
O04185,C0497,P006,2024-07-30,1,0.05,PayFast
O04186,C0848,P046,2025-12-10,2,0.1,PayFast
O04187,C0238,P034,2024-07-23,4,0.1,Card
O04188,C0935,P058,2025-10-30,1,0.05,EFT
O04189,C0952,P027,2026-01-23,1,0.2,PayFast
O04190,C0957,P074,2026-01-28,2,0.1,PayFast
O04191,C0839,P036,2026-03-05,3,0.05,Card
O04192,C0366,P077,2026-05-19,4,0.05,Card
O04193,C0070,P041,2025-08-28,3,0.0,Card
O04194,C0558,P027,2026-02-17,1,0.05,PayFast
O04195,C0546,P038,2025-11-30,1,0.0,Card
O04196,C0851,P076,2024-10-09,1,0.05,Card
O04197,C0998,P021,2024-02-15,2,0.05,PayFast
O04198,C0497,P069,2025-02-02,3,0.0,PayFast
O04199,C0345,P014,2025-07-09,1,0.0,PayFast
O04200,C0175,P030,2025-11-29,1,0.0,Card
O04201,C0004,P058,2026-05-06,1,0.1,PayFast
O04202,C0498,P021,2024-10-21,1,0.0,EFT
O04203,C0543,P068,2024-07-20,2,0.0,EFT
O04204,C0826,P023,2026-07-11,3,0.2,Card
O04205,C0497,P051,2024-06-24,2,0.1,EFT
O04206,C0913,P009,2025-08-09,3,0.1,EFT
O04207,C0613,P017,2025-11-05,1,0.05,EFT
O04208,C0842,P062,2025-10-01,1,0.1,PayFast
O04209,C0138,P038,2024-05-23,1,0.05,Card
O04210,C0856,P010,2024-04-07,5,0.0,Cash on Delivery
O04211,C0660,P074,2024-06-21,2,0.05,EFT
O04212,C0158,P074,2025-11-05,2,0.25,PayFast
O04213,C0184,P051,2025-10-03,1,0.1,EFT
O04214,C0926,P057,2024-12-06,2,0.05,Cash on Delivery
O04215,C0031,P025,2025-12-14,3,0.05,PayFast
O04216,C0463,P057,2026-04-17,1,0.05,Card
O04217,C0317,P070,2024-03-13,1,0.15,Card
O04218,C0642,P050,2025-08-26,1,0.0,Card
O04219,C0842,P046,2026-01-20,4,0.1,EFT
O04220,C0361,P053,2024-12-28,4,0.0,EFT
O04221,C0432,P067,2025-02-27,4,0.0,Cash on Delivery
O04222,C0984,P046,2025-11-26,3,0.05,PayFast
O04223,C0785,P023,2026-06-03,1,0.05,Card
O04224,C0902,P007,2026-04-11,1,0.05,EFT
O04225,C0446,P054,2025-11-03,3,0.15,Card
O04226,C0237,P008,2026-02-17,1,0.05,Card
O04227,C0412,P042,2025-04-27,1,0.0,Card
O04228,C0710,P039,2025-12-17,1,0.1,EFT
O04229,C0102,P061,2025-07-30,4,0.0,PayFast
O04230,C0268,P026,2024-10-14,1,0.05,EFT
O04231,C0042,P055,2026-01-29,1,0.1,PayFast
O04232,C0435,P061,2025-10-13,3,0.1,EFT
O04233,C0830,P032,2025-04-20,1,0.0,EFT
O04234,C0023,P035,2026-06-11,1,0.0,EFT
O04235,C0660,P008,2024-02-07,1,0.1,Card
O04236,C0931,P007,2025-03-08,2,0.1,Card
O04237,C0239,P078,2024-04-07,3,0.0,Card
O04238,C0684,P035,2026-03-14,2,0.0,Cash on Delivery
O04239,C0978,P009,2026-01-29,3,0.05,EFT
O04240,C0959,P074,2025-03-24,3,0.0,Card
O04241,C0238,P020,2026-01-11,2,0.0,Card
O04242,C0095,P035,2025-05-27,2,0.0,PayFast
O04243,C0138,P060,2026-03-07,1,0.1,Card
O04244,C0697,P063,2025-07-19,1,0.05,PayFast
O04245,C0718,P074,2025-06-11,1,0.1,PayFast
O04246,C0660,P074,2026-06-25,1,0.0,Card
O04247,C0337,P071,2024-12-26,1,0.1,Card
O04248,C0157,P022,2024-07-12,2,0.0,Card
O04249,C0567,P006,2025-11-04,3,0.25,Card
O04250,C0483,P068,2026-07-14,2,0.1,Card
O04251,C0720,P036,2025-05-09,2,0.15,EFT
O04252,C0448,P040,2024-04-15,1,0.0,EFT
O04253,C0339,P057,2025-04-01,2,0.05,EFT
O04254,C0291,P059,2025-09-02,1,0.05,PayFast
O04255,C0205,P040,2024-09-07,1,0.15,Cash on Delivery
O04256,C0263,P067,2025-12-29,2,0.0,EFT
O04257,C0092,P017,2026-07-30,3,0.0,EFT
O04258,C0345,P051,2025-07-17,2,0.15,Card
O04259,C0038,P074,2025-04-17,1,0.0,Cash on Delivery
O04260,C0176,P022,2025-05-31,5,0.05,Cash on Delivery
O04261,C0741,P047,2024-07-05,2,0.05,EFT
O04262,C0329,P036,2026-05-26,1,0.05,EFT
O04263,C0649,P067,2025-06-13,1,0.15,Card
O04264,C0711,P001,2025-05-18,1,0.0,EFT
O04265,C0567,P012,2025-12-30,1,0.25,EFT
O04266,C0957,P012,2025-07-08,2,0.05,Card
O04267,C0021,P019,2025-12-22,3,0.15,PayFast
O04268,C0732,P073,2024-04-14,1,0.1,EFT
O04269,C0957,P003,2026-04-13,4,0.2,Card
O04270,C0863,P059,2026-06-28,2,0.0,EFT
O04271,C0155,P058,2025-12-22,2,0.2,Card
O04272,C0329,P020,2026-07-06,3,0.0,EFT
O04273,C0160,P074,2024-08-24,1,0.1,Cash on Delivery
O04274,C0588,P055,2025-08-09,1,0.0,Cash on Delivery
O04275,C0706,P070,2025-11-17,2,0.05,EFT
O04276,C0319,P071,2025-11-02,1,0.05,Card
O04277,C0529,P042,2025-06-01,2,0.0,Cash on Delivery
O04278,C0682,P054,2025-03-31,2,0.0,EFT
O04279,C0426,P010,2024-07-21,5,0.15,EFT
O04280,C0854,P006,2025-05-23,3,0.1,EFT
O04281,C0775,P009,2024-09-08,1,0.0,EFT
O04282,C0063,P008,2026-02-20,2,0.0,EFT
O04283,C0608,P078,2024-11-06,3,0.1,Card
O04284,C0238,P071,2024-04-10,1,0.0,EFT
O04285,C0544,P053,2025-10-10,1,0.0,Card
O04286,C0954,P003,2025-11-12,2,0.05,Card
O04287,C0885,P076,2026-05-19,1,0.0,Card
O04288,C0402,P078,2025-10-29,1,0.15,Cash on Delivery
O04289,C0291,P071,2025-04-07,3,0.05,Card
O04290,C0238,P073,2026-04-06,2,0.05,EFT
O04291,C0520,P013,2025-09-30,2,0.0,PayFast
O04292,C0106,P063,2024-05-12,1,0.05,Cash on Delivery
O04293,C0538,P077,2025-10-21,1,0.0,EFT
O04294,C0001,P017,2026-06-09,1,0.1,EFT
O04295,C0328,P019,2025-05-27,1,0.1,Card
O04296,C0220,P036,2025-02-15,4,0.05,PayFast
O04297,C0969,P056,2024-08-13,2,0.1,EFT
O04298,C0719,P006,2024-08-24,1,0.0,Card
O04299,C0347,P042,2025-06-30,2,0.1,PayFast
O04300,C0091,P029,2025-11-13,5,0.0,Card
O04301,C0508,P058,2024-05-14,1,0.05,Card
O04302,C0212,P013,2026-06-28,3,0.15,EFT
O04303,C0525,P028,2026-03-06,1,0.0,EFT
O04304,C0838,P041,2025-11-06,1,0.2,Card
O04305,C0602,P012,2026-04-22,2,0.1,EFT
O04306,C0616,P029,2024-05-14,2,0.1,Card
O04307,C0530,P006,2025-08-08,1,0.25,EFT
O04308,C0927,P014,2025-12-09,5,0.0,Card
O04309,C0930,P062,2026-04-22,4,0.1,Cash on Delivery
O04310,C0504,P020,2026-03-25,4,0.25,Cash on Delivery
O04311,C0303,P007,2025-01-25,1,0.05,Card
O04312,C0461,P042,2026-06-28,2,0.05,PayFast
O04313,C0176,P069,2024-07-18,2,0.1,EFT
O04314,C0616,P057,2026-05-21,3,0.05,Card
O04315,C0496,P007,2026-07-15,3,0.0,EFT
O04316,C0096,P039,2024-09-27,3,0.1,Card
O04317,C0188,P066,2026-02-12,1,0.05,EFT
O04318,C0480,P038,2024-03-11,1,0.1,Card
O04319,C0893,P055,2025-06-05,2,0.05,Card
O04320,C0554,P003,2025-09-10,1,0.0,Card
O04321,C0669,P041,2025-11-01,2,0.1,EFT
O04322,C0339,P027,2026-06-26,3,0.05,PayFast
O04323,C0560,P047,2026-01-08,2,0.2,EFT
O04324,C0454,P019,2025-08-12,2,0.0,EFT
O04325,C0637,P072,2026-04-10,3,0.0,Card
O04326,C0049,P073,2026-07-04,3,0.0,Card
O04327,C0491,P039,2024-02-09,2,0.25,Card
O04328,C0295,P023,2026-07-22,1,0.05,PayFast
O04329,C0329,P048,2024-05-23,1,0.0,Cash on Delivery
O04330,C0958,P069,2026-04-13,1,0.05,Card
O04331,C0172,P060,2025-01-28,4,0.0,Cash on Delivery
O04332,C0316,P061,2024-07-29,2,0.05,Cash on Delivery
O04333,C0501,P045,2025-07-06,2,0.05,EFT
O04334,C0864,P011,2025-12-19,4,0.05,Cash on Delivery
O04335,C0417,P015,2025-05-12,1,0.05,Card
O04336,C0736,P021,2024-04-03,3,0.0,EFT
O04337,C0859,P052,2025-11-16,2,0.0,PayFast
O04338,C0314,P037,2026-06-06,3,0.0,Cash on Delivery
O04339,C0395,P039,2025-05-15,3,0.1,Card
O04340,C0353,P008,2024-11-15,2,0.0,EFT
O04341,C0835,P063,2025-07-09,3,0.0,Cash on Delivery
O04342,C0041,P017,2024-03-24,2,0.1,Card
O04343,C0310,P052,2026-04-17,1,0.1,Card
O04344,C0666,P026,2026-04-21,3,0.0,Card
O04345,C0553,P045,2025-11-07,4,0.1,EFT
O04346,C0441,P075,2025-04-15,1,0.15,Card
O04347,C0529,P025,2026-04-04,1,0.05,Card
O04348,C0188,P049,2025-10-12,5,0.05,PayFast
O04349,C0435,P001,2026-04-21,1,0.0,Card
O04350,C0496,P031,2025-12-10,1,0.15,PayFast
O04351,C0904,P018,2026-03-25,3,0.15,Card
O04352,C0258,P029,2025-11-15,1,0.05,Card
O04353,C0871,P027,2025-06-13,2,0.25,EFT
O04354,C0621,P054,2026-07-08,2,0.1,Card
O04355,C0020,P061,2025-10-01,3,0.1,Card
O04356,C0717,P039,2025-11-20,1,0.05,Card
O04357,C0036,P004,2024-11-20,2,0.0,Cash on Delivery
O04358,C1000,P045,2025-12-05,1,0.0,Card
O04359,C0875,P047,2025-10-25,1,0.0,PayFast
O04360,C0296,P049,2024-10-07,3,0.0,Card
O04361,C0256,P063,2024-04-11,3,0.05,Card
O04362,C0387,P075,2025-11-19,3,0.05,PayFast
O04363,C0353,P049,2026-03-12,3,0.1,Card
O04364,C0376,P021,2025-09-16,2,0.05,Card
O04365,C0322,P034,2024-11-28,3,0.0,Card
O04366,C0608,P028,2026-01-04,4,0.25,PayFast
O04367,C0154,P071,2024-05-14,1,0.25,Cash on Delivery
O04368,C0847,P043,2025-07-08,1,0.1,PayFast
O04369,C0815,P035,2024-09-09,3,0.2,Card
O04370,C0476,P071,2024-10-07,1,0.0,EFT
O04371,C0852,P069,2024-10-29,1,0.0,EFT
O04372,C0250,P031,2025-05-18,4,0.0,PayFast
O04373,C0018,P036,2024-03-29,1,0.1,Card
O04374,C0606,P062,2025-05-28,1,0.15,Card
O04375,C0461,P012,2025-09-07,1,0.1,EFT
O04376,C0556,P068,2025-08-14,2,0.05,Card
O04377,C0903,P009,2025-05-14,1,0.1,Card
O04378,C0968,P075,2026-04-29,1,0.0,EFT
O04379,C0616,P056,2024-08-16,1,0.05,Card
O04380,C0766,P068,2025-09-02,3,0.05,Card
O04381,C0085,P069,2024-04-15,2,0.0,Card
O04382,C0150,P075,2024-04-30,1,0.0,Card
O04383,C0725,P030,2025-10-27,1,0.05,Card
O04384,C0435,P014,2025-10-21,4,0.0,Cash on Delivery
O04385,C0453,P010,2026-05-23,2,0.0,EFT
O04386,C0310,P052,2025-10-14,2,0.0,Card
O04387,C0594,P043,2026-07-09,3,0.15,Card
O04388,C0174,P071,2024-03-25,2,0.0,PayFast
O04389,C0612,P075,2024-06-10,2,0.0,PayFast
O04390,C0161,P010,2024-03-17,1,0.0,Cash on Delivery
O04391,C0063,P026,2024-10-08,1,0.0,Card
O04392,C0333,P007,2025-10-01,1,0.05,PayFast
O04393,C0233,P043,2025-12-20,4,0.0,Card
O04394,C0893,P018,2024-03-20,1,0.1,Card
O04395,C0053,P020,2026-07-01,1,0.05,Card
O04396,C0163,P041,2026-05-01,1,0.0,EFT
O04397,C0538,P019,2025-02-15,1,0.25,Card
O04398,C0480,P032,2024-05-09,1,0.1,Card
O04399,C0041,P018,2024-09-18,3,0.0,Card
O04400,C0007,P041,2024-07-21,1,0.25,Card
O04401,C0989,P023,2024-07-16,1,0.05,EFT
O04402,C0637,P013,2025-09-12,4,0.1,Cash on Delivery
O04403,C0367,P010,2024-12-20,1,0.0,EFT
O04404,C0467,P027,2025-04-20,1,0.0,Card
O04405,C0263,P023,2026-07-26,1,0.05,PayFast
O04406,C0345,P015,2026-01-17,3,0.0,Cash on Delivery
O04407,C0624,P033,2026-07-03,1,0.15,EFT
O04408,C0888,P043,2024-08-12,1,0.0,EFT
O04409,C0172,P039,2025-05-13,3,0.0,Card
O04410,C0842,P001,2025-10-12,1,0.05,Card
O04411,C0113,P025,2024-05-08,1,0.1,Cash on Delivery
O04412,C0214,P075,2024-01-08,4,0.0,Cash on Delivery
O04413,C0038,P061,2026-01-07,2,0.15,Card
O04414,C0133,P074,2025-12-17,2,0.1,Card
O04415,C0916,P061,2025-06-10,3,0.05,PayFast
O04416,C0461,P012,2025-08-19,1,0.0,Card
O04417,C0075,P052,2025-06-14,1,0.0,PayFast
O04418,C0958,P035,2024-02-12,2,0.15,PayFast
O04419,C0885,P048,2025-03-28,3,0.15,EFT
O04420,C0755,P054,2024-09-27,1,0.0,EFT
O04421,C0934,P048,2024-06-10,1,0.05,EFT
O04422,C0221,P048,2026-07-07,1,0.15,Cash on Delivery
O04423,C0839,P035,2025-11-15,4,0.05,Cash on Delivery
O04424,C0679,P030,2026-02-16,1,0.05,EFT
O04425,C0871,P053,2025-03-07,1,0.1,Cash on Delivery
O04426,C0801,P071,2025-05-24,3,0.1,Card
O04427,C0345,P026,2024-12-10,3,0.1,PayFast
O04428,C0777,P064,2024-06-08,4,0.0,Card
O04429,C0258,P061,2024-09-30,1,0.1,PayFast
O04430,C0331,P054,2026-04-03,4,0.1,EFT
O04431,C0102,P029,2026-01-12,1,0.0,EFT
O04432,C0935,P053,2025-10-05,2,0.05,Card
O04433,C0291,P074,2025-08-07,1,0.1,Card
O04434,C0511,P069,2026-06-18,1,0.05,EFT
O04435,C0395,P031,2024-05-02,2,0.1,Cash on Delivery
O04436,C0958,P010,2025-01-29,1,0.05,Card
O04437,C0337,P065,2025-04-12,1,0.05,Cash on Delivery
O04438,C0779,P026,2026-03-24,2,0.0,Card
O04439,C0857,P064,2026-07-27,3,0.05,Card
O04440,C0440,P061,2024-12-14,2,0.1,Cash on Delivery
O04441,C0384,P013,2026-05-20,1,0.1,PayFast
O04442,C0742,P071,2026-04-24,4,0.0,PayFast
O04443,C0911,P050,2024-11-25,2,0.05,Card
O04444,C0755,P016,2025-05-30,5,0.05,Card
O04445,C0229,P039,2025-06-09,3,0.05,Card
O04446,C0893,P036,2026-07-19,3,0.1,PayFast
O04447,C0393,P022,2024-10-02,1,0.1,Card
O04448,C0563,P052,2026-04-04,1,0.15,EFT
O04449,C0835,P059,2025-03-27,1,0.2,PayFast
O04450,C0178,P076,2026-02-18,2,0.0,Card
O04451,C0786,P074,2025-06-18,1,0.15,Card
O04452,C0583,P015,2025-10-30,1,0.05,PayFast
O04453,C0900,P038,2026-04-25,2,0.0,Card
O04454,C0160,P004,2026-04-07,1,0.15,Card
O04455,C0423,P043,2026-05-16,1,0.0,Card
O04456,C0835,P050,2024-04-11,1,0.0,Cash on Delivery
O04457,C0020,P004,2026-01-22,1,0.1,Card
O04458,C0103,P078,2024-08-09,1,0.05,Cash on Delivery
O04459,C0993,P011,2025-06-14,1,0.0,PayFast
O04460,C0282,P028,2025-10-07,2,0.1,PayFast
O04461,C0978,P027,2025-06-02,4,0.0,Cash on Delivery
O04462,C0172,P037,2025-09-13,1,0.05,Cash on Delivery
O04463,C0361,P034,2026-07-30,1,0.0,Card
O04464,C0755,P056,2024-08-02,2,0.0,Card
O04465,C0636,P033,2026-01-10,4,0.0,Card
O04466,C0567,P037,2025-05-27,2,0.1,EFT
O04467,C0518,P011,2024-07-30,3,0.0,Card
O04468,C0844,P021,2024-09-03,3,0.0,EFT
O04469,C0238,P054,2026-07-03,3,0.2,Card
O04470,C0448,P070,2026-05-23,5,0.1,Card
O04471,C0145,P078,2026-06-09,1,0.0,Card
O04472,C0583,P026,2026-07-27,1,0.15,PayFast
O04473,C0252,P039,2024-11-05,2,0.15,PayFast
O04474,C0335,P027,2025-04-17,1,0.0,Card
O04475,C0468,P062,2026-01-06,2,0.1,EFT
O04476,C0026,P076,2025-08-14,1,0.2,Card
O04477,C0090,P011,2025-06-17,1,0.05,PayFast
O04478,C0671,P012,2025-04-20,3,0.0,PayFast
O04479,C0434,P013,2025-11-11,2,0.0,PayFast
O04480,C0867,P003,2025-10-28,5,0.0,EFT
O04481,C0686,P001,2024-09-07,1,0.2,EFT
O04482,C0007,P012,2025-08-04,1,0.0,PayFast
O04483,C0603,P059,2025-10-11,3,0.0,Card
O04484,C0091,P063,2025-10-24,4,0.0,PayFast
O04485,C0782,P028,2024-11-08,4,0.05,EFT
O04486,C0994,P063,2026-02-26,1,0.15,Card
O04487,C0518,P010,2024-02-14,1,0.1,Card
O04488,C0670,P064,2025-04-17,1,0.25,EFT
O04489,C0241,P049,2026-03-23,1,0.05,Card
O04490,C0443,P032,2025-10-19,2,0.0,Card
O04491,C0859,P007,2025-01-07,1,0.0,PayFast
O04492,C0155,P028,2026-01-24,1,0.05,EFT
O04493,C0262,P024,2025-10-22,1,0.05,Card
O04494,C0451,P045,2026-04-02,1,0.25,Card
O04495,C0706,P064,2026-02-21,2,0.15,Card
O04496,C0383,P047,2025-11-24,1,0.1,Card
O04497,C0927,P060,2025-08-18,2,0.05,EFT
O04498,C0091,P067,2024-07-30,2,0.2,Card
O04499,C0374,P078,2025-01-07,1,0.05,PayFast
O04500,C0702,P029,2025-06-17,5,0.0,Card
O04501,C0226,P044,2025-11-15,1,0.0,EFT
O04502,C0635,P052,2025-09-08,1,0.05,EFT
O04503,C0154,P019,2025-02-06,3,0.0,EFT
O04504,C0053,P012,2024-01-12,2,0.05,Card
O04505,C0113,P047,2025-08-25,1,0.0,Card
O04506,C0930,P002,2025-02-03,2,0.1,Card
O04507,C0540,P036,2026-02-20,1,0.0,PayFast
O04508,C0801,P049,2024-02-12,2,0.2,Card
O04509,C0335,P024,2025-11-04,1,0.1,EFT
O04510,C0581,P014,2026-06-29,3,0.0,EFT
O04511,C0492,P053,2024-09-24,1,0.05,EFT
O04512,C0944,P013,2025-08-04,2,0.05,Card
O04513,C0742,P053,2024-05-31,1,0.05,Card
O04514,C0722,P045,2025-12-05,3,0.1,Card
O04515,C0041,P019,2025-10-08,2,0.0,EFT
O04516,C0538,P037,2025-06-06,1,0.0,Card
O04517,C0465,P020,2025-09-15,2,0.05,EFT
O04518,C0928,P077,2026-06-03,1,0.0,Card
O04519,C0256,P071,2024-10-22,1,0.1,Card
O04520,C0267,P048,2024-02-10,3,0.0,Card
O04521,C0412,P032,2026-05-13,1,0.0,PayFast
O04522,C0249,P041,2025-10-29,1,0.25,PayFast
O04523,C0121,P019,2026-05-30,1,0.1,EFT
O04524,C0860,P001,2025-11-14,3,0.05,Card
O04525,C0545,P047,2026-04-11,4,0.05,Card
O04526,C0863,P060,2025-06-27,2,0.0,PayFast
O04527,C0835,P003,2026-03-03,3,0.0,Card
O04528,C0282,P037,2026-06-12,4,0.1,Card
O04529,C0537,P039,2025-10-25,1,0.0,Cash on Delivery
O04530,C0084,P066,2024-10-02,3,0.0,EFT
O04531,C0913,P037,2025-01-16,2,0.05,EFT
O04532,C0402,P017,2024-10-24,2,0.0,EFT
O04533,C0396,P072,2024-12-21,4,0.0,Card
O04534,C0300,P045,2025-02-26,2,0.2,EFT
O04535,C0462,P004,2025-10-12,2,0.0,EFT
O04536,C0252,P015,2025-11-07,2,0.0,PayFast
O04537,C0381,P057,2025-06-24,1,0.2,Card
O04538,C0804,P052,2025-11-28,2,0.0,PayFast
O04539,C0837,P071,2024-05-16,1,0.0,EFT
O04540,C0301,P048,2024-05-25,2,0.0,Cash on Delivery
O04541,C0465,P070,2024-09-20,3,0.0,PayFast
O04542,C0875,P001,2025-09-12,3,0.1,Card
O04543,C0051,P007,2024-11-12,2,0.05,Card
O04544,C0893,P078,2025-02-01,3,0.05,Card
O04545,C0220,P007,2025-05-31,1,0.05,Card
O04546,C0665,P058,2026-04-12,3,0.05,PayFast
O04547,C0567,P011,2024-01-25,1,0.0,Card
O04548,C0540,P029,2025-12-23,1,0.05,Card
O04549,C0862,P071,2026-01-06,1,0.05,EFT
O04550,C0096,P066,2026-04-03,1,0.05,Card
O04551,C0345,P021,2026-06-24,2,0.15,Card
O04552,C0528,P039,2024-02-05,2,0.15,PayFast
O04553,C0813,P024,2024-08-27,1,0.15,Card
O04554,C0216,P037,2026-05-27,2,0.0,Card
O04555,C0804,P033,2025-07-23,1,0.0,Card
O04556,C0400,P005,2025-10-20,1,0.05,Card
O04557,C0184,P015,2026-01-02,2,0.0,PayFast
O04558,C0760,P051,2026-01-13,2,0.0,Card
O04559,C0090,P059,2026-06-23,1,0.2,PayFast
O04560,C0504,P050,2026-07-30,1,0.05,PayFast
O04561,C0063,P002,2026-02-11,1,0.0,EFT
O04562,C0353,P031,2025-02-05,5,0.0,EFT
O04563,C0588,P044,2026-05-24,2,0.0,Card
O04564,C0543,P029,2024-03-26,3,0.0,EFT
O04565,C0402,P018,2024-12-03,2,0.0,Card
O04566,C0434,P018,2026-06-03,2,0.05,PayFast
O04567,C0228,P077,2025-01-01,1,0.0,EFT
O04568,C0459,P021,2024-11-20,2,0.15,Card
O04569,C0949,P012,2024-08-06,1,0.05,Cash on Delivery
O04570,C0851,P016,2026-05-11,1,0.0,Card
O04571,C0135,P052,2025-08-28,1,0.0,PayFast
O04572,C0029,P001,2026-01-10,1,0.25,PayFast
O04573,C0934,P005,2024-12-12,5,0.0,Card
O04574,C0517,P021,2026-03-08,2,0.0,Cash on Delivery
O04575,C0528,P046,2026-03-09,1,0.0,Card
O04576,C0782,P075,2025-03-04,1,0.05,EFT
O04577,C0318,P028,2025-06-10,1,0.0,EFT
O04578,C0480,P011,2024-11-07,2,0.0,EFT
O04579,C0967,P024,2026-07-19,2,0.1,Card
O04580,C0655,P049,2025-12-20,1,0.15,Card
O04581,C0144,P036,2026-06-25,2,0.0,Cash on Delivery
O04582,C0128,P046,2025-02-22,4,0.0,Cash on Delivery
O04583,C0197,P075,2026-03-24,5,0.15,Card
O04584,C0767,P001,2026-03-13,1,0.1,Cash on Delivery
O04585,C0295,P028,2026-01-22,1,0.0,PayFast
O04586,C0021,P060,2026-07-12,2,0.1,Cash on Delivery
O04587,C0944,P037,2025-05-24,1,0.0,Cash on Delivery
O04588,C0157,P032,2024-07-27,1,0.1,Card
O04589,C0009,P038,2026-01-08,4,0.05,EFT
O04590,C0240,P014,2026-02-17,4,0.1,PayFast
O04591,C0238,P055,2025-10-28,4,0.1,Card
O04592,C0428,P045,2024-11-04,1,0.05,PayFast
O04593,C0918,P054,2025-09-01,1,0.0,EFT
O04594,C0885,P071,2025-03-04,1,0.1,Card
O04595,C0461,P071,2025-06-25,1,0.1,Cash on Delivery
O04596,C0412,P008,2025-12-20,1,0.0,EFT
O04597,C0542,P051,2026-02-27,2,0.05,PayFast
O04598,C0249,P004,2024-12-04,1,0.15,EFT
O04599,C0049,P027,2025-06-05,1,0.0,Card
O04600,C0939,P063,2025-01-16,1,0.05,Card
O04601,C0176,P018,2024-10-24,1,0.1,Cash on Delivery
O04602,C0188,P066,2026-03-25,1,0.0,EFT
O04603,C0471,P011,2026-06-10,1,0.0,Card
O04604,C0486,P003,2025-05-02,1,0.2,Card
O04605,C0019,P044,2026-03-04,3,0.0,Cash on Delivery
O04606,C0138,P073,2026-06-03,4,0.0,Card
O04607,C0384,P010,2026-05-03,1,0.0,Card
O04608,C0671,P065,2024-10-04,3,0.05,Card
O04609,C0230,P062,2026-07-07,3,0.05,Card
O04610,C0428,P063,2025-05-08,2,0.0,EFT
O04611,C0544,P053,2025-04-01,1,0.0,PayFast
O04612,C0893,P027,2024-04-16,4,0.0,Card
O04613,C0329,P036,2025-08-16,2,0.0,Card
O04614,C0128,P046,2024-06-26,1,0.05,Card
O04615,C0485,P056,2024-12-23,1,0.1,Card
O04616,C0741,P048,2025-03-09,1,0.0,Card
O04617,C0102,P036,2026-04-10,1,0.0,PayFast
O04618,C0428,P032,2026-05-21,2,0.15,EFT
O04619,C0018,P041,2025-02-21,4,0.05,EFT
O04620,C0033,P053,2026-05-11,1,0.05,Card
O04621,C0482,P055,2026-05-10,1,0.0,PayFast
O04622,C0296,P037,2026-03-12,2,0.15,Card
O04623,C0846,P053,2024-08-18,2,0.0,PayFast
O04624,C0589,P075,2026-01-21,1,0.05,Card
O04625,C0459,P069,2026-07-01,4,0.15,Card
O04626,C0409,P007,2026-01-15,3,0.1,Cash on Delivery
O04627,C0494,P054,2025-03-24,2,0.0,PayFast
O04628,C0040,P041,2025-08-28,2,0.1,EFT
O04629,C0900,P028,2025-12-20,1,0.15,PayFast
O04630,C1000,P010,2025-09-06,1,0.0,Card
O04631,C0171,P048,2024-07-12,4,0.0,Cash on Delivery
O04632,C0113,P038,2025-03-04,3,0.05,PayFast
O04633,C0133,P001,2026-04-06,1,0.0,EFT
O04634,C0639,P073,2026-05-12,2,0.15,Card
O04635,C0639,P067,2024-08-05,1,0.1,EFT
O04636,C0847,P027,2026-07-05,1,0.1,Card
O04637,C0753,P038,2025-03-21,2,0.1,PayFast
O04638,C0455,P019,2026-01-01,3,0.0,EFT
O04639,C0599,P020,2026-03-04,2,0.2,EFT
O04640,C0676,P035,2026-04-12,1,0.1,Card
O04641,C0504,P052,2026-07-01,3,0.05,Card
O04642,C0475,P053,2025-03-05,2,0.1,PayFast
O04643,C0621,P067,2026-05-11,1,0.0,Card
O04644,C0544,P018,2024-07-28,3,0.15,Card
O04645,C0621,P007,2026-01-31,3,0.1,EFT
O04646,C0599,P065,2026-02-25,4,0.0,PayFast
O04647,C0713,P070,2026-01-12,1,0.25,Card
O04648,C0621,P058,2024-12-28,2,0.05,PayFast
O04649,C0509,P066,2026-05-20,1,0.25,EFT
O04650,C0669,P052,2024-09-16,2,0.1,Card
O04651,C0455,P027,2024-04-02,1,0.15,EFT
O04652,C0246,P033,2026-02-09,2,0.0,Card
O04653,C0002,P077,2025-08-07,1,0.05,Card
O04654,C0547,P054,2026-05-05,1,0.1,Card
O04655,C0577,P025,2025-05-15,1,0.1,Cash on Delivery
O04656,C0972,P012,2024-09-16,4,0.2,Card
O04657,C0361,P001,2026-04-27,1,0.15,Card
O04658,C0396,P015,2025-10-07,2,0.1,EFT
O04659,C0191,P008,2024-10-13,2,0.0,PayFast
O04660,C0067,P066,2026-02-11,2,0.1,Cash on Delivery
O04661,C0775,P037,2025-09-06,1,0.0,Card
O04662,C0251,P035,2025-11-19,1,0.0,Card
O04663,C0595,P066,2025-07-25,1,0.1,PayFast
O04664,C0674,P025,2026-04-22,2,0.1,Card
O04665,C0468,P028,2026-04-23,2,0.05,Card
O04666,C0881,P007,2026-02-03,1,0.1,Card
O04667,C0450,P052,2024-06-21,2,0.0,Card
O04668,C0283,P015,2026-04-29,2,0.15,EFT
O04669,C0901,P005,2026-01-07,1,0.2,Card
O04670,C0863,P060,2026-01-26,3,0.1,Card
O04671,C0154,P078,2025-04-25,2,0.05,Cash on Delivery
O04672,C0024,P062,2026-05-23,2,0.05,Card
O04673,C0088,P067,2026-02-14,4,0.05,Cash on Delivery
O04674,C0286,P055,2024-07-01,1,0.05,EFT
O04675,C0972,P050,2025-06-07,1,0.05,Cash on Delivery
O04676,C0545,P026,2026-05-28,2,0.0,Card
O04677,C0379,P006,2024-03-22,2,0.15,Card
O04678,C0893,P069,2026-07-10,1,0.0,Card
O04679,C0459,P070,2026-01-13,1,0.0,Card
O04680,C0319,P020,2025-12-10,2,0.0,PayFast
O04681,C0943,P032,2025-01-17,2,0.05,Cash on Delivery
O04682,C0849,P021,2024-12-24,1,0.05,EFT
O04683,C0844,P013,2026-06-29,2,0.1,EFT
O04684,C0504,P072,2025-02-17,1,0.1,EFT
O04685,C0791,P035,2026-03-19,4,0.05,EFT
O04686,C0168,P027,2025-05-24,1,0.15,Card
O04687,C0562,P020,2024-08-08,3,0.0,Card
O04688,C0987,P060,2024-01-20,1,0.1,Card
O04689,C0291,P072,2025-10-03,3,0.0,Card
O04690,C0798,P048,2026-07-18,3,0.1,Card
O04691,C0486,P017,2025-05-01,3,0.05,Card
O04692,C0040,P014,2025-04-19,4,0.0,EFT
O04693,C0764,P025,2025-04-06,4,0.0,PayFast
O04694,C0156,P061,2025-09-14,1,0.1,Card
O04695,C0613,P059,2025-07-07,3,0.0,PayFast
O04696,C0087,P022,2026-05-24,4,0.1,EFT
O04697,C0946,P015,2025-09-01,1,0.1,Card
O04698,C0291,P041,2025-09-03,1,0.1,EFT
O04699,C0227,P050,2024-08-06,1,0.1,Card
O04700,C0121,P057,2026-07-22,4,0.0,Card
O04701,C0944,P019,2024-12-25,2,0.0,Card
O04702,C0706,P038,2024-05-03,2,0.15,PayFast
O04703,C0736,P045,2026-01-02,2,0.05,PayFast
O04704,C0496,P058,2025-11-12,5,0.0,EFT
O04705,C0475,P055,2025-06-14,4,0.1,EFT
O04706,C0102,P061,2025-06-20,1,0.05,EFT
O04707,C0547,P045,2026-03-26,3,0.05,EFT
O04708,C0250,P038,2024-10-21,1,0.1,EFT
O04709,C0979,P068,2026-04-17,3,0.0,Cash on Delivery
O04710,C0801,P003,2025-12-22,1,0.1,Card
O04711,C0412,P037,2025-06-17,4,0.25,Card
O04712,C0142,P047,2025-07-23,1,0.05,Card
O04713,C0787,P024,2025-01-02,1,0.0,Card
O04714,C0113,P034,2026-03-04,1,0.1,Card
O04715,C0184,P003,2025-09-08,1,0.0,EFT
O04716,C0205,P054,2025-03-13,1,0.0,EFT
O04717,C0544,P076,2025-11-13,1,0.2,Card
O04718,C0788,P013,2026-07-29,1,0.05,PayFast
O04719,C0318,P020,2025-07-02,1,0.0,Card
O04720,C0086,P052,2026-06-17,1,0.05,Card
O04721,C0465,P034,2025-04-07,3,0.2,EFT
O04722,C0743,P072,2024-04-04,4,0.0,Card
O04723,C0221,P065,2024-10-31,2,0.0,EFT
O04724,C0220,P012,2025-06-17,2,0.0,EFT
O04725,C0946,P061,2024-11-19,2,0.15,Card
O04726,C0950,P065,2024-01-01,4,0.25,Card
O04727,C0992,P037,2026-06-13,2,0.0,Card
O04728,C0808,P027,2026-05-02,1,0.25,EFT
O04729,C0178,P018,2026-02-26,3,0.05,Card
O04730,C0206,P067,2024-09-15,1,0.05,Card
O04731,C0340,P076,2024-07-12,4,0.25,EFT
O04732,C0321,P017,2024-04-24,1,0.0,Card
O04733,C0954,P019,2026-02-13,1,0.05,Card
O04734,C0791,P039,2026-06-21,2,0.05,Card
O04735,C0716,P012,2025-06-28,2,0.05,Card
O04736,C0175,P027,2024-07-10,3,0.05,Card
O04737,C0910,P026,2025-09-07,2,0.15,EFT
O04738,C0831,P026,2025-04-11,5,0.0,Card
O04739,C0153,P028,2025-05-06,1,0.1,PayFast
O04740,C0873,P026,2025-12-02,3,0.0,Card
O04741,C0270,P005,2026-02-10,2,0.05,EFT
O04742,C0078,P031,2024-06-28,1,0.05,Card
O04743,C0636,P001,2024-03-03,3,0.0,PayFast
O04744,C0630,P006,2026-07-28,1,0.1,PayFast
O04745,C0092,P043,2024-12-05,2,0.0,Card
O04746,C0322,P077,2024-04-02,3,0.1,Card
O04747,C0997,P030,2024-10-13,1,0.0,Card
O04748,C0665,P057,2024-03-09,1,0.0,Cash on Delivery
O04749,C0722,P051,2025-05-23,1,0.2,Card
O04750,C0210,P011,2026-04-06,1,0.0,EFT
O04751,C0075,P067,2025-04-03,1,0.15,PayFast
O04752,C0277,P074,2025-07-10,1,0.05,EFT
O04753,C0251,P033,2026-01-11,3,0.15,PayFast
O04754,C0238,P029,2025-09-04,1,0.15,PayFast
O04755,C0184,P005,2026-05-13,5,0.1,PayFast
O04756,C0562,P032,2026-05-15,1,0.1,EFT
O04757,C0331,P026,2024-01-18,2,0.1,Card
O04758,C0822,P018,2026-03-21,1,0.05,Card
O04759,C0172,P040,2025-07-25,1,0.05,Card
O04760,C0465,P053,2026-07-25,2,0.05,Card
O04761,C0014,P014,2025-08-14,1,0.05,EFT
O04762,C0480,P013,2026-07-24,2,0.05,PayFast
O04763,C0053,P017,2026-03-06,2,0.05,PayFast
O04764,C0980,P053,2024-12-24,4,0.05,EFT
O04765,C0791,P046,2025-09-29,1,0.1,Card
O04766,C0485,P021,2026-07-27,2,0.05,EFT
O04767,C0087,P024,2026-05-10,1,0.05,EFT
O04768,C0581,P066,2024-06-09,1,0.1,Card
O04769,C0760,P051,2026-02-01,1,0.05,PayFast
O04770,C0184,P022,2025-04-07,1,0.2,EFT
O04771,C0556,P069,2024-01-13,4,0.0,Card
O04772,C0816,P075,2025-06-03,1,0.0,EFT
O04773,C0770,P018,2024-12-07,1,0.1,EFT
O04774,C0804,P020,2026-04-16,1,0.25,PayFast
O04775,C0885,P049,2025-03-30,1,0.05,Card
O04776,C0938,P072,2026-04-22,1,0.1,Card
O04777,C0403,P004,2024-01-02,4,0.2,PayFast
O04778,C0558,P038,2025-02-27,1,0.05,PayFast
O04779,C0791,P050,2024-12-15,1,0.05,Card
O04780,C0692,P009,2024-12-06,4,0.0,PayFast
O04781,C0998,P046,2024-04-25,3,0.05,Card
O04782,C0014,P069,2024-10-10,1,0.1,PayFast
O04783,C0353,P040,2025-10-12,2,0.0,PayFast
O04784,C0282,P047,2025-02-09,3,0.0,EFT
O04785,C0258,P034,2025-06-16,1,0.1,Card
O04786,C0224,P058,2025-05-08,2,0.15,Card
O04787,C0702,P060,2026-05-21,5,0.1,EFT
O04788,C0086,P019,2026-06-08,2,0.0,Card
O04789,C0736,P020,2025-08-22,1,0.0,EFT
O04790,C0684,P051,2025-03-23,3,0.0,Card
O04791,C0252,P074,2024-06-23,3,0.0,EFT
O04792,C0252,P077,2026-07-05,1,0.25,Card
O04793,C0613,P025,2024-04-12,1,0.0,Card
O04794,C0764,P072,2025-02-16,1,0.0,Card
O04795,C0881,P064,2025-02-17,2,0.0,Card
O04796,C0851,P034,2025-03-12,3,0.2,EFT
O04797,C0962,P055,2024-09-10,1,0.1,EFT
O04798,C0567,P047,2026-03-24,1,0.2,Cash on Delivery
O04799,C0910,P037,2024-07-15,5,0.1,Card
O04800,C0810,P012,2025-12-12,3,0.1,Card
O04801,C0900,P077,2024-07-17,1,0.05,Cash on Delivery
O04802,C0011,P064,2024-04-29,1,0.1,EFT
O04803,C0963,P064,2026-06-10,3,0.05,Card
O04804,C0474,P048,2024-10-14,1,0.0,Card
O04805,C0804,P049,2026-04-18,2,0.15,PayFast
O04806,C0117,P054,2025-10-04,1,0.15,Card
O04807,C0399,P035,2024-05-10,2,0.1,EFT
O04808,C0269,P030,2026-07-07,2,0.2,EFT
O04809,C0291,P055,2024-12-22,2,0.15,PayFast
O04810,C0113,P028,2026-05-11,1,0.05,Card
O04811,C0806,P041,2024-09-16,1,0.0,EFT
O04812,C0009,P059,2026-05-08,2,0.05,Card
O04813,C0317,P066,2024-01-24,4,0.0,Card
O04814,C0161,P053,2025-09-07,3,0.1,Card
O04815,C0575,P033,2026-03-16,1,0.15,Cash on Delivery
O04816,C0252,P077,2026-06-25,2,0.15,Card
O04817,C0258,P004,2026-06-10,3,0.1,Card
O04818,C0484,P008,2026-04-17,1,0.1,EFT
O04819,C0629,P069,2026-05-29,1,0.05,Cash on Delivery
O04820,C0113,P002,2024-10-25,1,0.0,Card
O04821,C0161,P078,2025-02-02,3,0.05,EFT
O04822,C0250,P058,2025-02-07,1,0.1,PayFast
O04823,C0976,P076,2025-05-09,1,0.1,PayFast
O04824,C0399,P001,2025-05-24,1,0.2,Card
O04825,C0587,P018,2025-10-04,1,0.25,Card
O04826,C0246,P005,2024-09-05,2,0.1,EFT
O04827,C0486,P039,2026-01-22,5,0.0,Card
O04828,C0072,P072,2024-09-15,1,0.0,Card
O04829,C0035,P009,2025-03-02,1,0.05,Card
O04830,C0465,P030,2025-08-31,3,0.1,EFT
O04831,C0400,P043,2026-04-02,1,0.1,Cash on Delivery
O04832,C0129,P013,2026-02-24,1,0.0,Card
O04833,C0674,P004,2025-12-20,1,0.15,Card
O04834,C0997,P024,2024-08-30,3,0.15,Card
O04835,C0398,P056,2025-10-06,3,0.05,Card
O04836,C0610,P045,2024-05-25,1,0.0,Card
O04837,C0960,P029,2025-05-09,2,0.05,EFT
O04838,C0835,P045,2025-06-12,1,0.2,Card
O04839,C0464,P056,2024-03-10,5,0.1,PayFast
O04840,C0732,P011,2025-01-21,2,0.0,Card
O04841,C0119,P039,2026-07-07,1,0.05,Cash on Delivery
O04842,C0504,P029,2026-07-06,2,0.1,PayFast
O04843,C0282,P054,2025-04-14,1,0.0,PayFast
O04844,C0151,P054,2024-03-15,2,0.0,Card
O04845,C0429,P013,2024-09-30,5,0.0,Card
O04846,C0124,P041,2025-05-23,3,0.05,Card
O04847,C0696,P022,2026-07-02,3,0.0,Card
O04848,C0460,P055,2024-08-10,1,0.0,Card
O04849,C0518,P057,2026-03-12,1,0.0,EFT
O04850,C0138,P008,2024-06-25,1,0.0,EFT
O04851,C0132,P056,2026-07-21,1,0.1,Card
O04852,C0568,P077,2025-05-13,1,0.0,Cash on Delivery
O04853,C0988,P008,2026-03-19,1,0.0,Card
O04854,C0094,P076,2025-04-04,2,0.2,Card
O04855,C0285,P054,2025-12-07,1,0.1,Card
O04856,C0871,P023,2024-10-16,4,0.0,Cash on Delivery
O04857,C0070,P068,2024-08-17,4,0.05,Card
O04858,C0881,P065,2026-06-27,1,0.2,EFT
O04859,C0514,P020,2026-06-15,1,0.05,PayFast
O04860,C0409,P052,2026-05-28,1,0.0,EFT
O04861,C0313,P071,2025-12-05,1,0.1,Card
O04862,C0296,P033,2026-04-10,1,0.05,Card
O04863,C0303,P049,2024-04-26,2,0.1,Card
O04864,C0892,P043,2025-03-27,1,0.0,Card
O04865,C0716,P034,2025-03-05,1,0.0,PayFast
O04866,C0651,P026,2025-12-13,2,0.0,PayFast
O04867,C0804,P048,2025-04-18,1,0.1,PayFast
O04868,C0256,P021,2024-08-20,2,0.05,EFT
O04869,C0603,P014,2025-11-13,1,0.05,EFT
O04870,C0462,P015,2026-04-13,4,0.2,EFT
O04871,C0784,P050,2025-05-13,4,0.2,PayFast
O04872,C0311,P058,2024-07-29,1,0.0,Card
O04873,C0621,P055,2024-10-22,1,0.1,Cash on Delivery
O04874,C0888,P065,2024-12-11,2,0.15,Card
O04875,C0402,P013,2025-02-19,2,0.0,EFT
O04876,C0063,P010,2025-12-18,3,0.05,EFT
O04877,C0506,P056,2025-11-17,3,0.0,Card
O04878,C0345,P018,2026-01-25,2,0.1,EFT
O04879,C0656,P057,2025-04-24,2,0.0,EFT
O04880,C0948,P011,2026-04-19,1,0.0,Card
O04881,C0483,P041,2024-10-31,1,0.15,Card
O04882,C0465,P017,2025-08-01,3,0.05,PayFast
O04883,C0631,P032,2026-04-05,2,0.05,Card
O04884,C0096,P028,2024-10-01,2,0.0,Card
O04885,C0252,P008,2024-06-27,1,0.0,Card
O04886,C0918,P051,2026-05-26,1,0.1,Card
O04887,C0652,P002,2025-04-05,2,0.1,Card
O04888,C0013,P053,2026-01-16,2,0.05,Card
O04889,C0197,P009,2024-02-14,2,0.1,Card
O04890,C0670,P055,2026-01-21,2,0.0,Card
O04891,C0766,P032,2025-03-08,3,0.1,Card
O04892,C0842,P010,2024-04-05,1,0.1,Card
O04893,C0291,P032,2025-11-23,1,0.0,EFT
O04894,C0930,P021,2024-12-14,1,0.0,EFT
O04895,C0540,P071,2025-05-18,1,0.1,Card
O04896,C0691,P071,2024-05-14,2,0.1,Card
O04897,C0584,P050,2024-08-18,2,0.1,EFT
O04898,C0113,P029,2025-02-17,1,0.0,EFT
O04899,C0960,P012,2024-05-28,2,0.1,PayFast
O04900,C0113,P049,2026-06-11,2,0.05,EFT
O04901,C0254,P040,2024-01-11,2,0.05,Card
O04902,C0816,P006,2025-08-14,1,0.0,Card
O04903,C0605,P013,2024-07-16,3,0.25,PayFast
O04904,C0839,P059,2025-02-27,1,0.0,EFT
O04905,C0506,P004,2026-06-20,3,0.1,PayFast
O04906,C0384,P042,2024-09-07,1,0.0,Card
O04907,C0920,P048,2026-07-13,1,0.0,Cash on Delivery
O04908,C0038,P011,2024-11-02,2,0.1,Card
O04909,C0859,P034,2026-02-25,4,0.05,EFT
O04910,C0233,P051,2025-10-05,1,0.05,Card
O04911,C0848,P024,2026-05-26,2,0.05,Card
O04912,C0132,P058,2025-10-11,2,0.15,EFT
O04913,C0566,P065,2025-09-25,2,0.1,PayFast
O04914,C0893,P031,2024-10-21,2,0.05,Card
O04915,C0474,P052,2024-09-13,3,0.05,Cash on Delivery
O04916,C0741,P070,2026-06-14,1,0.0,Card
O04917,C0806,P027,2025-03-20,2,0.0,PayFast
O04918,C0729,P068,2025-05-04,2,0.0,PayFast
O04919,C0924,P022,2026-03-09,2,0.0,EFT
O04920,C0453,P037,2025-03-31,2,0.25,Card
O04921,C0161,P051,2026-07-05,3,0.0,Card
O04922,C0044,P028,2026-02-23,1,0.2,Card
O04923,C0250,P059,2025-11-14,1,0.0,Card
O04924,C0133,P014,2026-05-24,1,0.0,Card
O04925,C0544,P077,2024-03-26,1,0.05,Card
O04926,C0173,P054,2025-01-02,1,0.0,Card
O04927,C0040,P041,2025-07-29,1,0.25,Card
O04928,C0038,P066,2024-11-28,4,0.2,Card
O04929,C0835,P071,2026-02-27,2,0.25,Card
O04930,C0577,P036,2026-06-16,2,0.05,EFT
O04931,C0355,P030,2025-06-22,1,0.0,PayFast
O04932,C0900,P045,2025-04-04,2,0.0,PayFast
O04933,C0065,P077,2026-07-10,1,0.1,EFT
O04934,C0982,P008,2025-07-11,1,0.05,Card
O04935,C0603,P006,2025-08-19,4,0.0,Cash on Delivery
O04936,C0172,P019,2025-04-13,2,0.0,EFT
O04937,C0665,P017,2026-06-10,2,0.0,Card
O04938,C0764,P025,2025-10-23,1,0.05,Card
O04939,C0434,P075,2026-03-11,3,0.2,EFT
O04940,C0863,P062,2026-04-12,1,0.05,EFT
O04941,C0140,P067,2025-04-04,2,0.15,EFT
O04942,C0281,P037,2025-07-01,2,0.05,EFT
O04943,C0091,P041,2026-05-05,1,0.15,Card
O04944,C0205,P016,2025-04-25,1,0.05,Card
O04945,C0242,P043,2026-03-31,5,0.05,Cash on Delivery
O04946,C0916,P071,2026-06-28,2,0.1,PayFast
O04947,C0075,P002,2025-12-03,1,0.05,EFT
O04948,C0432,P041,2026-02-25,1,0.0,PayFast
O04949,C0520,P026,2026-04-07,3,0.0,EFT
O04950,C0902,P047,2026-05-02,3,0.05,Card
O04951,C1000,P054,2025-05-26,1,0.05,EFT
O04952,C0755,P028,2024-03-29,2,0.05,Card
O04953,C0969,P074,2025-06-01,3,0.0,PayFast
O04954,C0788,P076,2026-01-09,2,0.15,Card
O04955,C0960,P068,2025-07-16,5,0.0,Card
O04956,C0701,P027,2026-03-02,2,0.0,Card
O04957,C0077,P064,2025-04-19,1,0.1,EFT
O04958,C0401,P015,2025-12-12,1,0.15,EFT
O04959,C0623,P054,2024-10-09,4,0.15,Card
O04960,C0347,P061,2026-03-02,2,0.05,Card
O04961,C0272,P005,2025-10-04,3,0.0,EFT
O04962,C0564,P008,2024-10-31,1,0.1,EFT
O04963,C0934,P038,2025-02-10,1,0.1,EFT
O04964,C0035,P044,2026-03-02,2,0.2,PayFast
O04965,C0773,P031,2025-08-13,2,0.2,EFT
O04966,C0716,P016,2024-11-15,1,0.15,PayFast
O04967,C0960,P028,2026-07-13,2,0.0,PayFast
O04968,C0930,P044,2026-02-07,1,0.15,Card
O04969,C0764,P077,2026-07-08,2,0.0,EFT
O04970,C0510,P009,2025-06-25,2,0.15,PayFast
O04971,C0197,P033,2025-08-07,3,0.15,PayFast
O04972,C0534,P014,2026-06-03,3,0.25,Cash on Delivery
O04973,C0766,P052,2025-09-18,3,0.0,EFT
O04974,C0900,P030,2026-02-02,2,0.0,Card
O04975,C0791,P027,2024-12-28,2,0.05,Card
O04976,C0187,P013,2025-07-13,1,0.0,Card
O04977,C0587,P032,2024-07-17,1,0.1,EFT
O04978,C0334,P052,2024-11-03,2,0.1,Cash on Delivery
O04979,C0009,P006,2024-01-02,2,0.05,EFT
O04980,C0191,P047,2024-03-09,3,0.05,EFT
O04981,C0105,P036,2026-07-19,4,0.0,PayFast
O04982,C0844,P078,2024-12-16,3,0.1,EFT
O04983,C0258,P025,2026-01-02,1,0.2,PayFast
O04984,C0283,P054,2026-04-29,1,0.0,PayFast
O04985,C0958,P028,2025-10-08,4,0.05,PayFast
O04986,C0385,P058,2024-08-27,1,0.1,Card
O04987,C0009,P029,2026-02-16,2,0.25,Cash on Delivery
O04988,C0283,P024,2025-11-16,1,0.1,EFT
O04989,C0111,P035,2026-02-18,1,0.1,PayFast
O04990,C0096,P030,2026-03-16,3,0.0,EFT
O04991,C0075,P032,2026-07-18,1,0.0,Card
O04992,C0582,P002,2025-10-27,1,0.05,EFT
O04993,C0184,P040,2025-04-03,1,0.0,Cash on Delivery
O04994,C0361,P071,2025-12-22,3,0.0,EFT
O04995,C0863,P004,2024-04-25,1,0.0,PayFast
O04996,C0428,P048,2026-06-03,1,0.1,Card
O04997,C0913,P045,2024-07-11,2,0.2,Card
O04998,C0494,P066,2025-03-20,1,0.0,Card
O04999,C0400,P036,2026-04-14,1,0.15,Card
O05000,C0749,P040,2025-11-14,2,0.0,EFT
O05001,C0071,P009,2025-05-25,3,0.05,Card
O05002,C0088,P018,2025-08-05,1,0.0,Card
O05003,C0628,P008,2026-05-08,2,0.15,Card
O05004,C0484,P010,2025-04-02,2,0.15,Card
O05005,C0791,P026,2026-05-17,1,0.0,Card
O05006,C0913,P074,2024-05-26,2,0.0,EFT
O05007,C0393,P023,2026-03-20,1,0.05,Card
O05008,C0583,P075,2026-05-04,2,0.25,EFT
O05009,C0496,P022,2024-10-03,2,0.0,EFT
O05010,C0984,P012,2025-06-28,2,0.0,Card
O05011,C0835,P070,2024-09-12,3,0.0,EFT
O05012,C0911,P030,2026-02-01,3,0.0,Card
O05013,C0254,P020,2025-09-26,1,0.05,EFT
O05014,C0775,P066,2025-12-12,2,0.0,Card
O05015,C0262,P039,2024-10-22,2,0.05,Card
O05016,C0203,P031,2024-11-10,1,0.05,Card
O05017,C0944,P068,2024-03-13,1,0.2,Card
O05018,C0020,P005,2025-03-14,2,0.1,Card
O05019,C0962,P037,2025-10-16,1,0.0,EFT
O05020,C0138,P050,2026-05-10,4,0.2,EFT
O05021,C0822,P044,2026-01-04,1,0.0,Card
O05022,C0276,P003,2025-07-02,2,0.0,PayFast
O05023,C0347,P072,2026-07-05,2,0.2,PayFast
O05024,C0216,P048,2026-02-10,2,0.15,PayFast
O05025,C0569,P002,2026-06-22,1,0.05,PayFast
O05026,C0346,P055,2025-09-20,1,0.0,EFT
O05027,C0636,P061,2025-01-04,1,0.0,EFT
O05028,C0016,P071,2024-03-31,2,0.0,Cash on Delivery
O05029,C0063,P076,2026-02-15,1,0.0,EFT
O05030,C0094,P059,2024-07-13,1,0.0,Card
O05031,C0419,P052,2025-02-22,2,0.05,Card
O05032,C0817,P058,2025-09-24,2,0.1,Card
O05033,C0893,P003,2025-10-19,1,0.0,Cash on Delivery
O05034,C0249,P003,2025-11-16,3,0.15,Card
O05035,C0562,P007,2024-09-13,1,0.0,Card
O05036,C0771,P011,2025-05-11,1,0.25,Card
O05037,C0287,P068,2025-11-29,1,0.2,Cash on Delivery
O05038,C0411,P058,2026-07-15,1,0.05,PayFast
O05039,C0514,P054,2026-02-16,1,0.0,EFT
O05040,C0128,P010,2026-06-18,2,0.05,PayFast
O05041,C0024,P013,2026-03-11,1,0.1,Card
O05042,C0143,P024,2025-11-10,1,0.1,PayFast
O05043,C0612,P048,2024-10-16,2,0.1,Card
O05044,C0071,P067,2026-01-04,1,0.15,PayFast
O05045,C0184,P036,2025-12-04,1,0.2,EFT
O05046,C0338,P053,2025-11-18,1,0.1,Cash on Delivery
O05047,C0075,P030,2025-08-19,2,0.0,Card
O05048,C0184,P034,2025-09-21,4,0.1,Card
O05049,C0910,P061,2025-03-27,3,0.05,Card
O05050,C0020,P043,2025-09-13,3,0.0,PayFast
O05051,C0630,P017,2024-10-23,1,0.25,EFT
O05052,C0389,P031,2026-04-08,2,0.15,PayFast
O05053,C0656,P055,2024-10-08,2,0.1,PayFast
O05054,C0575,P039,2024-05-21,2,0.1,EFT
O05055,C0224,P032,2025-07-03,2,0.0,Card
O05056,C0847,P053,2025-12-29,3,0.15,EFT
O05057,C0488,P026,2025-07-04,1,0.05,Card
O05058,C0823,P011,2025-01-24,1,0.0,Cash on Delivery
O05059,C0404,P057,2025-10-14,2,0.05,Card
O05060,C0988,P027,2025-04-09,1,0.0,PayFast
O05061,C0775,P048,2026-06-24,1,0.15,Cash on Delivery
O05062,C0963,P059,2026-06-18,1,0.05,EFT
O05063,C0504,P028,2025-08-30,1,0.05,Card
O05064,C0475,P025,2025-03-20,2,0.0,Card
O05065,C0755,P037,2026-02-22,1,0.05,Card
O05066,C0886,P077,2024-03-05,1,0.1,Card
O05067,C0960,P014,2025-08-06,2,0.1,Card
O05068,C0328,P029,2025-03-29,1,0.1,Card
O05069,C0804,P007,2026-06-17,1,0.0,Card
O05070,C0204,P058,2024-01-22,1,0.15,EFT
O05071,C0534,P055,2025-10-10,1,0.05,Card
O05072,C0168,P032,2026-02-24,4,0.05,Card
O05073,C0345,P006,2025-08-15,2,0.2,EFT
O05074,C0930,P078,2024-05-22,2,0.05,Cash on Delivery
O05075,C0137,P048,2026-07-16,2,0.1,EFT
O05076,C0613,P037,2025-09-12,3,0.1,Card
O05077,C0582,P046,2025-11-27,3,0.05,EFT
O05078,C0113,P033,2024-12-10,3,0.15,PayFast
O05079,C0329,P031,2025-08-14,2,0.05,EFT
O05080,C0551,P037,2025-06-27,1,0.15,Card
O05081,C0178,P062,2024-05-05,1,0.05,Card
O05082,C0804,P057,2024-06-22,1,0.0,Card
O05083,C0972,P061,2026-04-28,3,0.1,Card
O05084,C0212,P076,2024-12-13,1,0.0,Cash on Delivery
O05085,C0177,P074,2024-10-20,3,0.1,Cash on Delivery
O05086,C0459,P048,2025-09-01,1,0.1,Card
O05087,C0742,P038,2026-03-15,2,0.0,EFT
O05088,C0282,P043,2024-04-15,2,0.05,Card
O05089,C0020,P024,2025-10-29,4,0.15,Card
O05090,C0530,P053,2024-07-10,1,0.0,EFT
O05091,C0954,P002,2024-03-04,3,0.0,EFT
O05092,C0395,P074,2024-03-31,2,0.0,Cash on Delivery
O05093,C0421,P040,2026-04-26,2,0.1,Card
O05094,C0967,P054,2024-07-09,1,0.1,Cash on Delivery
O05095,C0686,P065,2024-03-19,2,0.1,PayFast
O05096,C0713,P011,2025-07-05,1,0.0,PayFast
O05097,C0551,P065,2026-05-02,1,0.25,Cash on Delivery
O05098,C0977,P036,2025-01-08,1,0.0,Cash on Delivery
O05099,C0678,P061,2025-06-20,1,0.2,EFT
O05100,C0900,P053,2024-03-10,2,0.1,Card
O05101,C0696,P060,2025-07-15,2,0.05,EFT
O05102,C0726,P050,2025-10-30,2,0.0,EFT
O05103,C0291,P048,2025-10-24,2,0.05,Card
O05104,C0301,P077,2025-03-25,2,0.0,EFT
O05105,C0784,P009,2025-03-07,1,0.0,Card
O05106,C0295,P030,2024-06-22,1,0.0,Cash on Delivery
O05107,C0551,P064,2025-04-29,1,0.0,Card
O05108,C0251,P036,2024-06-12,3,0.1,EFT
O05109,C0820,P055,2026-03-14,1,0.0,Card
O05110,C0102,P046,2026-07-13,1,0.15,EFT
O05111,C0833,P049,2026-07-15,1,0.05,EFT
O05112,C0590,P032,2026-05-15,1,0.05,Card
O05113,C0177,P059,2025-11-17,2,0.05,Card
O05114,C0531,P059,2026-01-28,1,0.0,Card
O05115,C0282,P025,2025-02-03,1,0.0,Card
O05116,C0328,P022,2025-12-09,4,0.0,EFT
O05117,C0349,P029,2025-07-20,3,0.25,EFT
O05118,C0062,P053,2025-08-13,1,0.2,PayFast
O05119,C0988,P062,2026-03-08,1,0.0,PayFast
O05120,C0030,P047,2025-01-30,1,0.1,Card
O05121,C0640,P046,2025-03-10,2,0.0,PayFast
O05122,C0374,P054,2026-06-19,3,0.05,Card
O05123,C0621,P027,2024-04-06,4,0.2,Cash on Delivery
O05124,C0353,P047,2025-08-16,2,0.1,EFT
O05125,C0658,P078,2026-06-12,1,0.15,PayFast
O05126,C0720,P008,2025-11-24,3,0.05,Cash on Delivery
O05127,C0679,P010,2025-10-05,4,0.25,EFT
O05128,C0105,P049,2024-12-25,1,0.15,PayFast
O05129,C0636,P015,2025-04-05,1,0.0,EFT
O05130,C0282,P028,2026-05-07,2,0.2,Card
O05131,C0027,P029,2025-10-15,1,0.1,EFT
O05132,C0414,P071,2025-09-09,3,0.1,Cash on Delivery
O05133,C0436,P026,2024-06-12,4,0.0,Card
O05134,C0465,P050,2024-01-29,1,0.0,EFT
O05135,C0699,P023,2026-07-11,1,0.0,EFT
O05136,C0311,P048,2025-05-08,2,0.1,Card
O05137,C0319,P007,2025-11-18,3,0.1,Card
O05138,C0058,P009,2024-05-13,2,0.0,PayFast
O05139,C0672,P038,2026-01-16,1,0.0,Cash on Delivery
O05140,C0556,P012,2026-06-24,1,0.0,PayFast
O05141,C0346,P046,2025-10-28,1,0.15,PayFast
O05142,C0700,P042,2024-07-20,1,0.0,PayFast
O05143,C0528,P038,2025-11-02,1,0.05,Card
O05144,C0465,P013,2026-03-13,3,0.1,PayFast
O05145,C0504,P053,2025-06-06,1,0.05,EFT
O05146,C0616,P041,2026-05-24,1,0.05,PayFast
O05147,C0637,P056,2025-12-22,1,0.15,Card
O05148,C0287,P039,2026-06-04,1,0.05,PayFast
O05149,C0133,P077,2025-12-04,2,0.0,PayFast
O05150,C0145,P077,2024-07-28,1,0.0,Card
O05151,C0617,P011,2025-03-01,4,0.2,PayFast
O05152,C0875,P003,2024-10-28,1,0.0,EFT
O05153,C0411,P049,2026-06-10,5,0.05,EFT
O05154,C0157,P003,2026-03-10,1,0.1,PayFast
O05155,C0756,P068,2026-01-11,2,0.0,Card
O05156,C0835,P016,2025-02-20,1,0.0,PayFast
O05157,C0886,P017,2024-10-06,1,0.0,PayFast
O05158,C0594,P046,2026-03-07,4,0.05,EFT
O05159,C0863,P049,2025-08-06,3,0.05,Card
O05160,C0016,P019,2024-11-27,1,0.0,Card
O05161,C0102,P074,2025-11-29,3,0.1,Cash on Delivery
O05162,C0091,P002,2024-03-11,1,0.0,EFT
O05163,C0707,P046,2025-03-18,2,0.1,EFT
O05164,C0065,P059,2025-08-01,1,0.0,Card
O05165,C0494,P006,2024-08-20,4,0.1,PayFast
O05166,C0472,P035,2026-07-23,2,0.1,Cash on Delivery
O05167,C0315,P033,2024-11-06,3,0.05,PayFast
O05168,C0872,P019,2024-07-26,2,0.0,Card
O05169,C0158,P006,2024-10-31,1,0.25,PayFast
O05170,C0350,P003,2026-03-15,2,0.0,EFT
O05171,C0777,P067,2025-06-23,1,0.15,Card
O05172,C0030,P071,2025-10-20,1,0.1,PayFast
O05173,C0657,P034,2024-02-07,1,0.1,PayFast
O05174,C0819,P062,2024-03-01,1,0.2,Card
O05175,C0930,P078,2025-07-12,4,0.0,EFT
O05176,C0881,P033,2026-04-15,3,0.1,PayFast
O05177,C0322,P075,2026-05-27,2,0.05,PayFast
O05178,C0570,P034,2024-05-24,1,0.0,Card
O05179,C0075,P046,2025-09-29,1,0.0,EFT
O05180,C0256,P063,2026-06-12,2,0.2,Card
O05181,C0091,P049,2025-05-19,1,0.1,PayFast
O05182,C0318,P031,2026-04-23,1,0.05,PayFast
O05183,C0879,P054,2024-07-31,2,0.15,Card
O05184,C0345,P076,2026-06-25,1,0.0,Card
O05185,C0549,P025,2026-03-04,2,0.0,Card
O05186,C0435,P076,2026-06-29,1,0.1,PayFast
O05187,C0461,P011,2026-01-11,3,0.1,Card
O05188,C0968,P003,2025-04-25,1,0.0,Cash on Delivery
O05189,C0295,P033,2026-06-27,3,0.05,Cash on Delivery
O05190,C0612,P042,2025-01-23,2,0.05,PayFast
O05191,C0421,P073,2025-03-25,1,0.0,Cash on Delivery
O05192,C0059,P016,2026-01-28,1,0.15,Cash on Delivery
O05193,C0485,P047,2026-03-13,1,0.05,EFT
O05194,C0816,P076,2026-06-22,1,0.0,Cash on Delivery
O05195,C0094,P061,2024-11-01,1,0.0,EFT
O05196,C0065,P029,2026-04-03,1,0.1,EFT
O05197,C0144,P072,2026-02-23,1,0.05,EFT
O05198,C0766,P068,2024-04-18,2,0.05,Cash on Delivery
O05199,C0716,P049,2025-05-18,2,0.0,PayFast
O05200,C0553,P048,2025-01-31,3,0.2,EFT
O05201,C0465,P024,2025-02-24,3,0.0,PayFast
O05202,C0893,P069,2026-07-22,4,0.1,Card
O05203,C0767,P028,2025-12-18,1,0.05,Card
O05204,C0815,P066,2026-02-09,2,0.05,Cash on Delivery
O05205,C0816,P055,2026-07-19,2,0.05,EFT
O05206,C0621,P003,2025-05-09,2,0.05,Card
O05207,C0461,P071,2026-04-05,1,0.25,Cash on Delivery
O05208,C0867,P074,2025-07-02,1,0.05,Card
O05209,C0926,P011,2026-05-17,1,0.1,Card
O05210,C0022,P062,2024-10-02,1,0.0,Cash on Delivery
O05211,C0049,P043,2026-07-02,2,0.0,EFT
O05212,C0957,P063,2024-11-18,1,0.1,PayFast
O05213,C0277,P012,2025-03-18,4,0.0,EFT
O05214,C0875,P068,2026-03-07,1,0.15,PayFast
O05215,C0393,P055,2025-05-25,1,0.1,PayFast
O05216,C0110,P016,2025-11-22,3,0.1,Card
O05217,C0078,P043,2025-07-11,1,0.1,Card
O05218,C0145,P041,2026-02-26,1,0.05,EFT
O05219,C0251,P040,2024-11-30,3,0.1,Card
O05220,C0484,P077,2024-04-10,1,0.2,Card
O05221,C0697,P007,2025-02-19,2,0.0,Cash on Delivery
O05222,C0988,P024,2025-08-06,1,0.0,Cash on Delivery
O05223,C0448,P005,2024-09-15,1,0.1,EFT
O05224,C0509,P020,2025-04-17,1,0.0,Card
O05225,C0512,P036,2025-05-31,3,0.1,Card
O05226,C0529,P077,2024-04-08,1,0.05,EFT
O05227,C0509,P073,2025-11-03,2,0.1,Card
O05228,C0009,P007,2026-05-26,4,0.15,PayFast
O05229,C0002,P005,2024-08-25,1,0.1,Card
O05230,C0094,P039,2025-11-14,2,0.0,PayFast
O05231,C0096,P029,2026-01-03,1,0.0,Cash on Delivery
O05232,C0699,P068,2025-06-18,1,0.25,EFT
O05233,C0197,P045,2026-01-28,1,0.0,PayFast
O05234,C0900,P045,2025-06-10,1,0.0,Card
O05235,C0930,P056,2025-09-01,2,0.0,Cash on Delivery
O05236,C0978,P052,2024-01-14,2,0.0,Card
O05237,C0939,P043,2026-01-22,2,0.05,EFT
O05238,C0270,P039,2025-12-31,2,0.0,EFT
O05239,C0500,P020,2024-03-08,2,0.15,Card
O05240,C0161,P057,2025-04-30,2,0.2,Card
O05241,C0806,P065,2026-07-20,1,0.0,PayFast
O05242,C0893,P046,2025-06-19,4,0.1,PayFast
O05243,C0851,P028,2025-08-29,2,0.15,EFT
O05244,C0435,P059,2026-06-10,1,0.0,Card
O05245,C0760,P021,2026-02-09,1,0.05,Card
O05246,C0094,P078,2025-11-02,1,0.05,EFT
O05247,C0040,P037,2026-04-03,2,0.0,EFT
O05248,C0755,P003,2026-05-14,3,0.15,Card
O05249,C0428,P073,2025-07-22,2,0.2,EFT
O05250,C0998,P009,2025-08-07,2,0.05,Card
O05251,C0094,P074,2025-05-17,2,0.0,Card
O05252,C0858,P040,2026-07-13,2,0.0,Card
O05253,C0480,P013,2026-01-26,1,0.0,EFT
O05254,C0829,P067,2024-05-18,3,0.1,EFT
O05255,C0821,P044,2026-05-13,2,0.05,Card
O05256,C0913,P056,2025-08-11,1,0.1,EFT
O05257,C0296,P005,2024-04-26,2,0.05,Card
O05258,C0947,P034,2025-10-08,2,0.1,EFT
O05259,C0142,P040,2025-06-16,1,0.1,EFT
O05260,C0080,P064,2026-05-22,1,0.15,PayFast
O05261,C0435,P023,2024-10-31,4,0.1,PayFast
O05262,C0832,P035,2026-04-21,3,0.15,Card
O05263,C0473,P052,2025-10-14,4,0.1,Card
O05264,C0833,P015,2024-04-03,1,0.05,EFT
O05265,C0721,P016,2026-07-16,5,0.1,Card
O05266,C0203,P043,2025-09-07,2,0.05,PayFast
O05267,C0947,P037,2025-02-09,2,0.0,EFT
O05268,C0059,P034,2025-08-02,2,0.05,Card
O05269,C0902,P047,2026-05-10,2,0.05,Card
O05270,C0301,P014,2025-02-24,1,0.0,PayFast
O05271,C0496,P063,2024-10-17,1,0.05,Card
O05272,C0428,P048,2024-07-24,2,0.1,Card
O05273,C0160,P031,2025-02-16,3,0.05,PayFast
O05274,C0356,P045,2026-03-22,2,0.15,EFT
O05275,C0184,P075,2025-08-04,3,0.15,EFT
O05276,C0196,P077,2024-11-29,1,0.05,PayFast
O05277,C0177,P013,2024-09-13,2,0.05,Card
O05278,C0485,P068,2025-03-25,3,0.0,EFT
O05279,C0803,P025,2026-06-28,1,0.0,Cash on Delivery
O05280,C0558,P039,2025-04-05,1,0.0,EFT
O05281,C0900,P033,2026-07-25,1,0.05,PayFast
O05282,C0616,P013,2025-08-15,1,0.25,EFT
O05283,C0678,P063,2024-09-30,2,0.15,EFT
O05284,C0647,P038,2026-05-30,1,0.0,Card
O05285,C0455,P044,2025-07-25,5,0.05,Card
O05286,C0678,P037,2026-02-03,1,0.1,Card
O05287,C0065,P060,2026-07-23,1,0.1,Card
O05288,C0862,P003,2024-03-27,1,0.0,EFT
O05289,C0779,P006,2024-06-08,3,0.05,Card
O05290,C0249,P050,2026-02-11,2,0.1,Card
O05291,C0769,P005,2025-01-30,2,0.05,EFT
O05292,C0013,P068,2024-10-06,1,0.1,Card
O05293,C0217,P020,2024-03-09,1,0.1,EFT
O05294,C0063,P031,2024-02-08,2,0.1,PayFast
O05295,C0782,P055,2026-03-19,1,0.1,Card
O05296,C0756,P026,2024-08-01,3,0.05,Card
O05297,C0816,P046,2025-07-31,2,0.05,Card
O05298,C0004,P008,2025-11-20,2,0.0,EFT
O05299,C0496,P035,2025-06-26,3,0.25,Card
O05300,C0699,P045,2024-02-17,3,0.1,EFT
O05301,C0145,P010,2026-03-25,1,0.0,EFT
O05302,C0626,P040,2024-01-19,1,0.1,PayFast
O05303,C0085,P030,2026-03-11,1,0.15,PayFast
O05304,C0171,P041,2026-06-01,2,0.1,EFT
O05305,C0475,P057,2025-06-30,3,0.15,PayFast
O05306,C0630,P035,2025-09-26,2,0.0,Cash on Delivery
O05307,C0137,P002,2025-08-08,2,0.2,EFT
O05308,C0174,P030,2025-05-20,3,0.1,Card
O05309,C0197,P047,2026-05-28,2,0.0,PayFast
O05310,C0242,P066,2026-06-01,1,0.15,Card
O05311,C0227,P054,2025-03-28,1,0.1,PayFast
O05312,C0398,P034,2025-11-27,2,0.1,Card
O05313,C0630,P065,2026-06-20,3,0.05,Card
O05314,C0444,P075,2026-07-10,1,0.15,EFT
O05315,C0777,P026,2025-09-04,3,0.0,Card
O05316,C0713,P022,2025-07-18,1,0.0,Card
O05317,C0117,P014,2025-01-27,2,0.1,EFT
O05318,C0046,P019,2026-07-09,3,0.15,PayFast
O05319,C0885,P051,2024-08-13,5,0.1,EFT
O05320,C0077,P034,2025-10-31,2,0.0,PayFast
O05321,C0138,P028,2025-01-31,1,0.1,Card
O05322,C0022,P037,2025-01-27,4,0.0,Card
O05323,C0613,P069,2025-06-04,2,0.1,EFT
O05324,C0567,P011,2026-07-31,1,0.2,Card
O05325,C0988,P003,2024-04-04,2,0.0,Card
O05326,C0893,P070,2025-10-30,1,0.05,Card
O05327,C0412,P055,2024-05-17,2,0.1,EFT
O05328,C0375,P036,2024-08-28,3,0.2,Card
O05329,C0296,P018,2025-07-06,1,0.2,Card
O05330,C0143,P067,2025-09-06,1,0.0,Card
O05331,C0131,P008,2025-01-04,3,0.0,Card
O05332,C0128,P070,2025-03-08,1,0.05,Card
O05333,C0105,P066,2024-05-24,2,0.1,PayFast
O05334,C0245,P060,2025-02-22,4,0.0,EFT
O05335,C0307,P054,2026-07-13,2,0.05,Card
O05336,C0959,P070,2026-07-01,1,0.05,Card
O05337,C0564,P078,2025-03-27,1,0.05,EFT
O05338,C0989,P009,2025-10-24,2,0.0,Card
O05339,C0376,P019,2026-06-10,1,0.05,PayFast
O05340,C0461,P051,2024-01-12,2,0.1,Card
O05341,C0328,P050,2026-04-11,3,0.0,Card
O05342,C0172,P021,2026-07-03,1,0.0,Card
O05343,C0133,P052,2024-05-31,1,0.05,Card
O05344,C0944,P076,2024-09-07,2,0.05,Card
O05345,C0988,P030,2026-07-10,2,0.0,Cash on Delivery
O05346,C0041,P033,2025-09-28,3,0.05,PayFast
O05347,C0139,P063,2024-01-26,2,0.0,Card
O05348,C0428,P015,2025-01-03,2,0.05,EFT
O05349,C0175,P016,2025-07-15,2,0.1,Card
O05350,C0366,P074,2026-01-23,1,0.05,EFT
O05351,C0121,P075,2026-02-19,1,0.2,EFT
O05352,C0461,P023,2026-07-29,1,0.0,Card
O05353,C0270,P077,2025-02-05,1,0.2,Cash on Delivery
O05354,C0349,P044,2025-09-28,4,0.05,Card
O05355,C0091,P023,2025-09-24,1,0.05,PayFast
O05356,C0434,P004,2025-06-05,2,0.05,Card
O05357,C0986,P036,2024-09-17,2,0.0,PayFast
O05358,C0331,P078,2026-07-19,1,0.1,Card
O05359,C0881,P030,2026-05-08,3,0.15,Card
O05360,C0844,P011,2025-08-26,1,0.05,Card
O05361,C0948,P042,2025-11-18,3,0.05,Card
O05362,C0791,P033,2024-11-28,1,0.0,EFT
O05363,C0637,P045,2025-10-03,1,0.15,Cash on Delivery
O05364,C0859,P039,2026-01-24,1,0.15,Card
O05365,C0073,P070,2025-09-10,1,0.0,Card
O05366,C0464,P066,2026-07-26,4,0.05,EFT
O05367,C0990,P075,2025-11-25,1,0.0,PayFast
O05368,C0773,P078,2025-05-03,2,0.05,EFT
O05369,C0959,P063,2026-03-17,2,0.0,Card
O05370,C0780,P065,2024-09-19,2,0.0,EFT
O05371,C0878,P010,2025-05-16,1,0.2,EFT
O05372,C0701,P001,2025-04-09,1,0.25,Card
O05373,C0762,P030,2025-06-29,3,0.1,EFT
O05374,C0513,P027,2026-03-24,1,0.05,Card
O05375,C0924,P072,2025-08-14,2,0.15,EFT
O05376,C0826,P056,2026-03-31,3,0.0,Card
O05377,C0846,P040,2025-10-29,1,0.2,PayFast
O05378,C0657,P076,2025-04-04,3,0.05,EFT
O05379,C0302,P030,2026-04-11,3,0.1,EFT
O05380,C0037,P031,2024-12-11,1,0.0,Card
O05381,C0936,P054,2024-11-25,2,0.1,EFT
O05382,C0569,P064,2025-09-01,3,0.0,PayFast
O05383,C0296,P015,2025-01-07,3,0.0,Card
O05384,C0138,P069,2024-01-17,3,0.05,Cash on Delivery
O05385,C0833,P057,2025-12-22,2,0.0,Card
O05386,C0839,P012,2025-09-06,5,0.05,PayFast
O05387,C0817,P038,2025-07-11,1,0.0,EFT
O05388,C0621,P075,2026-07-13,3,0.05,EFT
O05389,C0368,P039,2025-10-25,3,0.05,Card
O05390,C0301,P014,2026-05-14,1,0.2,EFT
O05391,C0008,P051,2024-08-08,1,0.05,Card
O05392,C0835,P045,2025-10-23,1,0.05,EFT
O05393,C0087,P059,2026-05-16,1,0.05,EFT
O05394,C0613,P038,2025-11-03,2,0.0,PayFast
O05395,C0497,P004,2026-02-09,3,0.05,EFT
O05396,C0517,P034,2025-05-04,4,0.05,PayFast
O05397,C0926,P054,2024-06-01,1,0.05,Cash on Delivery
O05398,C0030,P077,2025-07-22,1,0.15,EFT
O05399,C0775,P053,2025-05-25,1,0.05,PayFast
O05400,C0049,P071,2026-05-16,2,0.1,PayFast
O05401,C0039,P057,2024-12-18,3,0.05,Card
O05402,C0434,P006,2026-07-13,3,0.0,EFT
O05403,C0061,P053,2026-07-08,1,0.0,EFT
O05404,C0791,P024,2024-12-22,3,0.15,PayFast
O05405,C0518,P009,2025-04-10,2,0.0,PayFast
O05406,C0028,P031,2026-06-02,5,0.0,EFT
O05407,C0040,P054,2026-07-13,1,0.1,Card
O05408,C0599,P070,2025-07-10,4,0.1,Card
O05409,C0806,P026,2025-03-13,1,0.0,PayFast
O05410,C0444,P031,2025-09-19,1,0.0,EFT
O05411,C0542,P030,2026-01-19,1,0.05,Cash on Delivery
O05412,C0804,P004,2025-01-21,3,0.2,Card
O05413,C0596,P034,2026-02-22,2,0.1,Card
O05414,C0224,P045,2024-03-30,2,0.0,Card
O05415,C0599,P051,2024-03-26,1,0.0,Card
O05416,C0613,P018,2025-05-17,2,0.0,Cash on Delivery
O05417,C0725,P007,2025-04-15,1,0.05,PayFast
O05418,C0607,P033,2025-03-07,2,0.15,Card
O05419,C0968,P069,2025-08-20,2,0.2,Card
O05420,C0188,P015,2025-03-13,4,0.1,Cash on Delivery
O05421,C0948,P067,2024-10-16,3,0.0,Card
O05422,C0528,P040,2025-03-01,4,0.05,Card
O05423,C0655,P032,2026-07-18,5,0.05,PayFast
O05424,C0094,P017,2025-06-10,1,0.15,EFT
O05425,C0387,P055,2025-07-11,2,0.1,Card
O05426,C0773,P051,2025-10-29,1,0.0,Card
O05427,C0701,P076,2026-07-22,4,0.0,Card
O05428,C0040,P010,2024-12-15,4,0.0,PayFast
O05429,C0535,P042,2026-01-15,2,0.25,PayFast
O05430,C0087,P076,2026-02-08,3,0.1,EFT
O05431,C0998,P061,2025-11-22,2,0.1,Card
O05432,C0902,P067,2024-05-26,2,0.15,EFT
O05433,C0020,P033,2026-01-11,3,0.15,EFT
O05434,C0862,P053,2024-04-19,1,0.15,EFT
O05435,C0918,P074,2025-11-13,1,0.0,Card
O05436,C0351,P031,2026-02-24,1,0.0,EFT
O05437,C0714,P001,2024-11-09,2,0.0,Card
O05438,C0448,P006,2026-04-30,1,0.05,Card
O05439,C0631,P011,2024-02-23,1,0.0,EFT
O05440,C0340,P001,2026-05-02,1,0.15,Card
O05441,C0328,P047,2025-07-25,4,0.0,Card
O05442,C0428,P064,2024-11-17,2,0.1,EFT
O05443,C0136,P008,2024-07-31,3,0.0,Card
O05444,C0835,P060,2026-07-05,1,0.1,Cash on Delivery
O05445,C0346,P046,2024-05-02,1,0.1,EFT
O05446,C0400,P033,2024-10-25,1,0.15,Card
O05447,C0900,P051,2025-04-10,1,0.05,Cash on Delivery
O05448,C0494,P038,2025-12-01,2,0.2,PayFast
O05449,C0533,P026,2025-10-04,1,0.25,EFT
O05450,C0954,P064,2024-07-20,1,0.0,EFT
O05451,C0893,P051,2025-02-08,2,0.1,Card
O05452,C0157,P012,2024-12-12,3,0.0,PayFast
O05453,C0473,P020,2024-11-12,1,0.05,Card
O05454,C0969,P069,2025-06-10,1,0.1,EFT
O05455,C0376,P059,2026-01-30,1,0.05,Cash on Delivery
O05456,C0375,P073,2024-11-17,1,0.1,PayFast
O05457,C0185,P062,2025-04-28,2,0.0,Card
O05458,C0106,P010,2025-05-22,2,0.0,PayFast
O05459,C0736,P020,2026-07-18,2,0.1,Card
O05460,C0774,P030,2026-07-06,2,0.25,Card
O05461,C0967,P001,2026-04-04,3,0.05,PayFast
O05462,C0775,P062,2024-12-15,2,0.05,EFT
O05463,C0249,P014,2024-04-25,1,0.25,EFT
O05464,C0040,P048,2025-03-09,4,0.15,Card
O05465,C0988,P028,2025-01-13,3,0.1,Card
O05466,C0340,P077,2025-09-02,1,0.0,Cash on Delivery
O05467,C0317,P043,2026-03-21,3,0.05,EFT
O05468,C0908,P015,2026-05-11,5,0.25,PayFast
O05469,C0568,P039,2026-05-02,2,0.05,Card
O05470,C0214,P053,2025-04-21,1,0.0,EFT
O05471,C0893,P067,2026-01-19,4,0.0,Card
O05472,C0998,P039,2025-03-04,2,0.2,PayFast
O05473,C0087,P061,2024-04-13,2,0.0,PayFast
O05474,C0863,P056,2026-01-29,2,0.05,Card
O05475,C0394,P034,2024-01-18,1,0.1,Card
O05476,C0514,P044,2025-06-08,3,0.1,EFT
O05477,C0913,P064,2025-03-22,1,0.25,Card
O05478,C0975,P061,2026-01-23,1,0.2,Cash on Delivery
O05479,C0258,P040,2026-03-13,1,0.05,EFT
O05480,C0209,P006,2025-02-23,3,0.1,EFT
O05481,C0078,P029,2026-04-12,1,0.05,Card
O05482,C0549,P038,2025-02-12,1,0.05,PayFast
O05483,C0014,P007,2025-07-12,2,0.1,EFT
O05484,C0412,P002,2026-02-15,2,0.05,Card
O05485,C0071,P030,2026-01-23,2,0.0,PayFast
O05486,C0403,P052,2026-07-25,1,0.1,EFT
O05487,C0040,P018,2024-11-26,1,0.0,Card
O05488,C0838,P005,2026-01-01,1,0.1,Card
O05489,C0203,P077,2025-11-23,3,0.1,Card
O05490,C0331,P008,2026-06-13,4,0.1,Card
O05491,C0871,P031,2024-08-31,1,0.1,Cash on Delivery
O05492,C0741,P024,2026-03-04,3,0.05,PayFast
O05493,C0220,P034,2025-10-22,2,0.15,Card
O05494,C0069,P002,2025-01-22,3,0.1,EFT
O05495,C0710,P017,2025-08-06,4,0.1,Card
O05496,C0394,P043,2025-03-26,2,0.25,Card
O05497,C0767,P040,2025-10-31,1,0.05,EFT
O05498,C0451,P042,2026-05-29,2,0.1,PayFast
O05499,C0345,P062,2025-10-23,3,0.1,Card
O05500,C0457,P046,2025-12-10,1,0.05,Cash on Delivery
O05501,C0745,P022,2025-09-12,1,0.2,Cash on Delivery
O05502,C0905,P060,2024-03-29,2,0.0,Card
O05503,C0047,P006,2024-12-05,2,0.0,EFT
O05504,C0514,P074,2025-08-21,1,0.25,Card
O05505,C0032,P039,2025-03-02,3,0.05,PayFast
O05506,C0465,P040,2024-10-03,1,0.05,EFT
O05507,C0892,P042,2025-08-31,1,0.1,Card
O05508,C0361,P037,2025-03-15,1,0.0,Card
O05509,C0931,P064,2025-01-03,2,0.1,Cash on Delivery
O05510,C0613,P056,2025-07-28,1,0.05,PayFast
O05511,C0934,P074,2024-07-30,1,0.0,PayFast
O05512,C0756,P074,2026-06-21,1,0.0,Card
O05513,C0096,P028,2026-05-16,2,0.1,PayFast
O05514,C0233,P045,2026-02-02,1,0.05,EFT
O05515,C0396,P043,2024-06-22,2,0.0,Cash on Delivery
O05516,C0158,P066,2026-03-20,1,0.0,Card
O05517,C0492,P062,2026-04-09,1,0.0,EFT
O05518,C0468,P027,2026-03-14,1,0.25,Card
O05519,C0952,P013,2024-07-03,3,0.0,Cash on Delivery
O05520,C0437,P033,2025-12-19,1,0.05,Card
O05521,C0787,P059,2026-04-26,1,0.0,Card
O05522,C0943,P042,2025-10-30,4,0.05,Card
O05523,C0882,P017,2025-12-21,1,0.15,EFT
O05524,C0203,P012,2025-07-23,1,0.05,EFT
O05525,C0494,P064,2025-09-21,1,0.05,PayFast
O05526,C0345,P007,2024-03-01,1,0.0,EFT
O05527,C0400,P039,2025-12-15,4,0.05,Card
O05528,C0361,P076,2024-05-16,2,0.05,Card
O05529,C0827,P012,2025-07-02,1,0.0,PayFast
O05530,C0458,P005,2025-02-11,4,0.1,Card
O05531,C0514,P012,2025-10-04,3,0.15,Cash on Delivery
O05532,C0986,P045,2024-07-31,4,0.0,Cash on Delivery
O05533,C0057,P040,2026-01-22,2,0.0,Cash on Delivery
O05534,C0484,P009,2026-04-01,2,0.15,Card
O05535,C0777,P064,2024-09-09,3,0.0,EFT
O05536,C0142,P016,2024-06-19,3,0.05,Cash on Delivery
O05537,C0597,P023,2024-08-16,4,0.1,Card
O05538,C0242,P036,2026-05-22,1,0.0,Cash on Delivery
O05539,C0870,P016,2025-09-20,2,0.0,PayFast
O05540,C0330,P069,2025-07-31,2,0.15,Cash on Delivery
O05541,C0331,P031,2024-06-22,1,0.0,Cash on Delivery
O05542,C0587,P059,2025-12-23,1,0.0,Card
O05543,C0172,P020,2026-05-16,1,0.1,EFT
O05544,C0283,P065,2026-04-22,3,0.1,Card
O05545,C0417,P058,2025-12-06,2,0.0,Card
O05546,C0351,P028,2024-05-06,2,0.05,PayFast
O05547,C0516,P065,2024-07-01,1,0.1,Card
O05548,C0587,P006,2024-03-26,1,0.0,Cash on Delivery
O05549,C0555,P013,2025-01-03,3,0.1,EFT
O05550,C0630,P063,2024-08-03,3,0.05,EFT
O05551,C0309,P069,2025-01-06,2,0.0,Cash on Delivery
O05552,C0117,P051,2025-05-16,2,0.05,Card
O05553,C0763,P067,2026-06-30,1,0.25,EFT
O05554,C0851,P069,2025-11-24,2,0.0,PayFast
O05555,C0256,P046,2026-04-26,4,0.2,Card
O05556,C0405,P045,2026-02-04,2,0.1,Card
O05557,C0494,P052,2024-07-01,3,0.05,Card
O05558,C0520,P062,2026-02-21,1,0.0,EFT
O05559,C0637,P020,2025-01-23,2,0.0,Card
O05560,C0040,P071,2025-12-15,1,0.1,PayFast
O05561,C0715,P058,2025-04-03,1,0.0,Card
O05562,C0060,P054,2026-07-30,1,0.05,Card
O05563,C0465,P004,2025-01-10,4,0.0,Cash on Delivery
O05564,C0831,P078,2025-01-27,1,0.15,Cash on Delivery
O05565,C0457,P075,2026-06-22,2,0.05,Card
O05566,C0138,P033,2024-02-13,1,0.0,EFT
O05567,C0988,P053,2026-01-25,2,0.0,Card
O05568,C0893,P034,2026-02-14,2,0.2,Card
O05569,C0775,P066,2026-04-27,2,0.05,Card
O05570,C0412,P072,2026-07-17,1,0.05,Card
O05571,C0172,P055,2026-07-18,1,0.05,Card
O05572,C0943,P078,2024-04-20,3,0.15,Card
O05573,C0520,P039,2026-04-18,1,0.1,EFT
O05574,C0851,P057,2025-12-20,1,0.2,Card
O05575,C0341,P005,2025-12-21,1,0.05,PayFast
O05576,C0337,P055,2024-07-23,1,0.1,Card
O05577,C0988,P061,2025-12-23,2,0.05,Card
O05578,C0512,P026,2026-07-22,1,0.05,EFT
O05579,C0133,P014,2026-06-12,2,0.0,Card
O05580,C0220,P048,2025-07-06,1,0.05,Card
O05581,C0480,P014,2024-03-10,1,0.1,Card
O05582,C0041,P048,2025-04-24,4,0.0,Card
O05583,C0463,P008,2026-04-21,5,0.0,PayFast
O05584,C0419,P065,2026-01-29,5,0.1,EFT
O05585,C0779,P076,2025-07-24,4,0.15,EFT
O05586,C0351,P064,2024-04-04,1,0.05,EFT
O05587,C0986,P062,2025-06-25,1,0.05,Card
O05588,C0171,P002,2025-08-01,1,0.1,Card
O05589,C0577,P068,2026-06-21,1,0.1,Card
O05590,C0088,P075,2025-12-17,1,0.0,Card
O05591,C0725,P040,2025-03-03,2,0.0,Card
O05592,C0998,P036,2025-09-18,1,0.25,EFT
O05593,C0822,P053,2024-04-22,1,0.0,Cash on Delivery
O05594,C0543,P020,2026-07-16,2,0.05,Card
O05595,C0483,P013,2025-04-22,2,0.1,Card
O05596,C0838,P044,2025-08-09,1,0.1,EFT
O05597,C0936,P008,2025-04-17,1,0.0,Card
O05598,C0990,P029,2026-01-15,3,0.0,Card
O05599,C0399,P060,2026-01-01,2,0.15,PayFast
O05600,C0993,P024,2026-02-07,1,0.1,EFT
O05601,C0145,P006,2025-01-15,3,0.0,EFT
O05602,C0252,P022,2025-03-07,3,0.05,PayFast
O05603,C0088,P044,2024-07-19,1,0.05,Card
O05604,C0270,P070,2025-12-27,3,0.15,Card
O05605,C0769,P017,2024-03-10,2,0.05,Cash on Delivery
O05606,C0852,P063,2025-11-14,2,0.0,EFT
O05607,C0779,P025,2026-05-18,1,0.0,EFT
O05608,C0613,P042,2026-05-30,3,0.15,PayFast
O05609,C0504,P037,2025-07-15,1,0.0,Card
O05610,C0701,P034,2025-07-24,2,0.0,EFT
O05611,C0394,P051,2024-05-09,1,0.0,PayFast
O05612,C0843,P031,2026-01-07,2,0.0,Card
O05613,C0662,P010,2026-04-18,3,0.15,PayFast
O05614,C0692,P005,2024-12-19,2,0.05,Card
O05615,C0525,P076,2025-06-19,3,0.2,Cash on Delivery
O05616,C0892,P078,2026-04-29,3,0.1,Card
O05617,C0252,P050,2026-05-22,1,0.0,PayFast
O05618,C0387,P012,2024-12-17,3,0.05,Cash on Delivery
O05619,C0778,P014,2025-10-08,3,0.15,EFT
O05620,C0489,P041,2024-10-17,3,0.05,EFT
O05621,C0893,P077,2024-06-15,1,0.0,EFT
O05622,C0345,P072,2026-06-11,2,0.1,Card
O05623,C0372,P006,2026-04-17,1,0.0,Card
O05624,C0893,P009,2026-03-09,2,0.0,PayFast
O05625,C0465,P072,2024-03-25,2,0.0,PayFast
O05626,C0506,P044,2026-05-02,4,0.1,Card
O05627,C0335,P041,2025-07-05,2,0.05,EFT
O05628,C0277,P001,2025-04-04,1,0.05,EFT
O05629,C0634,P054,2025-10-05,1,0.1,Cash on Delivery
O05630,C0111,P050,2024-05-31,2,0.0,PayFast
O05631,C0885,P059,2026-03-07,2,0.0,Card
O05632,C0779,P034,2025-11-02,3,0.05,PayFast
O05633,C0184,P035,2024-10-09,1,0.0,Cash on Delivery
O05634,C0685,P059,2024-10-11,1,0.25,EFT
O05635,C0590,P007,2024-10-06,2,0.0,Card
O05636,C0173,P058,2024-04-07,1,0.1,EFT
O05637,C0271,P068,2025-11-07,1,0.1,Card
O05638,C0410,P078,2026-04-30,1,0.0,Cash on Delivery
O05639,C0696,P037,2024-02-01,1,0.15,Card
O05640,C0617,P039,2024-03-25,1,0.15,Card
O05641,C0520,P022,2025-10-26,1,0.15,Card
O05642,C0771,P009,2026-04-17,2,0.05,Card
O05643,C0757,P051,2025-03-19,1,0.1,Card
O05644,C0603,P004,2025-04-11,5,0.1,EFT
O05645,C0788,P038,2025-11-13,1,0.0,Card
O05646,C0336,P051,2025-01-22,1,0.2,Card
O05647,C0887,P036,2024-02-17,1,0.2,Card
O05648,C0601,P077,2026-02-21,1,0.05,Cash on Delivery
O05649,C0822,P075,2025-12-05,3,0.05,EFT
O05650,C0534,P067,2025-11-01,1,0.0,EFT
O05651,C0219,P052,2026-02-25,3,0.0,Card
O05652,C0531,P059,2026-01-10,3,0.0,Card
O05653,C0374,P063,2024-11-02,4,0.1,Card
O05654,C0692,P062,2025-04-14,1,0.2,EFT
O05655,C0475,P026,2024-07-20,3,0.2,Card
O05656,C0839,P014,2024-07-26,1,0.15,Card
O05657,C0664,P074,2026-01-11,2,0.05,Card
O05658,C0671,P005,2026-05-11,1,0.0,PayFast
O05659,C0217,P035,2026-07-11,1,0.0,PayFast
O05660,C0988,P046,2025-12-07,1,0.05,Card
O05661,C0844,P030,2024-10-06,1,0.1,EFT
O05662,C0791,P073,2024-06-21,2,0.25,PayFast
O05663,C0333,P048,2026-04-12,4,0.0,PayFast
O05664,C0524,P062,2025-10-31,3,0.0,Card
O05665,C0129,P030,2025-11-30,1,0.2,PayFast
O05666,C0528,P008,2026-03-23,1,0.1,EFT
O05667,C0137,P024,2026-01-30,1,0.05,Card
O05668,C0541,P050,2026-04-26,2,0.2,EFT
O05669,C0624,P059,2024-04-06,1,0.25,Card
O05670,C0394,P073,2026-03-01,3,0.1,EFT
O05671,C0494,P020,2026-05-06,1,0.05,Cash on Delivery
O05672,C0880,P026,2025-02-04,3,0.15,PayFast
O05673,C0102,P068,2025-12-16,1,0.0,EFT
O05674,C0794,P020,2025-03-06,3,0.1,Card
O05675,C0159,P059,2026-07-08,2,0.0,Card
O05676,C0038,P031,2024-02-28,1,0.0,Card
O05677,C0175,P062,2025-10-31,4,0.05,PayFast
O05678,C0766,P056,2024-09-13,1,0.05,EFT
O05679,C0403,P062,2026-02-05,3,0.15,EFT
O05680,C0875,P017,2024-09-26,1,0.1,Card
O05681,C0515,P044,2024-12-08,1,0.1,EFT
O05682,C0022,P025,2025-08-23,4,0.05,Card
O05683,C0711,P039,2026-06-13,1,0.15,EFT
O05684,C0102,P077,2024-11-10,1,0.0,Card
O05685,C0791,P042,2024-08-14,1,0.0,PayFast
O05686,C0155,P077,2026-03-09,2,0.0,Card
O05687,C0345,P013,2025-08-28,2,0.25,Card
O05688,C0763,P075,2026-06-12,4,0.05,Card
O05689,C0950,P008,2024-08-18,1,0.1,Card
O05690,C0375,P007,2025-12-20,1,0.1,Cash on Delivery
O05691,C0833,P015,2024-12-05,2,0.1,Card
O05692,C0184,P042,2024-08-31,1,0.05,PayFast
O05693,C0808,P059,2026-01-16,1,0.0,Card
O05694,C0636,P066,2025-11-11,1,0.2,PayFast
O05695,C0184,P001,2026-03-06,1,0.1,EFT
O05696,C0300,P025,2025-03-01,2,0.0,PayFast
O05697,C0125,P074,2025-07-14,2,0.1,EFT
O05698,C0387,P072,2025-06-05,3,0.05,Card
O05699,C0196,P028,2026-07-23,1,0.0,Card
O05700,C0621,P016,2025-02-10,2,0.15,PayFast
O05701,C0998,P032,2025-02-13,2,0.05,PayFast
O05702,C0012,P047,2025-04-16,4,0.1,Card
O05703,C0530,P018,2025-10-20,1,0.0,PayFast
O05704,C0562,P071,2024-12-28,1,0.0,Card
O05705,C0912,P011,2026-06-14,2,0.25,PayFast
O05706,C0497,P016,2025-01-12,2,0.0,EFT
O05707,C0531,P029,2026-06-02,3,0.0,Card
O05708,C0468,P015,2024-06-18,2,0.05,Card
O05709,C0265,P065,2025-12-28,1,0.2,EFT
O05710,C0053,P009,2026-06-09,1,0.05,Card
O05711,C0410,P032,2024-09-16,1,0.1,EFT
O05712,C0051,P074,2026-07-14,2,0.1,PayFast
O05713,C0539,P018,2025-07-18,3,0.05,PayFast
O05714,C0308,P052,2026-07-01,3,0.2,Card
O05715,C0520,P078,2026-01-11,1,0.05,EFT
O05716,C0128,P073,2025-02-21,1,0.15,PayFast
O05717,C0931,P041,2024-10-11,1,0.1,Cash on Delivery
O05718,C0900,P034,2025-02-23,1,0.05,Cash on Delivery
O05719,C0184,P032,2024-06-02,3,0.1,Card
O05720,C0342,P070,2024-08-14,1,0.0,PayFast
O05721,C0600,P015,2024-06-19,1,0.1,Card
O05722,C0093,P006,2025-06-21,1,0.0,Cash on Delivery
O05723,C0351,P004,2026-04-01,1,0.05,Card
O05724,C0252,P043,2024-08-11,1,0.0,EFT
O05725,C0913,P008,2024-07-26,3,0.2,EFT
O05726,C0851,P022,2025-12-18,3,0.05,PayFast
O05727,C0566,P007,2024-10-23,1,0.05,Card
O05728,C0510,P020,2024-06-09,1,0.1,PayFast
O05729,C0930,P031,2024-09-14,2,0.0,Card
O05730,C0931,P051,2026-06-18,1,0.0,Card
O05731,C0968,P042,2026-04-18,2,0.0,Cash on Delivery
O05732,C0115,P023,2025-04-16,2,0.0,EFT
O05733,C0149,P073,2025-12-27,4,0.05,Card
O05734,C0661,P059,2025-09-28,5,0.1,Card
O05735,C0531,P046,2026-01-12,5,0.15,Card
O05736,C0019,P045,2026-01-16,1,0.25,PayFast
O05737,C0060,P033,2025-12-08,2,0.0,Card
O05738,C0893,P009,2025-01-12,2,0.0,Card
O05739,C0871,P059,2024-03-09,1,0.1,Card
O05740,C0354,P046,2025-07-20,1,0.1,PayFast
O05741,C0894,P014,2026-05-30,1,0.05,EFT
O05742,C0582,P021,2025-10-23,1,0.0,Card
O05743,C0806,P006,2026-04-25,1,0.2,Card
O05744,C0432,P066,2026-07-27,2,0.05,Card
O05745,C0105,P033,2024-09-10,5,0.05,EFT
O05746,C0437,P029,2026-01-22,4,0.15,Card
O05747,C0461,P015,2026-01-10,1,0.05,Cash on Delivery
O05748,C0540,P068,2026-07-20,1,0.0,Card
O05749,C0101,P055,2026-07-24,5,0.1,Card
O05750,C0994,P045,2026-01-18,1,0.0,Card
O05751,C0249,P009,2024-12-18,2,0.15,EFT
O05752,C0189,P018,2026-04-03,2,0.0,EFT
O05753,C0517,P056,2024-06-23,2,0.0,EFT
O05754,C0527,P056,2026-03-23,3,0.0,Card
O05755,C0447,P009,2026-06-11,1,0.1,Card
O05756,C0775,P043,2025-05-14,1,0.1,Card
O05757,C0508,P047,2025-12-09,3,0.0,Card
O05758,C0595,P039,2025-06-28,2,0.1,Cash on Delivery
O05759,C0716,P017,2025-07-04,1,0.0,EFT
O05760,C0023,P002,2025-03-02,1,0.0,EFT
O05761,C0559,P017,2026-03-11,1,0.0,Cash on Delivery
O05762,C0891,P068,2026-06-26,1,0.1,Card
O05763,C0018,P035,2026-06-28,2,0.15,EFT
O05764,C0403,P026,2024-09-24,5,0.0,Card
O05765,C0926,P015,2026-05-21,5,0.1,Card
O05766,C0351,P072,2026-02-22,1,0.1,PayFast
O05767,C0461,P051,2024-12-28,1,0.05,PayFast
O05768,C0984,P055,2024-04-24,2,0.15,EFT
O05769,C0190,P040,2025-01-15,1,0.0,Card
O05770,C0063,P048,2026-06-12,1,0.0,PayFast
O05771,C0862,P050,2025-12-11,1,0.05,EFT
O05772,C0871,P001,2026-02-11,1,0.05,Card
O05773,C0469,P043,2025-01-02,2,0.0,Cash on Delivery
O05774,C0504,P013,2026-02-10,2,0.0,EFT
O05775,C0839,P053,2024-02-19,3,0.0,Card
O05776,C0732,P017,2025-05-07,1,0.0,Card
O05777,C0260,P003,2025-12-06,2,0.25,Card
O05778,C0017,P074,2024-08-17,5,0.05,Cash on Delivery
O05779,C0480,P025,2026-04-19,1,0.15,Cash on Delivery
O05780,C0862,P048,2024-12-08,1,0.0,Card
O05781,C0901,P071,2025-12-25,4,0.0,PayFast
O05782,C0952,P025,2025-06-04,5,0.1,EFT
O05783,C0886,P031,2025-11-13,1,0.0,Card
O05784,C0566,P040,2024-06-24,2,0.05,PayFast
O05785,C0451,P026,2024-01-31,2,0.0,Card
O05786,C0777,P015,2026-06-10,4,0.1,PayFast
O05787,C0735,P041,2025-01-16,2,0.05,Card
O05788,C0528,P058,2026-04-17,2,0.05,Card
O05789,C0087,P006,2026-07-31,1,0.25,Card
O05790,C0926,P076,2024-11-09,1,0.0,Card
O05791,C0459,P046,2025-01-11,3,0.05,Cash on Delivery
O05792,C0365,P001,2026-01-01,2,0.05,Card
O05793,C0613,P070,2026-07-12,1,0.1,PayFast
O05794,C0658,P040,2026-06-14,3,0.0,EFT
O05795,C0204,P029,2025-08-30,1,0.1,PayFast
O05796,C0839,P038,2026-04-01,2,0.05,PayFast
O05797,C0290,P006,2024-08-03,1,0.1,EFT
O05798,C0176,P057,2026-07-19,1,0.05,EFT
O05799,C0404,P012,2026-07-12,1,0.0,Card
O05800,C0722,P076,2024-09-10,3,0.0,Cash on Delivery
O05801,C0962,P043,2025-02-18,2,0.25,Card
O05802,C0812,P033,2024-06-13,1,0.15,Card
O05803,C0941,P050,2025-01-19,1,0.05,PayFast
O05804,C0133,P046,2026-04-14,4,0.05,PayFast
O05805,C0067,P005,2025-05-10,3,0.0,Card
O05806,C0544,P022,2024-05-26,1,0.1,Card
O05807,C0291,P067,2025-04-04,2,0.05,Card
O05808,C0831,P066,2026-07-21,1,0.05,EFT
O05809,C0655,P010,2025-12-08,1,0.05,EFT
O05810,C0969,P067,2025-06-15,2,0.1,Card
O05811,C0254,P064,2024-09-13,1,0.2,Cash on Delivery
O05812,C0483,P032,2026-07-24,2,0.05,Cash on Delivery
O05813,C0496,P062,2026-04-17,2,0.15,EFT
O05814,C0242,P060,2025-01-30,1,0.2,Card
O05815,C0575,P051,2024-04-28,4,0.2,PayFast
O05816,C0450,P029,2024-04-07,1,0.1,Cash on Delivery
O05817,C0453,P067,2024-07-12,2,0.15,Card
O05818,C0364,P047,2025-11-01,2,0.25,EFT
O05819,C0017,P066,2026-06-21,1,0.1,EFT
O05820,C0513,P034,2025-08-25,3,0.25,EFT
O05821,C0337,P032,2026-05-01,1,0.2,EFT
O05822,C0001,P001,2025-07-12,2,0.05,Card
O05823,C0310,P075,2026-02-03,5,0.15,PayFast
O05824,C0281,P039,2026-02-19,3,0.0,EFT
O05825,C0396,P033,2024-09-23,3,0.0,Card
O05826,C0125,P006,2025-04-23,2,0.05,PayFast
O05827,C0497,P055,2025-12-14,1,0.1,PayFast
O05828,C0682,P037,2024-04-29,2,0.0,EFT
O05829,C0613,P046,2025-04-23,5,0.0,Card
O05830,C0805,P034,2025-09-26,1,0.05,PayFast
O05831,C0457,P027,2026-07-29,4,0.05,PayFast
O05832,C0509,P073,2025-08-06,2,0.05,EFT
O05833,C0813,P074,2026-04-14,4,0.05,PayFast
O05834,C0432,P058,2025-06-29,2,0.0,EFT
O05835,C0697,P043,2026-04-02,1,0.25,EFT
O05836,C0439,P049,2025-11-12,2,0.0,PayFast
O05837,C0419,P040,2026-05-28,2,0.05,PayFast
O05838,C0762,P027,2025-06-10,1,0.05,EFT
O05839,C0161,P060,2025-11-19,2,0.05,PayFast
O05840,C0339,P025,2025-12-09,1,0.0,EFT
O05841,C0224,P063,2025-06-16,2,0.0,EFT
O05842,C0358,P020,2024-08-15,1,0.1,EFT
O05843,C0233,P037,2024-06-03,1,0.2,Card
O05844,C0565,P076,2024-01-30,2,0.0,EFT
O05845,C0804,P006,2026-05-20,2,0.0,Cash on Delivery
O05846,C0788,P018,2024-12-09,4,0.1,Card
O05847,C0366,P026,2024-11-09,1,0.0,EFT
O05848,C0989,P043,2026-02-21,3,0.0,EFT
O05849,C0582,P034,2025-03-12,2,0.0,Card
O05850,C0400,P017,2025-09-02,1,0.05,Card
O05851,C0838,P055,2024-09-08,3,0.0,Card
O05852,C0722,P032,2026-07-09,2,0.0,Card
O05853,C0746,P058,2026-05-06,5,0.0,PayFast
O05854,C0188,P005,2026-05-14,1,0.0,Card
O05855,C0465,P025,2025-06-06,1,0.0,PayFast
O05856,C0863,P047,2026-03-11,2,0.1,Cash on Delivery
O05857,C0497,P015,2024-08-14,3,0.0,EFT
O05858,C0670,P077,2024-01-16,1,0.1,EFT
O05859,C0574,P002,2024-02-05,3,0.0,Card
O05860,C0844,P052,2025-11-06,1,0.0,PayFast
O05861,C0283,P070,2025-07-20,2,0.1,EFT
O05862,C0563,P047,2025-09-12,1,0.0,EFT
O05863,C0113,P046,2024-01-14,1,0.0,Card
O05864,C0679,P048,2025-06-21,1,0.2,EFT
O05865,C0724,P007,2026-02-09,1,0.05,Cash on Delivery
O05866,C0041,P055,2025-07-09,1,0.05,Cash on Delivery
O05867,C0660,P078,2026-02-19,3,0.0,Cash on Delivery
O05868,C0414,P030,2024-12-05,2,0.05,PayFast
O05869,C0113,P025,2026-04-13,2,0.1,Card
O05870,C0421,P053,2025-11-07,1,0.05,EFT
O05871,C0184,P032,2024-11-08,1,0.05,EFT
O05872,C0417,P019,2024-12-10,4,0.05,PayFast
O05873,C0389,P003,2025-12-07,1,0.1,Card
O05874,C0732,P073,2026-04-23,1,0.2,EFT
O05875,C0777,P052,2025-06-14,1,0.1,Card
O05876,C0594,P060,2025-01-04,1,0.1,PayFast
O05877,C0022,P014,2026-05-16,1,0.0,EFT
O05878,C0930,P027,2026-01-06,1,0.1,EFT
O05879,C0671,P077,2025-07-14,2,0.0,Card
O05880,C0035,P024,2025-08-18,2,0.05,Card
O05881,C0822,P031,2024-10-31,3,0.15,EFT
O05882,C0191,P010,2025-12-06,2,0.0,PayFast
O05883,C0565,P019,2025-04-21,1,0.15,Card
O05884,C0465,P062,2026-07-29,1,0.0,Card
O05885,C0421,P008,2025-08-11,3,0.0,Card
O05886,C0893,P030,2025-08-16,2,0.05,Card
O05887,C0443,P059,2025-10-21,3,0.0,EFT
O05888,C0073,P042,2026-06-14,2,0.05,PayFast
O05889,C0946,P022,2026-04-05,3,0.2,Card
O05890,C0919,P025,2025-07-16,1,0.1,EFT
O05891,C0671,P004,2026-02-10,4,0.25,Card
O05892,C0465,P074,2025-11-05,2,0.2,Card
O05893,C0091,P054,2025-08-21,1,0.05,Card
O05894,C0791,P035,2024-10-17,2,0.0,EFT
O05895,C0073,P003,2025-07-28,2,0.15,PayFast
O05896,C0065,P057,2024-12-20,1,0.1,PayFast
O05897,C0528,P044,2026-06-13,1,0.05,EFT
O05898,C0148,P060,2025-03-28,2,0.05,EFT
O05899,C0007,P069,2026-07-05,1,0.05,PayFast
O05900,C0428,P078,2025-09-24,1,0.0,EFT
O05901,C0130,P007,2025-12-10,5,0.0,PayFast
O05902,C0149,P066,2025-10-02,2,0.05,PayFast
O05903,C0074,P070,2024-07-25,1,0.05,Card
O05904,C0197,P077,2025-05-07,1,0.1,Card
O05905,C0710,P052,2024-06-11,2,0.0,EFT
O05906,C0812,P049,2025-12-03,1,0.05,Card
O05907,C0458,P026,2025-07-13,3,0.0,EFT
O05908,C0497,P055,2026-03-21,1,0.05,Cash on Delivery
O05909,C0032,P070,2024-11-20,2,0.1,Card
O05910,C0065,P052,2024-09-11,1,0.25,PayFast
O05911,C0256,P074,2025-06-06,3,0.1,Card
O05912,C0533,P075,2026-06-20,2,0.15,PayFast
O05913,C0734,P034,2026-02-04,1,0.1,Card
O05914,C0591,P048,2025-06-17,2,0.0,PayFast
O05915,C0395,P003,2025-09-11,1,0.1,PayFast
O05916,C0110,P072,2024-05-20,2,0.05,EFT
O05917,C0782,P001,2026-07-23,4,0.0,Card
O05918,C0366,P066,2026-01-04,3,0.1,EFT
O05919,C0727,P014,2025-02-03,1,0.0,EFT
O05920,C0504,P014,2025-11-05,2,0.0,PayFast
O05921,C0732,P008,2024-06-26,1,0.0,PayFast
O05922,C0910,P075,2026-07-13,1,0.05,Card
O05923,C0919,P020,2024-09-24,2,0.0,Card
O05924,C0523,P007,2025-12-22,1,0.0,Card
O05925,C0504,P074,2024-12-20,4,0.0,EFT
O05926,C0263,P014,2026-02-09,2,0.1,Card
O05927,C0936,P023,2026-03-20,1,0.0,Card
O05928,C0461,P037,2026-01-09,2,0.0,Cash on Delivery
O05929,C0117,P030,2025-11-27,2,0.1,Card
O05930,C0435,P002,2026-05-31,5,0.0,PayFast
O05931,C0117,P061,2024-05-11,1,0.1,EFT
O05932,C0496,P035,2025-03-23,2,0.1,EFT
O05933,C0548,P043,2024-12-23,2,0.15,Card
O05934,C0337,P077,2026-07-25,3,0.25,Cash on Delivery
O05935,C0069,P033,2025-05-20,3,0.0,Card
O05936,C0944,P034,2026-02-19,2,0.0,Card
O05937,C0775,P052,2026-01-17,1,0.0,Cash on Delivery
O05938,C0841,P057,2024-11-10,1,0.2,Cash on Delivery
O05939,C0368,P047,2024-12-12,1,0.15,Card
O05940,C0763,P059,2025-01-29,4,0.25,Cash on Delivery
O05941,C0483,P057,2025-06-10,3,0.1,Card
O05942,C0191,P074,2024-12-07,3,0.1,Card
O05943,C0114,P069,2024-02-05,1,0.1,Card
O05944,C0345,P001,2026-05-23,3,0.0,EFT
O05945,C0131,P012,2026-07-12,3,0.05,EFT
O05946,C1000,P006,2025-04-03,3,0.05,EFT
O05947,C0047,P051,2025-03-31,2,0.0,Card
O05948,C0448,P005,2024-01-13,2,0.0,PayFast
O05949,C0458,P044,2026-01-14,2,0.0,Cash on Delivery
O05950,C0298,P046,2026-04-20,1,0.0,Card
O05951,C0560,P074,2024-08-18,2,0.0,Card
O05952,C0139,P032,2024-09-04,1,0.25,Cash on Delivery
O05953,C0785,P014,2026-03-29,1,0.0,EFT
O05954,C0335,P008,2025-11-28,4,0.05,PayFast
O05955,C0577,P010,2024-03-18,4,0.0,EFT
O05956,C0710,P066,2025-12-03,2,0.1,Cash on Delivery
O05957,C0893,P077,2025-02-28,1,0.0,Card
O05958,C0839,P074,2025-04-30,1,0.05,Card
O05959,C0594,P059,2026-03-16,2,0.0,Card
O05960,C0393,P069,2026-04-11,1,0.1,PayFast
O05961,C0497,P019,2025-05-31,2,0.05,Card
O05962,C0772,P064,2026-07-02,2,0.0,Card
O05963,C0884,P043,2025-06-06,1,0.15,PayFast
O05964,C0098,P067,2026-03-17,3,0.2,PayFast
O05965,C0389,P071,2025-08-14,3,0.1,Card
O05966,C0777,P009,2026-06-03,3,0.15,EFT
O05967,C0435,P033,2026-06-09,2,0.05,Card
O05968,C0334,P050,2024-05-25,1,0.0,Card
O05969,C0412,P059,2026-06-26,4,0.05,EFT
O05970,C0590,P033,2026-04-20,2,0.25,PayFast
O05971,C1000,P011,2026-03-30,1,0.0,Card
O05972,C0490,P044,2024-10-27,2,0.15,Card
O05973,C0203,P019,2026-04-08,2,0.15,Card
O05974,C0152,P055,2026-05-06,2,0.05,EFT
O05975,C0041,P059,2025-02-07,2,0.05,EFT
O05976,C0546,P061,2026-07-05,1,0.0,EFT
O05977,C0533,P058,2024-03-27,3,0.25,Card
O05978,C0197,P001,2024-08-22,1,0.1,PayFast
O05979,C0687,P075,2025-09-28,5,0.25,Card
O05980,C0736,P001,2025-10-28,2,0.25,Card
O05981,C0258,P059,2025-12-20,1,0.25,PayFast
O05982,C0344,P075,2024-01-31,1,0.05,Card
O05983,C0992,P078,2026-07-09,1,0.0,Card
O05984,C0380,P068,2024-03-18,1,0.0,EFT
O05985,C0763,P055,2024-08-13,2,0.1,Card
O05986,C0459,P009,2024-01-26,5,0.05,PayFast
O05987,C0796,P018,2025-10-21,2,0.1,Card
O05988,C0773,P008,2026-06-23,4,0.15,Card
O05989,C0647,P054,2026-01-04,1,0.0,Card
O05990,C0855,P041,2026-04-19,4,0.0,Card
O05991,C0939,P017,2024-01-24,1,0.2,Card
O05992,C0566,P007,2025-10-02,1,0.05,EFT
O05993,C0241,P063,2025-07-24,1,0.05,EFT
O05994,C0400,P037,2025-08-27,1,0.15,Card
O05995,C0758,P025,2024-05-01,3,0.1,Card
O05996,C0628,P010,2026-01-17,1,0.1,EFT
O05997,C0165,P024,2025-08-31,2,0.05,Cash on Delivery
O05998,C0049,P007,2026-03-13,4,0.05,Card
O05999,C0670,P039,2025-08-15,1,0.15,Card
O06000,C0252,P052,2024-08-21,1,0.05,Card
O06001,C0496,P038,2025-12-22,1,0.2,Card
O06002,C0741,P071,2024-09-21,2,0.0,Card
O06003,C0551,P022,2026-05-19,4,0.05,EFT
O06004,C0085,P056,2025-11-26,2,0.2,Card
O06005,C0175,P035,2024-09-01,1,0.2,EFT
O06006,C0220,P040,2026-07-11,1,0.05,Card
O06007,C0256,P069,2025-09-12,5,0.05,Card
O06008,C0553,P020,2024-05-02,1,0.0,Card
O06009,C0497,P022,2025-12-06,3,0.05,PayFast
O06010,C0195,P059,2024-12-29,1,0.1,PayFast
O06011,C0065,P027,2026-04-07,2,0.2,Card
O06012,C0160,P056,2026-04-16,4,0.05,PayFast
O06013,C0988,P017,2026-07-20,3,0.2,Cash on Delivery
O06014,C0465,P070,2025-08-29,1,0.05,EFT
O06015,C0870,P044,2025-07-20,1,0.0,EFT
O06016,C0848,P049,2026-03-05,5,0.1,Card
O06017,C0504,P065,2024-07-29,5,0.05,EFT
O06018,C0701,P035,2025-10-05,1,0.0,Cash on Delivery
O06019,C0184,P053,2025-10-05,1,0.05,PayFast
O06020,C0677,P035,2024-05-28,2,0.0,PayFast
O06021,C0270,P048,2025-06-16,2,0.0,Card
O06022,C0835,P025,2026-05-08,4,0.0,PayFast
O06023,C0085,P058,2026-05-09,2,0.1,Card
O06024,C0775,P033,2024-06-11,1,0.0,Card
O06025,C0094,P075,2024-05-30,2,0.0,Card
O06026,C0887,P060,2025-01-09,1,0.1,PayFast
O06027,C0301,P022,2026-05-21,2,0.15,PayFast
O06028,C0631,P003,2024-07-24,1,0.0,Card
O06029,C0484,P020,2026-02-10,1,0.0,PayFast
O06030,C0368,P067,2024-06-14,2,0.1,EFT
O06031,C0621,P075,2025-12-03,3,0.15,PayFast
O06032,C0946,P005,2025-04-18,1,0.0,EFT
O06033,C0040,P072,2026-03-28,2,0.2,Card
O06034,C0918,P075,2024-12-06,1,0.1,Card
O06035,C0595,P059,2025-12-15,1,0.05,Cash on Delivery
O06036,C0808,P044,2024-12-08,1,0.0,PayFast
O06037,C0387,P036,2026-02-06,2,0.2,Card
O06038,C0469,P056,2026-05-20,2,0.0,Card
O06039,C0871,P023,2024-07-21,2,0.0,EFT
O06040,C0414,P037,2026-05-16,2,0.0,EFT
O06041,C0522,P057,2025-11-11,1,0.1,Card
O06042,C0020,P021,2024-07-22,1,0.1,PayFast
O06043,C0148,P075,2025-06-25,3,0.1,Card
O06044,C0621,P021,2024-09-06,1,0.0,Card
O06045,C0711,P072,2026-01-28,2,0.0,Card
O06046,C0567,P007,2026-03-09,1,0.2,EFT
O06047,C0133,P004,2024-06-21,2,0.0,PayFast
O06048,C0451,P064,2025-09-02,1,0.1,Card
O06049,C0353,P029,2026-04-14,1,0.05,EFT
O06050,C0494,P042,2026-06-26,3,0.05,PayFast
O06051,C0872,P005,2025-09-08,2,0.0,Card
O06052,C0777,P028,2026-07-04,1,0.0,PayFast
O06053,C0085,P042,2025-09-26,1,0.0,EFT
O06054,C0893,P058,2025-05-25,2,0.05,EFT
O06055,C0468,P041,2026-05-04,4,0.05,Card
O06056,C0736,P048,2025-08-22,2,0.2,EFT
O06057,C0132,P038,2025-08-04,1,0.05,EFT
O06058,C0653,P073,2025-08-20,1,0.05,PayFast
O06059,C0239,P042,2026-05-04,3,0.0,EFT
O06060,C0445,P018,2026-04-24,2,0.1,Card
O06061,C0017,P039,2025-06-03,2,0.15,PayFast
O06062,C0142,P037,2025-03-26,3,0.05,EFT
O06063,C0090,P021,2025-08-21,2,0.0,PayFast
O06064,C0242,P047,2025-10-26,1,0.2,PayFast
O06065,C0094,P068,2024-12-12,2,0.05,Cash on Delivery
O06066,C0682,P010,2026-03-31,1,0.0,PayFast
O06067,C0028,P024,2025-08-16,1,0.15,Card
O06068,C0603,P038,2025-03-27,2,0.0,Card
O06069,C0133,P027,2024-06-23,1,0.15,Card
O06070,C0944,P050,2024-12-12,3,0.15,EFT
O06071,C0932,P004,2026-07-03,2,0.1,Card
O06072,C0226,P008,2025-02-24,1,0.1,EFT
O06073,C0601,P031,2024-09-16,1,0.2,Cash on Delivery
O06074,C0027,P037,2025-07-25,3,0.0,Cash on Delivery
O06075,C0930,P023,2025-02-26,2,0.25,Card
O06076,C0513,P038,2024-03-02,2,0.1,Card
O06077,C0041,P033,2025-03-15,1,0.1,Card
O06078,C0341,P071,2025-10-03,4,0.05,PayFast
O06079,C0074,P022,2025-10-09,1,0.05,EFT
O06080,C0396,P008,2025-04-18,2,0.0,PayFast
O06081,C0652,P078,2025-07-13,4,0.0,PayFast
O06082,C0465,P031,2026-07-12,4,0.0,Card
O06083,C0387,P012,2025-05-09,2,0.05,PayFast
O06084,C0110,P015,2025-01-04,1,0.0,PayFast
O06085,C0249,P030,2024-12-18,1,0.05,Card
O06086,C0094,P009,2025-07-22,1,0.1,EFT
O06087,C0808,P056,2026-03-09,2,0.15,Card
O06088,C0129,P054,2024-11-03,1,0.05,Card
O06089,C0583,P017,2026-02-03,1,0.0,Card
O06090,C0342,P022,2024-02-07,2,0.15,Cash on Delivery
O06091,C0226,P065,2025-06-17,1,0.0,Card
O06092,C0617,P076,2026-03-20,3,0.05,Card
O06093,C0461,P068,2025-03-31,4,0.0,EFT
O06094,C0400,P068,2025-10-19,2,0.05,EFT
O06095,C0582,P039,2024-11-01,3,0.0,Card
O06096,C0486,P074,2026-02-25,1,0.05,EFT
O06097,C0301,P066,2024-03-31,1,0.1,Card
O06098,C0546,P051,2026-05-07,4,0.1,EFT
O06099,C0650,P013,2024-10-24,1,0.0,Cash on Delivery
O06100,C0026,P052,2026-05-20,2,0.25,PayFast
O06101,C0465,P009,2025-04-14,4,0.0,PayFast
O06102,C0055,P028,2026-02-12,2,0.2,Card
O06103,C0175,P015,2025-03-11,3,0.1,EFT
O06104,C0547,P005,2026-06-08,1,0.15,Card
O06105,C0869,P027,2024-07-21,3,0.0,PayFast
O06106,C0888,P032,2024-09-29,1,0.1,EFT
O06107,C0065,P056,2025-08-22,1,0.05,Card
O06108,C0419,P067,2024-05-16,2,0.05,Card
O06109,C0567,P064,2024-10-21,2,0.1,Card
O06110,C0138,P059,2026-06-30,1,0.0,Card
O06111,C0766,P027,2026-07-18,1,0.0,Card
O06112,C0736,P064,2025-05-08,4,0.05,Card
O06113,C0906,P008,2026-06-18,1,0.15,Cash on Delivery
O06114,C0008,P004,2025-10-04,4,0.1,EFT
O06115,C0216,P049,2025-01-17,3,0.0,Card
O06116,C0829,P060,2026-01-29,1,0.0,EFT
O06117,C0653,P052,2025-12-30,4,0.15,PayFast
O06118,C0900,P051,2026-07-26,2,0.0,Cash on Delivery
O06119,C0054,P032,2025-01-11,1,0.05,Card
O06120,C0585,P014,2026-01-08,2,0.0,PayFast
O06121,C0558,P004,2024-03-30,2,0.15,Card
O06122,C0037,P007,2024-07-03,2,0.0,Card
O06123,C0504,P039,2024-01-08,1,0.0,Cash on Delivery
O06124,C0595,P044,2026-07-31,3,0.1,Card
O06125,C0184,P070,2026-04-06,2,0.05,EFT
O06126,C0272,P022,2026-03-27,1,0.0,Cash on Delivery
O06127,C0621,P074,2025-09-05,2,0.0,PayFast
O06128,C0465,P042,2025-02-19,4,0.15,Card
O06129,C0861,P048,2024-08-24,2,0.0,Card
O06130,C0341,P041,2025-02-02,5,0.0,EFT
O06131,C0263,P015,2025-05-07,3,0.2,Cash on Delivery
O06132,C0988,P028,2026-03-07,4,0.05,Card
O06133,C0910,P031,2025-09-30,1,0.05,PayFast
O06134,C0027,P071,2024-05-09,2,0.0,PayFast
O06135,C0775,P025,2024-02-02,1,0.0,Card
O06136,C0102,P034,2024-06-16,2,0.05,Card
O06137,C0027,P067,2025-06-09,1,0.05,Cash on Delivery
O06138,C0274,P067,2026-06-24,1,0.05,Cash on Delivery
O06139,C0267,P013,2025-12-14,1,0.05,Card
O06140,C0822,P005,2026-04-05,1,0.0,Card
O06141,C0702,P022,2025-07-30,2,0.05,Card
O06142,C0984,P034,2025-04-23,1,0.0,EFT
O06143,C0705,P015,2024-06-25,2,0.0,Cash on Delivery
O06144,C0419,P048,2026-05-21,1,0.05,Cash on Delivery
O06145,C0695,P028,2026-03-24,2,0.15,Card
O06146,C1000,P069,2024-09-15,1,0.0,Card
O06147,C0702,P004,2025-09-07,3,0.15,Card
O06148,C0764,P067,2025-08-17,2,0.05,Cash on Delivery
O06149,C0938,P043,2025-12-05,1,0.1,Card
O06150,C0105,P045,2026-07-01,4,0.0,Card
O06151,C0699,P032,2025-10-31,1,0.1,PayFast
O06152,C0851,P030,2025-09-30,2,0.0,Card
O06153,C0951,P004,2024-03-27,1,0.15,EFT
O06154,C0205,P041,2024-04-17,1,0.0,EFT
O06155,C0497,P053,2024-10-10,3,0.0,Card
O06156,C0667,P001,2024-02-27,3,0.0,PayFast
O06157,C0250,P018,2026-02-26,1,0.1,PayFast
O06158,C0588,P067,2026-02-13,1,0.05,PayFast
O06159,C0256,P017,2024-08-03,2,0.1,Cash on Delivery
O06160,C0335,P057,2026-04-27,2,0.15,Card
O06161,C0448,P068,2024-08-29,1,0.05,Cash on Delivery
O06162,C0518,P008,2025-02-20,4,0.0,EFT
O06163,C0455,P058,2024-12-24,1,0.1,Card
O06164,C0491,P004,2025-05-04,3,0.1,Card
O06165,C0296,P047,2024-12-30,1,0.0,Card
O06166,C0148,P034,2025-08-18,3,0.1,PayFast
O06167,C0044,P031,2025-06-07,1,0.05,Card
O06168,C0188,P035,2026-07-24,1,0.1,EFT
O06169,C0567,P060,2024-04-05,1,0.1,Card
O06170,C0788,P063,2024-08-12,4,0.0,EFT
O06171,C0157,P043,2024-03-31,3,0.0,PayFast
O06172,C0102,P077,2025-12-05,4,0.0,EFT
O06173,C0746,P050,2024-04-03,1,0.0,Card
O06174,C0303,P011,2026-04-27,5,0.1,EFT
O06175,C0948,P046,2025-09-07,3,0.0,Card
O06176,C0708,P065,2025-09-19,1,0.0,Card
O06177,C0329,P009,2025-10-17,2,0.05,Card
O06178,C0290,P060,2024-09-19,2,0.1,EFT
O06179,C0514,P041,2024-10-23,2,0.0,EFT
O06180,C0076,P053,2025-03-11,2,0.05,PayFast
O06181,C0110,P055,2025-11-11,1,0.1,EFT
O06182,C0161,P012,2024-11-08,2,0.1,Card
O06183,C0777,P012,2024-07-06,1,0.05,PayFast
O06184,C0504,P014,2026-07-15,1,0.1,Card
O06185,C0011,P044,2024-02-09,1,0.2,Cash on Delivery
O06186,C0657,P031,2026-04-06,1,0.0,PayFast
O06187,C0428,P073,2026-03-28,1,0.0,EFT
O06188,C0503,P037,2025-02-16,1,0.1,EFT
O06189,C0212,P032,2024-08-03,1,0.05,Card
O06190,C0540,P070,2024-08-16,1,0.0,Card
O06191,C0981,P069,2026-01-26,3,0.1,PayFast
O06192,C0071,P063,2025-12-18,2,0.05,EFT
O06193,C0283,P007,2026-03-24,4,0.05,Card
O06194,C0248,P036,2026-06-26,2,0.2,EFT
O06195,C0251,P011,2026-01-22,1,0.05,PayFast
O06196,C0384,P009,2024-08-30,3,0.15,PayFast
O06197,C0822,P005,2024-12-18,2,0.05,EFT
O06198,C0911,P010,2026-05-01,4,0.2,EFT
O06199,C0192,P074,2024-11-07,1,0.25,Card
O06200,C0531,P039,2024-05-02,4,0.0,Card
O06201,C0617,P011,2026-01-30,4,0.25,PayFast
O06202,C0512,P031,2025-06-02,1,0.05,Card
O06203,C0437,P039,2026-06-16,1,0.1,PayFast
O06204,C0184,P063,2025-12-23,1,0.1,Cash on Delivery
O06205,C0484,P067,2024-05-29,4,0.15,Cash on Delivery
O06206,C0401,P024,2026-07-02,1,0.25,EFT
O06207,C0801,P038,2025-01-04,2,0.15,Cash on Delivery
O06208,C0764,P059,2025-03-30,1,0.05,EFT
O06209,C0128,P016,2025-06-02,2,0.0,Card
O06210,C0087,P013,2024-03-29,1,0.1,Cash on Delivery
O06211,C0910,P072,2025-08-25,3,0.05,Card
O06212,C0524,P022,2024-07-16,1,0.05,EFT
O06213,C0861,P053,2025-05-31,2,0.05,Card
O06214,C0055,P070,2025-04-13,1,0.2,PayFast
O06215,C0517,P071,2026-03-18,5,0.15,EFT
O06216,C0529,P047,2026-04-06,2,0.05,Card
O06217,C0863,P068,2024-08-27,1,0.0,Cash on Delivery
O06218,C0094,P002,2025-04-28,1,0.25,EFT
O06219,C0245,P076,2025-05-05,3,0.0,Card
O06220,C0405,P032,2024-08-24,2,0.1,EFT
O06221,C0868,P066,2026-04-03,3,0.05,Cash on Delivery
O06222,C0938,P056,2026-02-02,3,0.2,Card
O06223,C0996,P005,2024-10-14,2,0.15,Cash on Delivery
O06224,C0957,P005,2025-04-28,2,0.15,EFT
O06225,C0005,P035,2024-06-21,2,0.05,EFT
O06226,C0044,P056,2025-12-07,2,0.0,Card
O06227,C0138,P053,2024-07-14,4,0.0,Card
O06228,C0346,P008,2026-07-24,3,0.1,EFT
O06229,C0833,P035,2026-03-23,3,0.05,Card
O06230,C0899,P055,2025-05-21,2,0.05,Card
O06231,C0177,P077,2025-10-30,2,0.05,Card
O06232,C0606,P076,2026-06-11,1,0.05,Card
O06233,C0916,P006,2025-10-11,1,0.0,Card
O06234,C0464,P020,2024-09-24,1,0.05,Card
O06235,C0097,P029,2025-05-10,1,0.0,Cash on Delivery
O06236,C0461,P033,2026-05-01,1,0.2,Card
O06237,C0383,P057,2025-12-19,1,0.0,PayFast
O06238,C0564,P005,2025-12-24,5,0.05,Cash on Delivery
O06239,C0446,P034,2026-05-16,3,0.0,Card
O06240,C0018,P043,2026-06-01,1,0.05,Card
O06241,C0998,P020,2026-06-16,1,0.05,EFT
O06242,C0531,P016,2024-06-05,1,0.1,Card
O06243,C0474,P074,2025-10-03,2,0.0,Cash on Delivery
O06244,C0951,P046,2026-02-24,3,0.15,Card
O06245,C0145,P053,2026-03-07,2,0.0,Card
O06246,C0184,P056,2025-11-21,1,0.25,Card
O06247,C0808,P069,2024-09-14,4,0.1,Card
O06248,C0258,P067,2026-04-03,1,0.0,Cash on Delivery
O06249,C0804,P029,2026-02-11,2,0.0,Card
O06250,C0269,P075,2024-05-23,1,0.0,PayFast
O06251,C0032,P061,2025-07-28,3,0.1,Cash on Delivery
O06252,C0508,P007,2024-09-23,1,0.1,Card
O06253,C0188,P027,2025-03-30,1,0.15,Card
O06254,C0757,P058,2024-02-02,1,0.0,Card
O06255,C0621,P026,2025-05-31,2,0.1,EFT
O06256,C0923,P066,2025-10-08,1,0.0,Card
O06257,C0784,P011,2025-12-01,1,0.1,PayFast
O06258,C0171,P002,2026-01-02,1,0.0,Card
O06259,C0804,P068,2026-04-27,3,0.1,Card
O06260,C0621,P015,2024-11-14,2,0.05,EFT
O06261,C0649,P070,2024-07-12,1,0.25,EFT
O06262,C0835,P038,2026-05-06,1,0.1,Card
O06263,C0562,P019,2024-08-31,1,0.05,EFT
O06264,C0465,P029,2026-07-18,2,0.1,Card
O06265,C0616,P004,2026-05-01,1,0.1,EFT
O06266,C0296,P058,2025-08-29,1,0.25,PayFast
O06267,C0172,P055,2026-07-21,2,0.05,Card
O06268,C0603,P017,2024-06-09,2,0.05,EFT
O06269,C0237,P074,2025-02-22,1,0.1,EFT
O06270,C0077,P078,2025-12-15,2,0.2,EFT
O06271,C0001,P028,2025-04-12,2,0.0,Card
O06272,C0594,P031,2026-06-21,1,0.05,Card
O06273,C0363,P075,2024-04-21,3,0.05,Card
O06274,C0755,P047,2025-10-07,3,0.1,Cash on Delivery
O06275,C0381,P017,2025-11-09,1,0.05,Card
O06276,C0484,P068,2025-12-25,1,0.1,Card
O06277,C0405,P059,2025-01-01,1,0.0,Card
O06278,C0628,P012,2025-04-26,3,0.15,EFT
O06279,C0353,P069,2026-05-02,1,0.0,EFT
O06280,C0960,P012,2024-10-20,3,0.0,EFT
O06281,C0936,P024,2026-04-21,1,0.15,Card
O06282,C0847,P020,2025-10-18,1,0.05,Cash on Delivery
O06283,C0918,P031,2026-03-11,4,0.05,Card
O06284,C0455,P054,2026-02-06,1,0.1,EFT
O06285,C0525,P077,2024-11-04,1,0.0,EFT
O06286,C0736,P042,2025-10-23,3,0.0,Card
O06287,C0691,P048,2026-05-16,1,0.05,EFT
O06288,C0894,P028,2025-06-29,1,0.0,PayFast
O06289,C0711,P003,2026-07-13,2,0.1,PayFast
O06290,C1000,P027,2025-07-17,1,0.05,EFT
O06291,C0346,P022,2024-08-12,1,0.05,Cash on Delivery
O06292,C0835,P027,2025-05-20,2,0.15,Card
O06293,C0692,P027,2026-07-05,1,0.05,Card
O06294,C0682,P028,2025-03-12,2,0.0,EFT
O06295,C0329,P001,2026-05-17,3,0.05,Card
O06296,C0787,P002,2026-05-24,1,0.05,Card
O06297,C0903,P003,2025-04-12,2,0.0,PayFast
O06298,C0219,P020,2024-05-18,1,0.0,Cash on Delivery
O06299,C0612,P072,2026-02-14,3,0.1,Card
O06300,C0395,P061,2025-03-03,2,0.1,EFT
O06301,C0990,P036,2026-03-24,1,0.25,Cash on Delivery
O06302,C0479,P003,2025-07-09,2,0.05,PayFast
O06303,C0230,P038,2025-08-15,4,0.1,EFT
O06304,C0387,P047,2026-03-21,2,0.05,Card
O06305,C0630,P045,2025-05-14,3,0.15,Cash on Delivery
O06306,C0074,P054,2025-07-09,1,0.05,Card
O06307,C0590,P064,2025-05-08,3,0.1,PayFast
O06308,C0930,P070,2025-04-29,1,0.05,Card
O06309,C0851,P042,2025-09-18,1,0.2,Card
O06310,C0065,P043,2026-04-10,1,0.0,PayFast
O06311,C0998,P071,2025-04-24,1,0.05,PayFast
O06312,C0695,P058,2025-09-17,1,0.05,PayFast
O06313,C0152,P070,2026-01-07,2,0.25,Card
O06314,C0012,P034,2025-01-16,1,0.1,Card
O06315,C0160,P041,2025-01-25,2,0.05,Card
O06316,C0839,P042,2026-06-24,1,0.0,EFT
O06317,C0021,P074,2026-02-13,2,0.15,Card
O06318,C0237,P051,2025-10-29,3,0.2,Card
O06319,C0756,P029,2025-12-22,1,0.15,Card
O06320,C0569,P068,2024-02-21,1,0.0,PayFast
O06321,C0784,P024,2025-11-30,3,0.1,Card
O06322,C0740,P031,2025-09-05,2,0.0,EFT
O06323,C0049,P006,2025-10-05,1,0.15,Card
O06324,C0898,P038,2025-04-21,1,0.0,Card
O06325,C0229,P008,2024-05-16,1,0.05,Card
O06326,C0541,P059,2024-10-18,1,0.2,Card
O06327,C0621,P011,2026-07-04,1,0.0,Card
O06328,C0156,P044,2025-06-08,1,0.1,Cash on Delivery
O06329,C0978,P052,2025-07-30,2,0.25,EFT
O06330,C0484,P053,2024-03-31,2,0.1,Cash on Delivery
O06331,C0055,P073,2024-03-06,4,0.0,Cash on Delivery
O06332,C0938,P039,2026-02-09,1,0.05,Card
O06333,C0570,P028,2025-09-28,1,0.15,Card
O06334,C0696,P052,2025-09-04,1,0.15,EFT
O06335,C0516,P041,2024-12-17,2,0.1,Card
O06336,C0838,P076,2026-02-27,1,0.15,Card
O06337,C0032,P067,2024-09-16,1,0.25,PayFast
O06338,C0265,P009,2024-10-14,1,0.0,Card
O06339,C0465,P060,2025-07-25,1,0.05,PayFast
O06340,C0074,P072,2025-02-04,1,0.1,EFT
O06341,C0700,P012,2024-12-22,2,0.1,Cash on Delivery
O06342,C0396,P015,2025-12-20,1,0.05,Cash on Delivery
O06343,C0270,P048,2025-12-24,1,0.05,Card
O06344,C0004,P013,2026-04-20,2,0.1,EFT
O06345,C0714,P074,2025-06-16,1,0.05,EFT
O06346,C0835,P064,2024-05-03,1,0.0,Card
O06347,C0397,P040,2025-01-21,2,0.0,PayFast
O06348,C0551,P021,2026-07-20,3,0.2,PayFast
O06349,C0229,P047,2025-11-13,1,0.2,Cash on Delivery
O06350,C0609,P077,2026-02-03,1,0.0,EFT
O06351,C0012,P027,2024-01-14,3,0.0,Card
O06352,C0484,P074,2025-09-12,1,0.25,Card
O06353,C0621,P034,2024-03-06,1,0.0,PayFast
O06354,C0917,P028,2025-10-23,2,0.1,PayFast
O06355,C0387,P061,2026-06-17,2,0.05,Card
O06356,C0766,P020,2026-07-14,2,0.0,Card
O06357,C0586,P052,2025-09-30,1,0.1,PayFast
O06358,C0927,P024,2025-07-23,4,0.1,Cash on Delivery
O06359,C0400,P005,2026-07-01,2,0.2,PayFast
O06360,C0322,P076,2026-01-09,5,0.05,Card
O06361,C0893,P041,2024-04-20,2,0.0,Card
O06362,C0047,P071,2025-07-29,1,0.15,Card
O06363,C0129,P011,2024-12-14,3,0.1,Card
O06364,C0081,P030,2025-08-02,3,0.1,EFT
O06365,C0844,P029,2025-07-20,1,0.0,Card
O06366,C0011,P066,2025-11-02,3,0.05,PayFast
O06367,C0863,P008,2025-04-19,1,0.0,Card
O06368,C0457,P037,2024-09-10,3,0.0,Card
O06369,C0004,P065,2025-08-31,2,0.25,PayFast
O06370,C0401,P003,2026-04-23,3,0.1,EFT
O06371,C0177,P074,2026-01-02,3,0.15,Card
O06372,C0610,P037,2025-03-31,1,0.0,Card
O06373,C0666,P019,2026-06-25,3,0.15,Cash on Delivery
O06374,C0484,P001,2026-06-12,2,0.05,Card
O06375,C0040,P014,2024-11-07,4,0.15,Cash on Delivery
O06376,C0634,P033,2024-03-09,1,0.1,Card
O06377,C0844,P006,2026-02-25,3,0.1,EFT
O06378,C0715,P064,2026-04-22,4,0.0,PayFast
O06379,C0833,P071,2026-07-14,3,0.0,EFT
O06380,C0191,P034,2026-05-30,1,0.15,Card
O06381,C0893,P052,2025-11-16,1,0.1,PayFast
O06382,C0326,P043,2025-09-22,3,0.2,Card
O06383,C0013,P017,2024-02-19,2,0.05,Card
O06384,C0844,P056,2024-12-21,2,0.0,EFT
O06385,C0943,P070,2025-07-24,4,0.0,EFT
O06386,C0632,P063,2025-12-07,1,0.1,Card
O06387,C0234,P040,2025-10-14,1,0.1,Card
O06388,C0252,P046,2026-02-26,2,0.15,EFT
O06389,C0465,P056,2025-01-28,1,0.15,EFT
O06390,C0902,P069,2025-10-20,1,0.05,Card
O06391,C0138,P011,2024-05-26,3,0.15,Card
O06392,C0827,P013,2025-06-12,1,0.15,Card
O06393,C0291,P018,2026-03-03,2,0.1,Card
O06394,C0810,P038,2026-01-23,2,0.05,EFT
O06395,C0918,P075,2026-07-26,4,0.0,Cash on Delivery
O06396,C0432,P050,2025-01-26,1,0.15,PayFast
O06397,C0366,P011,2025-08-26,1,0.05,Card
O06398,C0804,P070,2025-03-22,1,0.0,Card
O06399,C0518,P077,2025-07-07,2,0.0,PayFast
O06400,C0671,P071,2026-05-10,2,0.1,Cash on Delivery
O06401,C0610,P053,2026-01-17,2,0.0,Card
O06402,C0143,P049,2026-05-25,1,0.05,EFT
O06403,C0846,P038,2024-10-31,1,0.0,Card
O06404,C0188,P064,2026-05-20,4,0.0,Cash on Delivery
O06405,C0930,P019,2024-04-12,1,0.0,PayFast
O06406,C0252,P044,2026-05-29,1,0.15,Card
O06407,C0725,P005,2025-03-21,1,0.0,PayFast
O06408,C0283,P040,2025-03-06,2,0.15,EFT
O06409,C0320,P014,2025-09-07,1,0.15,Card
O06410,C0314,P020,2026-06-28,1,0.05,Cash on Delivery
O06411,C0743,P030,2024-03-23,1,0.1,Card
O06412,C0543,P016,2025-04-14,2,0.05,Card
O06413,C0888,P043,2026-05-10,2,0.15,Card
O06414,C0309,P020,2025-05-27,1,0.0,Cash on Delivery
O06415,C0682,P016,2024-10-25,1,0.0,Card
O06416,C0755,P075,2025-06-23,1,0.0,Cash on Delivery
O06417,C0142,P014,2025-05-17,3,0.0,EFT
O06418,C0400,P010,2026-06-14,1,0.0,PayFast
O06419,C0480,P063,2026-03-11,2,0.0,PayFast
O06420,C0353,P026,2025-09-01,2,0.1,PayFast
O06421,C0326,P062,2026-07-25,2,0.05,EFT
O06422,C0671,P039,2025-07-29,1,0.0,PayFast
O06423,C0215,P055,2024-04-09,4,0.0,Card
O06424,C0702,P063,2025-01-08,2,0.05,EFT
O06425,C0935,P067,2025-07-03,1,0.0,Card
O06426,C0553,P006,2024-09-01,3,0.05,Card
O06427,C0597,P040,2026-07-02,1,0.05,PayFast
O06428,C0065,P067,2026-03-14,3,0.1,Card
O06429,C0866,P028,2025-01-15,2,0.05,EFT
O06430,C0284,P037,2025-11-09,3,0.15,PayFast
O06431,C0602,P054,2026-02-11,1,0.1,EFT
O06432,C0981,P069,2026-06-29,1,0.1,PayFast
O06433,C0583,P020,2026-05-25,1,0.0,Card
O06434,C0717,P042,2025-09-10,1,0.0,PayFast
O06435,C0451,P068,2026-03-19,2,0.1,EFT
O06436,C0058,P043,2025-10-18,1,0.0,Card
O06437,C0803,P030,2025-10-10,2,0.05,EFT
O06438,C0035,P061,2024-07-04,1,0.25,Card
O06439,C0697,P061,2024-07-20,1,0.2,Cash on Delivery
O06440,C0022,P069,2025-09-21,1,0.05,EFT
O06441,C0864,P042,2025-01-16,2,0.15,Card
O06442,C0148,P017,2024-02-07,1,0.05,Card
O06443,C0504,P028,2026-02-12,2,0.05,Card
O06444,C0585,P025,2024-02-27,1,0.1,Cash on Delivery
O06445,C0461,P051,2025-11-12,1,0.1,Card
O06446,C0340,P038,2025-09-29,2,0.2,Card
O06447,C0465,P034,2026-07-14,1,0.1,Card
O06448,C0316,P050,2025-08-14,1,0.2,Card
O06449,C0444,P076,2024-04-18,3,0.05,PayFast
O06450,C0358,P046,2025-10-09,2,0.0,PayFast
O06451,C0554,P028,2026-04-30,1,0.1,PayFast
O06452,C0241,P013,2026-07-30,3,0.1,Card
O06453,C0989,P030,2025-06-28,3,0.15,Cash on Delivery
O06454,C0496,P058,2025-03-12,1,0.05,EFT
O06455,C0184,P004,2026-06-09,1,0.1,Cash on Delivery
O06456,C0476,P039,2024-10-15,1,0.0,EFT
O06457,C0869,P047,2025-11-28,2,0.05,Card
O06458,C0021,P071,2025-06-05,2,0.1,Cash on Delivery
O06459,C0666,P068,2024-03-12,2,0.15,EFT
O06460,C0538,P052,2025-04-09,1,0.1,PayFast
O06461,C0157,P017,2025-01-11,1,0.05,Card
O06462,C0822,P078,2026-01-18,1,0.05,PayFast
O06463,C0372,P029,2026-07-03,2,0.05,Card
O06464,C0292,P006,2025-01-15,4,0.0,Card
O06465,C0832,P022,2026-04-12,1,0.15,Card
O06466,C0617,P072,2024-04-05,1,0.15,Card
O06467,C0902,P058,2025-09-28,1,0.0,Card
O06468,C0613,P068,2024-04-29,1,0.05,EFT
O06469,C0736,P059,2026-06-24,2,0.15,Card
O06470,C0839,P059,2026-03-13,1,0.05,Card
O06471,C0053,P046,2025-12-29,1,0.0,PayFast
O06472,C0777,P049,2026-04-19,4,0.0,PayFast
O06473,C0600,P071,2025-12-21,3,0.0,PayFast
O06474,C0065,P069,2026-07-14,1,0.05,PayFast
O06475,C0498,P065,2026-02-06,1,0.2,Card
O06476,C0081,P072,2026-06-19,3,0.1,Card
O06477,C0727,P034,2025-09-11,2,0.0,Card
O06478,C0535,P002,2024-07-07,4,0.1,Card
O06479,C0950,P076,2025-09-20,5,0.05,Card
O06480,C0172,P005,2024-07-21,4,0.05,PayFast
O06481,C0593,P005,2025-11-10,3,0.05,PayFast
O06482,C0205,P013,2025-08-13,1,0.0,PayFast
O06483,C0600,P027,2025-12-03,5,0.05,Cash on Delivery
O06484,C0716,P075,2024-01-19,3,0.05,Card
O06485,C0716,P067,2024-10-20,2,0.25,Cash on Delivery
O06486,C0817,P045,2025-08-20,1,0.25,Card
O06487,C0854,P004,2026-07-04,3,0.1,EFT
O06488,C0075,P012,2025-05-15,2,0.1,Card
O06489,C0342,P029,2025-06-22,3,0.0,PayFast
O06490,C0673,P013,2026-02-07,1,0.05,Card
O06491,C0494,P045,2025-11-19,4,0.1,PayFast
O06492,C0184,P048,2025-02-18,2,0.0,Card
O06493,C0540,P032,2025-06-10,2,0.1,PayFast
O06494,C0408,P027,2024-11-17,3,0.05,PayFast
O06495,C0394,P051,2026-07-13,1,0.05,EFT
O06496,C0813,P060,2024-07-27,1,0.05,EFT
O06497,C0408,P073,2025-05-03,1,0.1,Card
O06498,C0025,P027,2024-02-15,3,0.0,EFT
O06499,C0055,P077,2024-11-22,1,0.0,Cash on Delivery
O06500,C0859,P072,2026-03-23,1,0.05,EFT
O06501,C0958,P039,2024-10-28,1,0.1,PayFast
O06502,C0677,P025,2024-05-13,1,0.1,EFT
O06503,C0366,P063,2025-08-06,3,0.0,PayFast
O06504,C0938,P005,2024-01-18,1,0.0,EFT
O06505,C0641,P043,2024-05-21,1,0.25,Card
O06506,C0846,P024,2026-04-09,2,0.05,Card
O06507,C0767,P021,2026-03-17,3,0.0,EFT
O06508,C0385,P002,2026-06-13,1,0.15,EFT
O06509,C0479,P051,2026-05-08,1,0.2,Cash on Delivery
O06510,C0175,P033,2026-01-16,3,0.1,Card
O06511,C0291,P078,2024-03-31,2,0.0,PayFast
O06512,C0779,P062,2026-03-24,1,0.1,Card
O06513,C0900,P059,2026-05-03,2,0.05,EFT
O06514,C0717,P030,2026-04-04,1,0.0,Card
O06515,C0465,P051,2025-09-04,1,0.15,Cash on Delivery
O06516,C0087,P059,2024-12-05,1,0.0,EFT
O06517,C0054,P008,2026-05-03,1,0.1,EFT
O06518,C0380,P057,2026-02-15,5,0.15,PayFast
O06519,C0464,P061,2026-07-21,1,0.15,EFT
O06520,C0595,P047,2024-08-30,4,0.05,Card
O06521,C0006,P063,2024-11-27,2,0.0,EFT
O06522,C0990,P040,2024-11-10,2,0.0,PayFast
O06523,C0366,P064,2026-03-30,1,0.15,Cash on Delivery
O06524,C0848,P053,2024-10-10,1,0.25,Card
O06525,C0522,P044,2024-04-23,1,0.05,EFT
O06526,C0123,P071,2026-07-31,1,0.0,PayFast
O06527,C0803,P068,2024-02-14,1,0.1,Card
O06528,C0702,P045,2026-04-26,2,0.25,EFT
O06529,C0517,P076,2025-04-27,1,0.0,EFT
O06530,C0504,P025,2026-04-30,5,0.05,Card
O06531,C0087,P064,2025-10-12,1,0.05,Card
O06532,C0634,P051,2026-06-06,3,0.1,PayFast
O06533,C0910,P045,2026-06-20,2,0.15,Cash on Delivery
O06534,C0091,P043,2024-01-17,2,0.1,Card
O06535,C0259,P034,2024-05-06,3,0.1,PayFast
O06536,C0905,P011,2024-12-26,1,0.15,PayFast
O06537,C0283,P031,2026-01-06,1,0.05,Card
O06538,C0630,P041,2026-05-29,2,0.1,Card
O06539,C0522,P004,2025-07-24,3,0.0,EFT
O06540,C0583,P077,2025-11-21,2,0.05,Card
O06541,C0417,P068,2024-10-12,2,0.0,Card
O06542,C0298,P034,2026-04-07,1,0.0,Card
O06543,C0045,P045,2026-07-13,1,0.15,Card
O06544,C0736,P062,2025-01-15,2,0.05,EFT
O06545,C0740,P026,2025-08-23,2,0.05,Card
O06546,C0653,P025,2024-05-23,1,0.1,Card
O06547,C0621,P077,2025-10-15,1,0.25,EFT
O06548,C0249,P036,2025-08-30,3,0.0,Card
O06549,C0022,P027,2024-08-15,1,0.15,Card
O06550,C0811,P046,2025-07-08,1,0.15,Card
O06551,C0486,P033,2025-03-27,3,0.0,Card
O06552,C0307,P019,2025-09-15,1,0.05,PayFast
O06553,C0096,P058,2025-11-05,2,0.05,Card
O06554,C0061,P038,2024-01-16,4,0.05,EFT
O06555,C0346,P035,2026-03-10,2,0.25,PayFast
O06556,C0806,P051,2026-02-06,3,0.1,Card
O06557,C0918,P018,2025-04-28,4,0.0,Cash on Delivery
O06558,C0902,P061,2024-04-01,1,0.0,Card
O06559,C0918,P007,2026-03-06,2,0.1,Card
O06560,C0910,P009,2026-07-07,1,0.0,Card
O06561,C0517,P063,2024-12-14,1,0.05,EFT
O06562,C0220,P077,2025-03-16,1,0.05,PayFast
O06563,C0804,P034,2024-10-06,2,0.05,EFT
O06564,C0212,P061,2025-10-29,1,0.0,Card
O06565,C0265,P003,2024-08-29,1,0.0,Card
O06566,C0237,P042,2025-04-18,1,0.1,Card
O06567,C0504,P061,2026-01-26,2,0.0,Card
O06568,C0326,P045,2025-10-16,2,0.1,EFT
O06569,C0145,P053,2025-05-18,1,0.1,Card
O06570,C0459,P052,2025-06-18,3,0.05,Card
O06571,C0875,P061,2025-10-18,1,0.0,PayFast
O06572,C0559,P070,2024-01-11,2,0.0,Card
O06573,C0885,P024,2024-05-11,1,0.1,PayFast
O06574,C0188,P028,2026-05-24,2,0.0,EFT
O06575,C0155,P033,2024-05-10,1,0.1,EFT
O06576,C0563,P039,2026-02-01,4,0.0,Cash on Delivery
O06577,C0464,P027,2026-06-16,4,0.0,Card
O06578,C0638,P065,2025-01-18,1,0.0,EFT
O06579,C0799,P002,2025-05-02,2,0.0,Card
O06580,C0751,P052,2025-10-23,3,0.05,PayFast
O06581,C0943,P055,2026-05-25,1,0.05,PayFast
O06582,C0400,P068,2026-06-29,1,0.05,EFT
O06583,C0199,P057,2026-02-24,2,0.0,PayFast
O06584,C0540,P002,2024-05-23,1,0.05,Cash on Delivery
O06585,C0102,P060,2026-01-06,1,0.2,Card
O06586,C0287,P037,2025-06-09,2,0.0,Card
O06587,C0203,P034,2025-08-03,2,0.05,EFT
O06588,C0399,P002,2024-03-25,1,0.15,EFT
O06589,C0102,P065,2024-10-15,1,0.1,Card
O06590,C0030,P033,2026-03-29,1,0.2,Card
O06591,C0636,P067,2025-07-19,1,0.1,PayFast
O06592,C0595,P034,2025-02-21,5,0.15,EFT
O06593,C0701,P074,2025-05-15,4,0.25,EFT
O06594,C0638,P004,2026-05-08,1,0.0,EFT
O06595,C0106,P060,2026-03-02,2,0.05,Card
O06596,C0291,P044,2025-01-19,1,0.1,Cash on Delivery
O06597,C0122,P016,2024-07-08,2,0.0,PayFast
O06598,C0844,P005,2024-12-27,3,0.1,EFT
O06599,C0741,P052,2026-06-17,1,0.0,PayFast
O06600,C0191,P022,2025-11-02,4,0.05,PayFast
O06601,C0341,P046,2025-09-25,1,0.0,Card
O06602,C0965,P057,2025-11-13,2,0.05,PayFast
O06603,C0582,P036,2025-04-28,3,0.15,PayFast
O06604,C0804,P060,2026-04-09,1,0.0,Card
O06605,C0260,P078,2025-09-16,1,0.0,PayFast
O06606,C0203,P042,2024-07-07,1,0.0,Card
O06607,C0785,P069,2024-07-24,1,0.0,PayFast
O06608,C0671,P050,2025-09-27,4,0.0,PayFast
O06609,C0667,P039,2026-06-26,2,0.0,EFT
O06610,C0540,P073,2025-02-28,1,0.25,PayFast
O06611,C0551,P045,2026-05-17,1,0.0,Card
O06612,C0727,P067,2026-03-12,1,0.1,EFT
O06613,C0267,P058,2024-12-23,3,0.05,EFT
O06614,C0350,P020,2024-03-04,1,0.1,EFT
O06615,C0875,P042,2024-06-15,1,0.15,Card
O06616,C0311,P011,2026-02-16,2,0.05,PayFast
O06617,C0534,P025,2024-10-26,3,0.15,Card
O06618,C0697,P036,2025-05-03,3,0.05,PayFast
O06619,C1000,P013,2025-08-29,2,0.0,Card
O06620,C0439,P060,2026-02-14,2,0.1,Cash on Delivery
O06621,C0434,P011,2024-07-02,1,0.0,Card
O06622,C0844,P007,2025-06-06,4,0.0,Card
O06623,C0806,P043,2025-08-15,3,0.0,EFT
O06624,C0722,P050,2025-10-01,1,0.1,Card
O06625,C0464,P038,2026-04-16,2,0.0,Cash on Delivery
O06626,C0328,P042,2024-09-20,2,0.05,Card
O06627,C0594,P033,2026-04-09,1,0.1,Card
O06628,C0881,P043,2026-01-23,1,0.2,Card
O06629,C0889,P047,2025-10-13,1,0.05,EFT
O06630,C0102,P027,2026-01-27,1,0.0,EFT
O06631,C0434,P008,2025-06-11,2,0.1,EFT
O06632,C0465,P058,2024-08-06,1,0.0,Card
O06633,C0980,P058,2026-01-04,2,0.2,Card
O06634,C0664,P074,2025-09-17,3,0.05,PayFast
O06635,C0406,P016,2025-12-15,1,0.05,Card
O06636,C0024,P037,2025-03-31,2,0.15,Card
O06637,C0553,P077,2026-06-09,2,0.0,EFT
O06638,C0093,P037,2025-11-06,3,0.15,EFT
O06639,C0837,P037,2024-05-22,2,0.0,EFT
O06640,C0755,P054,2025-07-15,2,0.0,Cash on Delivery
O06641,C0462,P014,2026-03-07,1,0.0,EFT
O06642,C0434,P044,2026-04-01,3,0.1,EFT
O06643,C0902,P020,2025-08-23,1,0.05,Card
O06644,C0286,P004,2026-06-01,4,0.1,Card
O06645,C0251,P034,2025-01-14,2,0.1,Card
O06646,C0939,P016,2025-06-10,3,0.2,PayFast
O06647,C0812,P063,2026-06-04,1,0.05,Card
O06648,C0822,P009,2026-06-02,4,0.15,PayFast
O06649,C0186,P026,2026-01-18,1,0.05,PayFast
O06650,C0133,P007,2026-05-11,1,0.0,Card
O06651,C0024,P072,2024-05-27,1,0.0,Card
O06652,C0239,P044,2026-05-15,3,0.05,Card
O06653,C0777,P024,2025-03-13,4,0.05,EFT
O06654,C0244,P028,2024-09-29,1,0.1,PayFast
O06655,C0720,P062,2024-12-13,2,0.15,Card
O06656,C0252,P066,2025-06-16,1,0.15,EFT
O06657,C0398,P001,2024-12-26,1,0.15,EFT
O06658,C0986,P004,2025-03-13,2,0.1,Card
O06659,C0249,P026,2024-08-02,1,0.0,PayFast
O06660,C0383,P061,2025-02-15,2,0.1,Card
O06661,C0300,P075,2025-10-26,2,0.0,Card
O06662,C0102,P050,2025-07-08,3,0.1,EFT
O06663,C0485,P032,2025-04-08,3,0.1,Card
O06664,C0384,P068,2026-02-28,2,0.25,EFT
O06665,C0686,P065,2026-06-01,2,0.1,Card
O06666,C0822,P012,2026-03-07,1,0.05,Cash on Delivery
O06667,C0533,P026,2025-03-24,2,0.0,Card
O06668,C0031,P027,2026-02-27,1,0.0,Card
O06669,C0605,P005,2024-08-25,2,0.0,EFT
O06670,C0053,P031,2024-07-26,2,0.2,Card
O06671,C0603,P064,2025-04-07,2,0.0,Card
O06672,C0671,P031,2026-04-09,2,0.1,EFT
O06673,C0188,P009,2024-12-21,2,0.1,EFT
O06674,C0822,P037,2024-04-17,4,0.05,Card
O06675,C0910,P053,2024-07-28,3,0.05,Card
O06676,C0816,P035,2026-05-11,3,0.15,Cash on Delivery
O06677,C0303,P070,2025-12-11,1,0.05,Card
O06678,C0571,P038,2024-12-29,1,0.1,Card
O06679,C0913,P062,2025-10-12,1,0.1,Card
O06680,C0326,P036,2025-09-20,3,0.0,EFT
O06681,C0822,P025,2025-12-27,3,0.1,Cash on Delivery
O06682,C0009,P077,2024-12-05,3,0.05,Card
O06683,C0004,P042,2026-05-14,2,0.1,EFT
O06684,C0762,P057,2025-03-01,3,0.0,EFT
O06685,C0764,P022,2026-01-24,1,0.05,EFT
O06686,C0791,P040,2024-01-29,4,0.0,PayFast
O06687,C0930,P028,2025-05-04,5,0.05,Cash on Delivery
O06688,C0110,P032,2025-04-14,1,0.0,PayFast
O06689,C0234,P052,2025-10-03,1,0.0,EFT
O06690,C0906,P002,2024-05-02,4,0.1,Cash on Delivery
O06691,C0164,P075,2026-03-29,3,0.15,PayFast
O06692,C0670,P049,2024-11-17,1,0.2,Card
O06693,C0518,P054,2026-01-12,2,0.15,Card
O06694,C0084,P016,2026-04-06,2,0.05,PayFast
O06695,C0284,P074,2025-10-17,3,0.0,EFT
O06696,C0510,P018,2026-02-25,1,0.05,Card
O06697,C0851,P007,2026-01-01,1,0.0,EFT
O06698,C0701,P072,2025-04-17,3,0.0,Card
O06699,C0609,P009,2026-04-10,1,0.05,PayFast
O06700,C0494,P067,2025-02-13,4,0.05,Card
O06701,C0296,P034,2025-10-25,3,0.0,Card
O06702,C0111,P042,2026-02-28,2,0.05,Card
O06703,C0411,P048,2025-05-10,3,0.05,Card
O06704,C0027,P001,2025-02-22,1,0.05,Card
O06705,C0205,P017,2025-07-24,4,0.1,EFT
O06706,C0435,P055,2026-04-16,1,0.0,EFT
O06707,C0419,P028,2026-06-22,4,0.2,Card
O06708,C0041,P005,2025-10-04,1,0.0,PayFast
O06709,C0575,P046,2025-12-31,1,0.0,Card
O06710,C0538,P006,2026-06-07,1,0.0,PayFast
O06711,C0075,P066,2024-06-10,1,0.0,Cash on Delivery
O06712,C0943,P048,2024-12-04,1,0.0,Card
O06713,C0094,P074,2026-02-03,1,0.25,Card
O06714,C0855,P003,2026-04-19,3,0.05,EFT
O06715,C0001,P031,2026-05-10,1,0.15,EFT
O06716,C0888,P007,2025-06-14,2,0.1,PayFast
O06717,C0020,P024,2024-05-28,3,0.1,EFT
O06718,C0757,P061,2025-07-04,3,0.05,PayFast
O06719,C0361,P024,2024-12-03,3,0.1,EFT
O06720,C0732,P007,2025-02-09,3,0.0,Card
O06721,C0401,P013,2026-03-17,1,0.0,PayFast
O06722,C0067,P065,2024-05-06,2,0.0,PayFast
O06723,C0768,P006,2026-04-22,1,0.0,EFT
O06724,C0068,P068,2025-06-25,1,0.05,PayFast
O06725,C0921,P038,2025-11-13,2,0.1,Card
O06726,C0049,P077,2024-05-28,1,0.15,EFT
O06727,C0479,P024,2025-03-30,1,0.1,Card
O06728,C0716,P015,2024-05-28,3,0.0,PayFast
O06729,C0396,P065,2026-07-10,3,0.0,PayFast
O06730,C0217,P001,2026-04-09,2,0.05,PayFast
O06731,C0760,P047,2025-07-24,1,0.0,Card
O06732,C0785,P077,2024-11-24,3,0.15,PayFast
O06733,C0921,P014,2026-06-24,1,0.05,Card
O06734,C0383,P026,2025-04-06,3,0.0,PayFast
O06735,C0497,P031,2024-09-06,4,0.0,Card
O06736,C0365,P011,2025-10-18,2,0.05,Card
O06737,C0256,P012,2026-06-30,1,0.05,Card
O06738,C0751,P006,2024-01-07,1,0.0,Card
O06739,C0340,P053,2024-12-11,4,0.0,Card
O06740,C0434,P019,2026-06-27,1,0.0,Card
O06741,C0402,P054,2024-09-19,2,0.0,Card
O06742,C0707,P031,2024-07-02,1,0.15,Cash on Delivery
O06743,C0916,P019,2025-10-24,2,0.0,Card
O06744,C0646,P046,2026-05-13,4,0.15,PayFast
O06745,C0468,P056,2025-08-08,2,0.0,EFT
O06746,C0779,P041,2026-07-29,2,0.0,Card
O06747,C0621,P023,2026-01-13,1,0.05,PayFast
O06748,C0059,P059,2024-05-04,3,0.05,PayFast
O06749,C0093,P031,2026-07-28,1,0.1,EFT
O06750,C0038,P030,2025-06-07,3,0.2,Card
O06751,C0461,P048,2025-02-05,1,0.0,EFT
O06752,C0827,P041,2025-10-14,4,0.15,Card
O06753,C0317,P061,2025-02-23,3,0.15,EFT
O06754,C0388,P025,2024-05-23,1,0.0,EFT
O06755,C0910,P005,2024-01-03,1,0.0,EFT
O06756,C0839,P053,2025-07-15,2,0.1,EFT
O06757,C0642,P043,2026-04-27,2,0.05,Card
O06758,C0263,P005,2025-10-26,1,0.15,EFT
O06759,C0109,P009,2026-07-31,1,0.0,EFT
O06760,C0016,P041,2025-02-05,1,0.1,Card
O06761,C0101,P051,2025-01-29,3,0.1,Card
O06762,C0291,P054,2024-09-04,1,0.0,Card
O06763,C0540,P048,2024-09-10,2,0.0,Cash on Delivery
O06764,C0063,P007,2025-02-03,1,0.15,PayFast
O06765,C0129,P016,2026-03-31,1,0.25,Card
O06766,C0171,P058,2026-06-08,1,0.1,Card
O06767,C0613,P060,2026-07-18,1,0.25,Card
O06768,C0602,P008,2024-12-04,1,0.0,Cash on Delivery
O06769,C0540,P022,2026-05-24,2,0.1,PayFast
O06770,C0252,P028,2025-03-21,4,0.1,EFT
O06771,C0374,P061,2024-07-01,1,0.1,PayFast
O06772,C0094,P048,2026-05-18,1,0.0,Card
O06773,C0227,P057,2025-12-13,1,0.05,Card
O06774,C0902,P031,2024-09-11,4,0.1,Card
O06775,C0982,P009,2025-06-27,5,0.1,Cash on Delivery
O06776,C0624,P076,2025-02-05,1,0.05,Cash on Delivery
O06777,C0914,P025,2026-02-22,1,0.1,EFT
O06778,C0621,P028,2025-07-18,5,0.05,EFT
O06779,C0032,P004,2026-07-26,2,0.1,Card
O06780,C0998,P039,2024-04-04,1,0.05,Cash on Delivery
O06781,C0094,P038,2025-04-17,4,0.15,PayFast
O06782,C0670,P043,2025-08-12,2,0.2,Card
O06783,C0252,P003,2025-08-30,2,0.15,PayFast
O06784,C0395,P048,2025-03-08,1,0.0,Card
O06785,C0621,P002,2026-02-17,2,0.15,Card
O06786,C0442,P019,2026-05-21,2,0.1,EFT
O06787,C0252,P075,2026-06-27,2,0.0,Card
O06788,C0336,P017,2026-04-07,5,0.15,EFT
O06789,C0341,P009,2026-05-06,1,0.05,PayFast
O06790,C0957,P003,2025-10-08,2,0.0,EFT
O06791,C0804,P029,2026-04-21,1,0.0,EFT
O06792,C0461,P076,2025-02-23,1,0.05,PayFast
O06793,C0191,P009,2025-05-29,2,0.0,PayFast
O06794,C0813,P018,2025-03-09,2,0.05,Card
O06795,C0147,P004,2025-07-31,1,0.15,EFT
O06796,C0204,P068,2025-02-03,2,0.15,PayFast
O06797,C0368,P007,2026-07-10,1,0.1,EFT
O06798,C0886,P050,2025-03-04,2,0.15,Card
O06799,C0125,P073,2024-06-10,1,0.1,Cash on Delivery
O06800,C0113,P077,2025-09-19,4,0.0,Card
O06801,C0491,P063,2024-04-07,1,0.1,PayFast
O06802,C0276,P047,2024-06-28,1,0.1,EFT
O06803,C0558,P076,2024-11-19,3,0.0,Card
O06804,C0457,P016,2025-07-28,5,0.05,Card
O06805,C0439,P073,2025-06-30,4,0.1,Cash on Delivery
O06806,C0103,P068,2026-04-04,3,0.1,Card
O06807,C0133,P007,2026-02-24,2,0.0,EFT
O06808,C0822,P035,2025-06-24,3,0.1,Card
O06809,C0892,P061,2025-03-26,1,0.05,EFT
O06810,C0238,P015,2025-03-08,2,0.05,EFT
O06811,C0105,P037,2026-03-18,2,0.1,Card
O06812,C0053,P043,2024-03-30,2,0.0,EFT
O06813,C0594,P048,2024-01-24,1,0.05,EFT
O06814,C0710,P016,2026-04-01,1,0.0,Card
O06815,C0377,P011,2025-08-08,2,0.0,Card
O06816,C0666,P033,2024-07-27,1,0.05,Card
O06817,C0707,P063,2024-12-08,1,0.0,Card
O06818,C0935,P075,2026-06-24,2,0.0,Card
O06819,C0063,P005,2026-05-11,1,0.0,Cash on Delivery
O06820,C0184,P062,2026-02-03,2,0.0,EFT
O06821,C0065,P068,2025-08-13,1,0.1,Cash on Delivery
O06822,C0871,P062,2025-09-14,1,0.0,PayFast
O06823,C0795,P023,2026-07-18,1,0.0,Card
O06824,C0562,P036,2026-07-12,3,0.2,Card
O06825,C0085,P065,2024-11-14,1,0.0,Card
O06826,C0272,P076,2026-04-11,3,0.05,Card
O06827,C0296,P048,2024-10-23,1,0.0,PayFast
O06828,C0547,P017,2024-11-12,1,0.0,Card
O06829,C0257,P059,2026-01-11,2,0.0,PayFast
O06830,C0070,P032,2025-06-04,2,0.0,Cash on Delivery
O06831,C0722,P057,2026-06-23,1,0.1,EFT
O06832,C0297,P041,2024-05-27,1,0.05,EFT
O06833,C0458,P062,2025-09-06,3,0.05,EFT
O06834,C0118,P027,2026-06-15,1,0.0,Card
O06835,C0804,P039,2026-06-07,2,0.0,Card
O06836,C0553,P010,2024-08-31,1,0.0,Card
O06837,C0904,P076,2025-04-28,1,0.25,Card
O06838,C0493,P035,2025-11-30,2,0.1,Card
O06839,C0943,P076,2024-09-04,2,0.05,EFT
O06840,C0898,P054,2026-07-14,1,0.1,Card
O06841,C0563,P074,2026-06-13,1,0.05,PayFast
O06842,C0934,P059,2024-09-14,5,0.15,EFT
O06843,C0328,P042,2024-07-13,1,0.05,Card
O06844,C0367,P075,2024-05-22,2,0.0,PayFast
O06845,C0041,P008,2026-06-10,3,0.0,Card
O06846,C0575,P063,2024-10-18,3,0.05,Card
O06847,C0715,P025,2025-06-15,1,0.15,Card
O06848,C0776,P001,2025-07-14,1,0.05,Card
O06849,C0139,P070,2025-11-15,3,0.1,EFT
O06850,C0450,P015,2024-05-01,1,0.0,PayFast
O06851,C0163,P076,2024-11-28,1,0.05,PayFast
O06852,C0640,P027,2026-06-23,2,0.1,PayFast
O06853,C0148,P010,2026-06-10,1,0.0,EFT
O06854,C0907,P025,2026-03-23,1,0.05,Card
O06855,C0233,P012,2024-02-04,3,0.15,Card
O06856,C0291,P021,2025-03-19,1,0.0,PayFast
O06857,C0851,P042,2025-12-07,1,0.25,Card
O06858,C0461,P023,2025-01-23,4,0.15,Card
O06859,C0022,P033,2026-06-10,3,0.1,EFT
O06860,C0491,P019,2025-12-11,2,0.05,Card
O06861,C0086,P011,2024-05-01,3,0.0,Card
O06862,C0988,P036,2026-06-10,1,0.2,PayFast
O06863,C0574,P044,2026-07-08,3,0.0,EFT
O06864,C0256,P007,2024-05-10,1,0.1,Card
O06865,C0551,P074,2025-09-24,2,0.25,Card
O06866,C0074,P074,2025-02-22,5,0.05,Card
O06867,C0804,P044,2025-05-24,1,0.0,Cash on Delivery
O06868,C0924,P011,2024-09-30,2,0.0,Card
O06869,C0876,P038,2025-10-30,2,0.05,Card
O06870,C0341,P050,2026-07-08,2,0.2,Card
O06871,C0329,P033,2025-08-30,2,0.0,Cash on Delivery
O06872,C0035,P043,2024-05-18,1,0.0,EFT
O06873,C0628,P056,2025-12-01,1,0.1,Card
O06874,C0522,P067,2025-04-02,1,0.2,PayFast
O06875,C0461,P009,2026-05-09,1,0.05,Cash on Delivery
O06876,C0910,P041,2025-07-02,2,0.05,EFT
O06877,C0155,P048,2024-10-17,2,0.05,EFT
O06878,C0009,P043,2024-10-15,1,0.15,EFT
O06879,C0071,P022,2026-03-15,1,0.05,Card
O06880,C0224,P014,2025-01-12,2,0.0,EFT
O06881,C0032,P078,2026-03-14,1,0.0,Card
O06882,C0496,P001,2024-11-02,3,0.0,EFT
O06883,C0318,P047,2025-03-14,2,0.05,EFT
O06884,C0169,P025,2025-07-29,2,0.0,Card
O06885,C0747,P042,2026-06-30,1,0.2,PayFast
O06886,C0197,P004,2026-06-23,1,0.0,Card
O06887,C0674,P007,2024-11-04,2,0.05,Card
O06888,C0346,P040,2025-04-20,1,0.25,EFT
O06889,C0504,P067,2024-08-21,1,0.05,Card
O06890,C0934,P010,2025-09-05,2,0.0,Card
O06891,C0038,P077,2025-07-25,1,0.1,EFT
O06892,C0496,P042,2026-06-05,4,0.2,PayFast
O06893,C0854,P040,2026-06-22,4,0.1,EFT
O06894,C0574,P041,2025-05-15,1,0.0,Card
O06895,C0277,P004,2025-08-21,3,0.0,Card
O06896,C0399,P041,2026-06-02,3,0.0,Card
O06897,C0667,P069,2026-04-09,3,0.15,Card
O06898,C0894,P024,2024-01-07,2,0.2,PayFast
O06899,C0040,P017,2025-03-12,1,0.1,Cash on Delivery
O06900,C0068,P033,2025-06-20,1,0.2,EFT
O06901,C0329,P011,2024-12-01,2,0.25,Card
O06902,C0236,P018,2024-10-26,1,0.2,PayFast
O06903,C0260,P033,2024-03-07,1,0.05,Card
O06904,C0221,P006,2025-12-18,3,0.05,Card
O06905,C0188,P018,2025-01-08,2,0.1,EFT
O06906,C0124,P076,2024-03-31,3,0.05,Cash on Delivery
O06907,C0934,P055,2024-12-03,2,0.2,Card
O06908,C0134,P070,2026-04-05,2,0.15,EFT
O06909,C0197,P018,2026-05-06,1,0.05,Card
O06910,C0250,P038,2025-08-13,3,0.0,Card
O06911,C0932,P028,2025-06-15,2,0.15,Card
O06912,C0756,P010,2026-07-19,1,0.1,PayFast
O06913,C0791,P077,2024-10-27,2,0.05,PayFast
O06914,C0100,P037,2024-11-14,3,0.15,Card
O06915,C0839,P036,2025-02-10,1,0.0,PayFast
O06916,C0409,P056,2024-09-21,2,0.1,EFT
O06917,C0259,P027,2025-05-11,2,0.05,PayFast
O06918,C0563,P030,2026-06-11,2,0.0,Card
O06919,C0822,P072,2025-11-28,2,0.15,Card
O06920,C0779,P066,2025-06-11,2,0.2,EFT
O06921,C0893,P022,2026-06-25,3,0.05,EFT
O06922,C0930,P067,2024-03-24,1,0.15,Cash on Delivery
O06923,C0241,P006,2024-11-08,1,0.1,Card
O06924,C0428,P059,2025-10-21,3,0.0,EFT
O06925,C0015,P078,2025-11-28,1,0.0,PayFast
O06926,C0885,P055,2024-03-10,2,0.05,EFT
O06927,C0145,P025,2025-06-02,1,0.0,EFT
O06928,C0863,P008,2025-12-23,1,0.15,PayFast
O06929,C0332,P001,2026-01-26,2,0.05,Cash on Delivery
O06930,C0369,P071,2025-12-15,4,0.2,EFT
O06931,C0040,P074,2025-03-13,2,0.1,Card
O06932,C0329,P045,2024-06-03,2,0.05,Cash on Delivery
O06933,C0893,P054,2025-06-25,1,0.0,EFT
O06934,C0023,P002,2024-07-24,3,0.2,Card
O06935,C0404,P033,2026-07-02,2,0.1,Card
O06936,C0030,P022,2025-08-07,1,0.05,Card
O06937,C0374,P013,2025-03-09,1,0.15,Card
O06938,C0160,P005,2026-03-13,2,0.1,Card
O06939,C0252,P013,2025-08-26,2,0.0,EFT
O06940,C0884,P015,2025-03-02,4,0.1,PayFast
O06941,C0441,P004,2026-04-12,2,0.05,Card
O06942,C0274,P030,2026-05-16,5,0.15,Card
O06943,C0575,P052,2026-01-09,3,0.1,Card
O06944,C0133,P043,2024-03-22,2,0.0,EFT
O06945,C0258,P064,2025-10-21,3,0.2,Card
O06946,C0534,P034,2026-03-11,1,0.15,EFT
O06947,C0241,P065,2024-08-04,3,0.05,PayFast
O06948,C0666,P006,2024-11-30,5,0.0,PayFast
O06949,C0486,P023,2026-05-25,1,0.15,Card
O06950,C0775,P067,2024-02-05,1,0.0,Cash on Delivery
O06951,C0946,P068,2026-03-04,3,0.1,EFT
O06952,C0108,P030,2025-08-05,1,0.15,EFT
O06953,C0336,P041,2025-07-13,3,0.2,Card
O06954,C0323,P021,2024-01-13,1,0.0,EFT
O06955,C0142,P032,2026-04-17,3,0.05,PayFast
O06956,C0813,P010,2025-04-22,1,0.1,PayFast
O06957,C0762,P031,2025-09-30,5,0.0,Card
O06958,C0483,P069,2026-01-12,2,0.0,Card
O06959,C0528,P056,2026-01-30,2,0.0,PayFast
O06960,C0056,P034,2026-07-07,2,0.0,Card
O06961,C0543,P069,2025-09-23,1,0.15,Card
O06962,C0794,P054,2025-05-30,1,0.2,Cash on Delivery
O06963,C0562,P005,2026-07-06,4,0.0,EFT
O06964,C0261,P039,2025-12-17,1,0.0,EFT
O06965,C0647,P058,2025-02-17,1,0.05,PayFast
O06966,C0361,P009,2024-07-21,1,0.05,EFT
O06967,C0534,P025,2026-05-01,1,0.0,EFT
O06968,C0484,P074,2025-04-24,2,0.2,Card
O06969,C0387,P017,2025-12-31,4,0.0,EFT
O06970,C0713,P064,2025-08-03,1,0.1,Card
O06971,C0890,P017,2024-10-25,1,0.05,Card
O06972,C0004,P006,2025-11-17,3,0.0,Card
O06973,C0934,P009,2024-04-13,1,0.0,Card
O06974,C0504,P031,2025-06-12,1,0.0,Cash on Delivery
O06975,C0697,P074,2025-10-05,1,0.0,EFT
O06976,C0858,P019,2025-07-03,2,0.0,Card
O06977,C0465,P046,2026-03-02,1,0.15,EFT
O06978,C0838,P017,2026-04-22,2,0.05,Cash on Delivery
O06979,C0165,P010,2026-03-17,2,0.15,EFT
O06980,C0148,P072,2024-03-08,4,0.05,Cash on Delivery
O06981,C0636,P059,2024-10-19,2,0.05,Card
O06982,C0871,P048,2025-09-27,3,0.0,EFT
O06983,C0898,P010,2026-06-25,1,0.0,EFT
O06984,C0621,P069,2026-04-26,5,0.0,EFT
O06985,C0517,P021,2026-05-01,1,0.05,Card
O06986,C0333,P036,2025-02-22,1,0.05,Card
O06987,C0982,P065,2025-06-27,1,0.05,PayFast
O06988,C0324,P059,2025-08-03,3,0.0,Card
O06989,C0736,P072,2024-09-01,3,0.0,PayFast
O06990,C0520,P075,2024-02-24,2,0.1,Cash on Delivery
O06991,C0594,P006,2026-07-02,1,0.1,Card
O06992,C0396,P063,2024-12-14,3,0.05,EFT
O06993,C0962,P073,2024-12-13,1,0.25,EFT
O06994,C0560,P031,2024-05-19,2,0.1,Card
O06995,C0938,P036,2026-06-21,3,0.1,Cash on Delivery
O06996,C0007,P075,2025-10-31,1,0.0,EFT
O06997,C0560,P033,2026-01-04,1,0.05,EFT
O06998,C0711,P054,2026-06-11,3,0.0,PayFast
O06999,C0737,P060,2025-04-07,4,0.0,Card
O07000,C0907,P059,2025-12-02,2,0.0,Card
O07001,C0004,P045,2024-03-08,1,0.1,Cash on Delivery
O07002,C0001,P029,2024-10-10,2,0.0,PayFast
O07003,C0471,P005,2026-04-24,2,0.2,EFT
O07004,C0028,P076,2026-03-14,2,0.05,EFT
O07005,C0977,P065,2025-04-12,3,0.05,PayFast
O07006,C0221,P022,2025-05-08,2,0.15,Card
O07007,C0472,P014,2025-09-25,3,0.0,Card
O07008,C0059,P018,2024-01-01,2,0.0,Card
O07009,C0513,P040,2024-12-15,2,0.25,PayFast
O07010,C0386,P023,2024-11-05,1,0.0,Card
O07011,C0041,P063,2024-12-26,2,0.0,PayFast
O07012,C0337,P013,2026-04-08,4,0.0,EFT
O07013,C0395,P040,2025-01-28,2,0.05,Card
O07014,C0990,P054,2024-10-16,1,0.0,PayFast
O07015,C0203,P017,2025-08-31,3,0.0,PayFast
O07016,C0534,P064,2026-05-15,1,0.0,EFT
O07017,C0989,P061,2024-12-15,1,0.15,PayFast
O07018,C0794,P065,2024-05-11,2,0.1,Card
O07019,C0998,P021,2025-04-18,1,0.1,EFT
O07020,C0967,P038,2026-03-01,1,0.1,EFT
O07021,C0485,P018,2025-10-08,1,0.05,Card
O07022,C0691,P068,2026-04-15,2,0.1,EFT
O07023,C0102,P033,2026-07-09,2,0.15,Card
O07024,C0448,P028,2026-03-31,2,0.0,Cash on Delivery
O07025,C0812,P030,2025-11-19,2,0.0,EFT
O07026,C0497,P077,2025-08-22,3,0.05,EFT
O07027,C0697,P019,2024-03-10,1,0.15,Card
O07028,C0740,P060,2026-07-23,1,0.15,Card
O07029,C0252,P025,2025-05-15,1,0.05,Cash on Delivery
O07030,C0880,P037,2024-08-25,1,0.0,PayFast
O07031,C0462,P046,2026-01-04,2,0.15,Card
O07032,C0203,P016,2025-02-02,1,0.05,Card
O07033,C0868,P061,2025-11-05,1,0.0,Card
O07034,C0419,P059,2025-11-06,1,0.1,Card
O07035,C0749,P049,2025-07-12,3,0.05,Card
O07036,C0538,P043,2026-04-27,1,0.0,Card
O07037,C0387,P020,2025-01-11,1,0.0,Card
O07038,C0813,P014,2025-07-14,2,0.0,PayFast
O07039,C0568,P004,2025-09-28,2,0.0,Card
O07040,C0394,P014,2026-01-02,1,0.05,EFT
O07041,C0102,P007,2026-03-25,3,0.05,Card
O07042,C0900,P010,2025-05-26,5,0.0,Card
O07043,C0035,P055,2025-12-20,3,0.05,PayFast
O07044,C0864,P032,2024-08-23,2,0.05,Card
O07045,C0361,P034,2026-06-24,2,0.0,Card
O07046,C0617,P016,2025-05-14,3,0.0,EFT
O07047,C0921,P074,2026-02-17,2,0.0,Cash on Delivery
O07048,C0142,P053,2024-02-06,3,0.0,Card
O07049,C0555,P043,2024-11-02,1,0.05,Cash on Delivery
O07050,C0766,P041,2025-08-17,2,0.0,EFT
O07051,C0756,P048,2026-05-23,1,0.0,PayFast
O07052,C0517,P075,2025-09-19,3,0.1,PayFast
O07053,C0611,P024,2026-06-22,3,0.0,Card
O07054,C0756,P048,2025-08-14,2,0.15,EFT
O07055,C0842,P027,2025-08-20,4,0.1,EFT
O07056,C0764,P022,2024-07-11,2,0.0,Card
O07057,C0351,P064,2026-04-06,1,0.15,Cash on Delivery
O07058,C0998,P066,2024-12-22,1,0.1,PayFast
O07059,C0439,P058,2026-06-04,3,0.05,Cash on Delivery
O07060,C0023,P038,2026-06-11,4,0.05,Card
O07061,C0364,P061,2026-06-30,2,0.05,Card
O07062,C0118,P036,2025-09-14,2,0.0,EFT
O07063,C0113,P005,2026-01-12,1,0.0,Card
O07064,C0282,P056,2026-03-21,1,0.05,PayFast
O07065,C0053,P018,2024-07-27,1,0.05,Card
O07066,C0678,P059,2025-11-17,1,0.05,Card
O07067,C0072,P060,2024-03-01,2,0.1,PayFast
O07068,C0195,P072,2025-08-26,1,0.1,Card
O07069,C0091,P049,2024-08-29,1,0.0,Card
O07070,C0061,P033,2024-10-05,1,0.0,Card
O07071,C0265,P046,2025-04-27,2,0.1,Card
O07072,C0560,P056,2025-06-30,1,0.15,EFT
O07073,C0961,P029,2025-12-03,1,0.1,Card
O07074,C0880,P004,2024-05-05,1,0.0,PayFast
O07075,C0881,P047,2025-08-31,2,0.15,Card
O07076,C0161,P062,2024-10-04,1,0.0,Card
O07077,C0260,P008,2025-10-27,1,0.05,EFT
O07078,C0074,P030,2025-12-14,2,0.25,Cash on Delivery
O07079,C0779,P039,2025-10-13,1,0.1,EFT
O07080,C0065,P068,2026-02-23,1,0.0,Card
O07081,C0543,P072,2025-03-28,2,0.0,PayFast
O07082,C0251,P055,2026-03-13,1,0.15,EFT
O07083,C0249,P034,2025-06-30,2,0.1,Card
O07084,C0993,P040,2025-08-14,2,0.1,Card
O07085,C0756,P046,2025-12-22,3,0.1,PayFast
O07086,C0839,P023,2024-02-02,1,0.0,Card
O07087,C0560,P037,2025-12-26,2,0.15,PayFast
O07088,C0873,P057,2025-11-30,2,0.05,Card
O07089,C0621,P019,2025-03-01,4,0.0,Card
O07090,C0945,P028,2024-05-22,2,0.0,PayFast
O07091,C0282,P017,2024-05-30,2,0.0,Card
O07092,C0583,P035,2026-06-18,2,0.1,Card
O07093,C0679,P006,2026-01-20,1,0.2,Card
O07094,C0396,P047,2024-07-22,1,0.0,Card
O07095,C0886,P065,2025-04-19,1,0.0,Card
O07096,C0982,P001,2025-11-10,4,0.1,PayFast
O07097,C0491,P069,2026-04-27,2,0.0,EFT
O07098,C0394,P038,2024-03-16,2,0.0,Card
O07099,C0469,P068,2024-12-10,5,0.2,Card
O07100,C0852,P054,2026-05-30,2,0.1,Card
O07101,C0621,P027,2024-01-17,1,0.0,PayFast
O07102,C0041,P030,2024-10-28,3,0.25,EFT
O07103,C0531,P018,2026-07-09,2,0.05,Card
O07104,C0017,P054,2025-11-26,3,0.05,Card
O07105,C0779,P045,2025-01-07,1,0.0,Card
O07106,C0331,P063,2024-04-23,1,0.0,Card
O07107,C0469,P033,2024-02-19,4,0.1,Card
O07108,C0804,P073,2024-12-19,2,0.05,Cash on Delivery
O07109,C0041,P044,2026-05-25,1,0.05,Card
O07110,C0148,P046,2025-06-14,2,0.0,Card
O07111,C0400,P024,2026-02-11,1,0.05,Card
O07112,C0233,P072,2026-06-15,2,0.0,PayFast
O07113,C0338,P047,2025-06-07,1,0.1,PayFast
O07114,C1000,P060,2024-10-15,1,0.15,Card
O07115,C0827,P017,2025-09-11,2,0.25,PayFast
O07116,C0890,P036,2026-06-09,4,0.1,EFT
O07117,C0938,P007,2026-04-07,3,0.1,EFT
O07118,C0341,P059,2024-04-21,2,0.25,EFT
O07119,C0296,P004,2026-01-23,2,0.05,Cash on Delivery
O07120,C0237,P001,2025-10-25,2,0.05,Card
O07121,C0834,P072,2026-06-09,2,0.05,PayFast
O07122,C0666,P016,2024-07-15,2,0.15,PayFast
O07123,C0239,P045,2025-09-25,1,0.05,EFT
O07124,C0384,P042,2026-05-23,2,0.1,Card
O07125,C0497,P027,2025-06-09,1,0.0,EFT
O07126,C0517,P067,2025-08-12,2,0.2,Card
O07127,C0893,P047,2024-04-29,1,0.1,Card
O07128,C0387,P026,2025-01-26,1,0.2,EFT
O07129,C0910,P008,2025-03-17,3,0.15,PayFast
O07130,C0448,P037,2026-07-01,4,0.05,Card
O07131,C0741,P036,2025-01-31,1,0.0,Card
O07132,C0930,P057,2025-07-25,2,0.05,EFT
O07133,C0910,P045,2026-01-08,2,0.1,Card
O07134,C0054,P070,2024-09-08,1,0.25,EFT
O07135,C0199,P074,2025-08-16,3,0.0,Card
O07136,C0476,P057,2026-02-23,1,0.0,Card
O07137,C0435,P038,2026-05-16,2,0.0,Card
O07138,C0621,P055,2025-12-06,4,0.0,PayFast
O07139,C0944,P037,2026-01-06,3,0.0,Card
O07140,C0103,P029,2024-07-21,2,0.0,EFT
O07141,C0457,P006,2026-07-01,2,0.1,PayFast
O07142,C0184,P019,2024-07-29,1,0.15,Card
O07143,C0900,P025,2026-03-19,4,0.1,Card
O07144,C0961,P074,2025-01-11,4,0.0,Cash on Delivery
O07145,C0479,P049,2026-06-24,1,0.25,Card
O07146,C0099,P072,2026-02-10,2,0.1,EFT
O07147,C0787,P047,2026-03-05,2,0.05,EFT
O07148,C0692,P012,2024-11-19,1,0.1,PayFast
O07149,C0351,P059,2025-07-09,2,0.25,Card
O07150,C0893,P012,2025-11-29,2,0.1,EFT
O07151,C0978,P058,2026-03-16,2,0.15,Card
O07152,C0544,P061,2024-06-18,1,0.25,Card
O07153,C0553,P028,2026-07-11,3,0.0,Cash on Delivery
O07154,C0296,P046,2026-05-30,2,0.05,PayFast
O07155,C0568,P034,2025-01-17,5,0.25,Card
O07156,C0446,P002,2026-04-19,1,0.0,Card
O07157,C0300,P076,2025-09-12,1,0.0,PayFast
O07158,C0065,P058,2025-07-26,1,0.1,Card
O07159,C0252,P056,2025-03-06,3,0.2,Card
O07160,C0188,P007,2025-11-01,3,0.1,PayFast
O07161,C0531,P029,2026-02-17,2,0.2,Card
O07162,C0588,P027,2025-06-10,4,0.1,Card
O07163,C0594,P047,2025-12-08,1,0.05,Card
O07164,C0393,P010,2026-01-27,1,0.0,Card
O07165,C0426,P044,2026-02-04,2,0.05,EFT
O07166,C0837,P076,2024-03-30,1,0.0,Cash on Delivery
O07167,C0476,P024,2026-05-11,1,0.05,Card
O07168,C0989,P075,2025-07-23,2,0.1,Card
O07169,C0446,P043,2025-01-08,4,0.15,Card
O07170,C0626,P078,2024-12-16,1,0.2,Card
O07171,C0049,P035,2025-08-13,1,0.2,Card
O07172,C0630,P052,2026-05-28,1,0.0,EFT
O07173,C0851,P042,2025-05-10,1,0.2,Card
O07174,C0943,P078,2026-03-02,5,0.05,Cash on Delivery
O07175,C1000,P057,2024-06-08,3,0.0,EFT
O07176,C0282,P006,2025-08-07,1,0.0,Card
O07177,C0562,P049,2026-07-27,1,0.0,Card
O07178,C0455,P057,2026-03-16,1,0.0,Card
O07179,C0551,P076,2024-11-08,1,0.15,EFT
O07180,C0147,P040,2025-08-29,3,0.0,Card
O07181,C0859,P057,2024-12-06,1,0.1,PayFast
O07182,C0910,P049,2025-06-09,1,0.2,EFT
O07183,C0455,P024,2026-03-22,3,0.2,PayFast
O07184,C0282,P063,2026-03-17,3,0.15,Cash on Delivery
O07185,C0133,P033,2024-11-29,5,0.15,Card
O07186,C0671,P016,2026-06-18,2,0.0,EFT
O07187,C0317,P064,2025-11-10,1,0.0,EFT
O07188,C0910,P047,2025-05-11,3,0.1,Card
O07189,C0654,P078,2025-08-29,2,0.05,Card
O07190,C0621,P034,2025-11-20,2,0.0,EFT
O07191,C0547,P018,2025-10-16,1,0.0,PayFast
O07192,C0041,P068,2025-08-16,3,0.15,Card
O07193,C0930,P041,2025-09-01,2,0.0,EFT
O07194,C0613,P016,2024-09-26,1,0.25,EFT
O07195,C0998,P001,2026-04-12,1,0.0,EFT
O07196,C0528,P045,2025-10-01,1,0.2,EFT
O07197,C0702,P047,2024-07-27,3,0.1,Card
O07198,C0053,P060,2026-03-13,2,0.05,Card
O07199,C0613,P041,2026-06-24,1,0.05,Card
O07200,C0766,P011,2026-07-02,3,0.05,PayFast
O07201,C0779,P040,2025-05-01,1,0.1,EFT
O07202,C0774,P058,2024-08-02,3,0.05,Card
O07203,C0227,P061,2025-09-12,2,0.05,PayFast
O07204,C0978,P062,2024-07-01,5,0.0,Card
O07205,C0998,P002,2026-06-24,2,0.1,Card
O07206,C0073,P018,2024-10-05,2,0.0,PayFast
O07207,C0936,P024,2024-12-28,1,0.05,Card
O07208,C0290,P069,2025-06-06,2,0.05,EFT
O07209,C0678,P065,2025-05-14,2,0.0,Card
O07210,C0338,P036,2026-04-01,1,0.0,Card
O07211,C0966,P071,2025-07-21,1,0.0,PayFast
O07212,C0096,P022,2024-09-19,2,0.05,Cash on Delivery
O07213,C0494,P030,2025-01-14,2,0.05,EFT
O07214,C0434,P005,2025-09-04,1,0.15,Card
O07215,C0329,P054,2024-08-19,3,0.05,EFT
O07216,C0621,P032,2025-11-25,1,0.15,Card
O07217,C0124,P008,2025-10-20,1,0.05,Card
O07218,C0711,P073,2026-02-07,3,0.0,PayFast
O07219,C0983,P011,2026-06-27,1,0.0,PayFast
O07220,C0806,P034,2026-06-12,2,0.05,Card
O07221,C0862,P069,2026-07-01,1,0.05,Card
O07222,C0358,P018,2024-12-19,2,0.05,EFT
O07223,C0329,P014,2024-07-28,1,0.0,Card
O07224,C0508,P059,2025-02-21,4,0.0,Cash on Delivery
O07225,C0041,P067,2026-06-02,1,0.0,EFT
O07226,C0944,P074,2026-07-16,3,0.0,EFT
O07227,C0133,P012,2026-05-11,2,0.0,PayFast
O07228,C0906,P055,2024-06-27,4,0.05,PayFast
O07229,C0085,P027,2026-07-02,3,0.05,PayFast
O07230,C0825,P046,2025-06-21,2,0.1,Card
O07231,C0142,P033,2024-01-17,1,0.1,PayFast
O07232,C0039,P042,2025-07-09,4,0.05,Card
O07233,C0714,P016,2024-03-20,2,0.1,PayFast
O07234,C0282,P056,2025-10-03,1,0.15,PayFast
O07235,C0708,P040,2025-03-31,2,0.05,PayFast
O07236,C0542,P076,2025-08-05,1,0.15,EFT
O07237,C0102,P069,2025-11-26,1,0.05,PayFast
O07238,C0930,P015,2026-05-17,2,0.05,Card
O07239,C0458,P062,2026-01-01,2,0.15,PayFast
O07240,C0726,P007,2025-07-01,1,0.15,Card
O07241,C0496,P064,2026-04-17,3,0.1,Card
O07242,C0591,P041,2026-06-08,3,0.1,PayFast
O07243,C0300,P002,2024-07-11,1,0.2,EFT
O07244,C0191,P013,2025-09-23,4,0.0,PayFast
O07245,C0531,P047,2025-02-02,2,0.05,EFT
O07246,C0447,P046,2024-03-22,2,0.05,PayFast
O07247,C0394,P035,2026-01-06,1,0.0,Card
O07248,C0656,P051,2026-05-13,1,0.05,EFT
O07249,C0679,P031,2024-09-09,2,0.25,Card
O07250,C0041,P067,2026-04-12,1,0.0,Card
O07251,C0339,P017,2026-05-08,1,0.1,Card
O07252,C0412,P036,2026-06-13,1,0.0,EFT
O07253,C0094,P041,2025-01-12,4,0.05,EFT
O07254,C0238,P037,2026-06-07,1,0.0,Card
O07255,C0049,P019,2025-03-13,3,0.05,Card
O07256,C0998,P045,2025-10-10,1,0.0,Card
O07257,C0729,P077,2024-03-28,1,0.15,PayFast
O07258,C0087,P066,2024-03-17,1,0.05,PayFast
O07259,C0020,P073,2026-02-11,2,0.05,Card
O07260,C0713,P035,2025-07-11,1,0.2,Card
O07261,C0446,P004,2025-01-01,4,0.0,EFT
O07262,C0788,P072,2024-10-14,1,0.1,Cash on Delivery
O07263,C0923,P031,2026-01-07,4,0.0,PayFast
O07264,C0587,P061,2024-01-01,2,0.0,Card
O07265,C0178,P044,2026-04-08,1,0.05,Card
O07266,C0783,P057,2024-05-12,1,0.2,Card
O07267,C0952,P040,2024-10-16,2,0.0,EFT
O07268,C0566,P013,2025-05-17,1,0.05,Card
O07269,C0670,P044,2025-08-15,3,0.0,Card
O07270,C0337,P074,2025-04-17,2,0.0,Card
O07271,C0387,P060,2025-03-13,2,0.15,PayFast
O07272,C0726,P045,2026-07-11,1,0.1,Card
O07273,C0927,P033,2025-12-17,3,0.0,Card
O07274,C0613,P007,2024-02-11,1,0.05,PayFast
O07275,C0791,P070,2025-06-28,5,0.1,Card
O07276,C0160,P024,2026-05-21,3,0.15,EFT
O07277,C0205,P028,2025-02-20,2,0.15,Card
O07278,C0520,P017,2024-06-04,2,0.1,Card
O07279,C0163,P058,2026-03-08,4,0.1,Card
O07280,C0616,P057,2025-11-21,1,0.0,EFT
O07281,C0291,P047,2025-10-24,1,0.1,Card
O07282,C0794,P037,2024-04-02,3,0.0,Cash on Delivery
O07283,C0808,P054,2024-08-09,4,0.0,Card
O07284,C0464,P051,2025-12-03,3,0.1,Card
O07285,C0171,P012,2024-11-05,1,0.1,PayFast
O07286,C0623,P025,2025-08-31,1,0.15,Card
O07287,C0997,P038,2025-10-04,1,0.15,Cash on Delivery
O07288,C0610,P073,2025-02-01,3,0.05,Card
O07289,C0037,P019,2026-07-03,1,0.1,PayFast
O07290,C0017,P001,2026-05-01,2,0.05,Card
O07291,C0325,P057,2026-02-12,1,0.05,Card
O07292,C0188,P060,2024-05-10,2,0.15,EFT
O07293,C0816,P058,2024-06-22,4,0.0,EFT
O07294,C0846,P008,2025-08-22,2,0.0,EFT
O07295,C0258,P048,2024-09-06,1,0.0,EFT
O07296,C0329,P008,2026-07-19,2,0.0,PayFast
O07297,C0239,P044,2024-09-03,2,0.15,EFT
O07298,C0910,P061,2025-08-17,4,0.15,Card
O07299,C0496,P048,2025-04-26,2,0.0,Card
O07300,C0634,P040,2025-12-15,4,0.1,Card
O07301,C0417,P036,2024-07-24,3,0.1,Card
O07302,C0613,P037,2025-06-28,3,0.05,Cash on Delivery
O07303,C0391,P053,2025-01-22,3,0.05,PayFast
O07304,C0340,P009,2026-05-28,1,0.1,Cash on Delivery
O07305,C0616,P043,2024-03-11,1,0.0,Card
O07306,C0577,P009,2026-06-13,3,0.05,Card
O07307,C0291,P064,2026-04-25,1,0.1,Card
O07308,C0138,P073,2025-02-16,1,0.05,Card
O07309,C0371,P053,2026-03-28,1,0.1,EFT
O07310,C0417,P030,2024-02-24,2,0.05,Card
O07311,C0613,P024,2026-07-13,2,0.05,Card
O07312,C0912,P033,2025-09-19,2,0.0,EFT
O07313,C0038,P024,2025-02-22,5,0.0,Card
O07314,C0249,P034,2025-04-24,1,0.05,EFT
O07315,C0184,P048,2024-04-22,3,0.0,EFT
O07316,C0496,P030,2026-07-26,2,0.05,Card
O07317,C0434,P037,2024-03-09,1,0.05,Card
O07318,C0720,P024,2025-12-27,2,0.05,EFT
O07319,C0248,P029,2025-07-09,3,0.0,EFT
O07320,C0583,P019,2026-07-03,1,0.1,Card
O07321,C0890,P020,2024-12-20,1,0.25,Card
O07322,C0910,P020,2025-09-23,1,0.1,Card
O07323,C0957,P040,2025-08-13,2,0.15,EFT
O07324,C0775,P004,2026-01-30,2,0.05,EFT
O07325,C0908,P076,2024-04-25,3,0.0,Card
O07326,C0238,P070,2024-10-18,2,0.2,EFT
O07327,C0188,P038,2024-11-13,3,0.05,EFT
O07328,C0006,P004,2026-02-23,1,0.25,EFT
O07329,C0701,P040,2024-10-13,1,0.05,Card
O07330,C0938,P078,2025-10-27,1,0.05,Card
O07331,C0177,P001,2024-11-14,2,0.05,Card
O07332,C0617,P067,2026-05-13,1,0.0,EFT
O07333,C0741,P046,2026-06-29,4,0.0,Card
O07334,C0927,P075,2025-09-12,1,0.1,Card
O07335,C0623,P074,2025-04-14,2,0.0,Card
O07336,C0968,P019,2024-12-07,1,0.2,Card
O07337,C0345,P058,2024-03-26,2,0.0,Card
O07338,C0347,P039,2025-01-15,2,0.15,PayFast
O07339,C0531,P078,2025-12-26,2,0.05,Card
O07340,C0387,P035,2025-09-25,2,0.0,EFT
O07341,C0002,P031,2026-06-30,1,0.0,PayFast
O07342,C0724,P056,2025-05-27,1,0.0,Card
O07343,C0752,P039,2026-01-23,2,0.1,Card
O07344,C0741,P007,2025-08-19,5,0.15,Card
O07345,C0345,P065,2025-09-07,3,0.05,Cash on Delivery
O07346,C0513,P067,2025-01-14,2,0.2,PayFast
O07347,C0361,P022,2025-07-20,1,0.0,PayFast
O07348,C0016,P033,2025-08-03,3,0.1,EFT
O07349,C0551,P047,2026-02-01,1,0.2,EFT
O07350,C0113,P042,2026-06-28,1,0.0,EFT
O07351,C0077,P035,2025-03-22,1,0.05,EFT
O07352,C0755,P031,2024-03-14,3,0.05,EFT
O07353,C0009,P016,2025-08-25,1,0.1,Card
O07354,C0957,P054,2025-10-03,2,0.15,EFT
O07355,C0506,P027,2024-09-16,2,0.05,PayFast
O07356,C0986,P032,2026-03-10,2,0.1,PayFast
O07357,C0055,P012,2026-07-23,3,0.15,Card
O07358,C0568,P004,2026-07-01,1,0.0,EFT
O07359,C0346,P047,2024-10-23,1,0.0,Card
O07360,C0844,P075,2026-05-21,1,0.0,Card
O07361,C0361,P025,2026-01-31,1,0.15,EFT
O07362,C0258,P028,2025-07-19,2,0.0,Card
O07363,C0860,P071,2025-09-30,1,0.0,Card
O07364,C0380,P032,2026-05-05,1,0.05,Card
O07365,C0017,P024,2025-08-11,1,0.0,EFT
O07366,C0394,P078,2025-05-05,1,0.15,Card
O07367,C0631,P059,2025-08-22,2,0.0,PayFast
O07368,C0254,P002,2025-10-31,1,0.0,Card
O07369,C0435,P075,2024-10-12,2,0.1,Card
O07370,C0054,P060,2026-06-05,1,0.0,PayFast
O07371,C0574,P028,2026-01-10,3,0.0,Card
O07372,C0756,P040,2025-12-11,2,0.0,Card
O07373,C0412,P066,2024-06-12,4,0.05,Card
O07374,C0422,P010,2025-11-19,1,0.1,Card
O07375,C0087,P015,2024-07-13,1,0.25,Card
O07376,C0192,P071,2024-05-11,2,0.0,Card
O07377,C0145,P024,2025-09-20,4,0.15,Card
O07378,C0480,P031,2025-06-02,2,0.1,EFT
O07379,C0518,P070,2025-11-07,4,0.0,EFT
O07380,C0947,P073,2024-05-27,2,0.0,Card
O07381,C0071,P015,2025-06-28,1,0.1,Card
O07382,C0587,P077,2024-09-24,3,0.0,Card
O07383,C0517,P010,2026-07-24,2,0.0,Cash on Delivery
O07384,C0506,P045,2025-10-17,1,0.05,Card
O07385,C0875,P019,2026-01-19,2,0.0,Card
O07386,C0198,P029,2025-03-18,1,0.05,EFT
O07387,C0040,P038,2024-06-05,1,0.2,Cash on Delivery
O07388,C0656,P022,2026-07-18,3,0.05,Card
O07389,C0345,P011,2025-02-04,1,0.05,Card
O07390,C0018,P056,2025-06-22,5,0.05,PayFast
O07391,C0252,P069,2025-12-23,1,0.0,EFT
O07392,C0311,P023,2024-02-13,1,0.0,EFT
O07393,C0603,P033,2026-04-11,3,0.05,Card
O07394,C0160,P003,2025-09-27,1,0.0,EFT
O07395,C0412,P011,2025-01-26,2,0.15,PayFast
O07396,C0480,P027,2024-04-15,2,0.0,PayFast
O07397,C0461,P002,2024-09-08,1,0.0,EFT
O07398,C0976,P036,2026-06-02,3,0.0,Card
O07399,C0041,P058,2026-01-18,1,0.0,EFT
O07400,C0948,P065,2024-12-25,1,0.05,Card
O07401,C0567,P063,2024-04-21,1,0.0,EFT
O07402,C0801,P033,2026-01-21,1,0.1,Card
O07403,C0435,P001,2025-10-26,2,0.1,PayFast
O07404,C0459,P058,2025-06-04,1,0.1,PayFast
O07405,C0885,P044,2025-04-25,4,0.0,Card
O07406,C0901,P001,2024-11-16,1,0.2,Card
O07407,C0242,P059,2026-01-06,2,0.25,Card
O07408,C0190,P018,2026-07-15,2,0.05,Card
O07409,C0494,P071,2024-09-25,4,0.0,Card
O07410,C0903,P012,2025-11-14,3,0.0,Card
O07411,C0327,P004,2025-06-22,1,0.0,Card
O07412,C0628,P004,2025-07-12,1,0.1,Card
O07413,C0701,P004,2024-12-30,1,0.0,Card
O07414,C0779,P009,2026-04-20,2,0.1,PayFast
O07415,C0551,P061,2025-08-15,3,0.1,EFT
O07416,C0402,P051,2025-10-03,1,0.05,PayFast
O07417,C0965,P057,2025-02-24,2,0.2,EFT
O07418,C0597,P025,2024-10-03,2,0.0,PayFast
O07419,C0719,P033,2024-05-22,3,0.05,EFT
O07420,C0345,P004,2026-02-06,1,0.0,EFT
O07421,C0652,P032,2024-10-21,2,0.1,Card
O07422,C0256,P008,2026-01-21,4,0.0,Cash on Delivery
O07423,C0249,P036,2025-05-21,3,0.0,Card
O07424,C0709,P052,2025-06-14,2,0.05,Card
O07425,C0512,P044,2025-08-01,1,0.05,Cash on Delivery
O07426,C0670,P013,2025-04-29,2,0.05,Cash on Delivery
O07427,C0267,P058,2024-06-13,1,0.0,PayFast
O07428,C0587,P062,2025-03-01,3,0.05,Cash on Delivery
O07429,C0450,P017,2026-01-02,3,0.1,EFT
O07430,C0585,P033,2026-01-04,2,0.05,Card
O07431,C0291,P058,2025-02-04,2,0.0,EFT
O07432,C0710,P018,2025-07-24,1,0.0,Card
O07433,C0806,P046,2024-10-18,2,0.1,Card
O07434,C0258,P035,2024-11-08,2,0.05,Cash on Delivery
O07435,C0298,P047,2024-02-10,2,0.05,PayFast
O07436,C0639,P022,2026-06-03,2,0.15,Card
O07437,C0688,P044,2024-11-08,2,0.15,EFT
O07438,C0698,P021,2024-11-29,2,0.0,PayFast
O07439,C0670,P032,2025-01-28,2,0.05,Card
O07440,C0395,P078,2024-07-22,3,0.0,Card
O07441,C0397,P069,2025-12-15,1,0.0,EFT
O07442,C0254,P075,2024-05-06,2,0.0,Cash on Delivery
O07443,C0145,P045,2024-08-01,1,0.0,Card
O07444,C0683,P071,2025-12-19,1,0.05,Card
O07445,C0091,P020,2025-04-01,2,0.0,PayFast
O07446,C0938,P029,2026-02-02,3,0.15,PayFast
O07447,C0828,P050,2025-10-14,2,0.0,Card
O07448,C0860,P055,2025-01-01,1,0.0,Card
O07449,C0909,P034,2025-12-24,2,0.0,Card
O07450,C0410,P026,2024-07-06,1,0.1,Card
O07451,C0847,P054,2025-09-27,1,0.0,PayFast
O07452,C0148,P072,2025-07-04,1,0.15,Card
O07453,C0021,P059,2025-01-14,1,0.0,Card
O07454,C0786,P016,2025-11-19,2,0.15,PayFast
O07455,C0073,P027,2026-05-18,1,0.0,Card
O07456,C0989,P010,2026-07-31,1,0.0,PayFast
O07457,C0660,P034,2025-11-22,1,0.05,EFT
O07458,C0755,P037,2025-06-04,1,0.15,EFT
O07459,C0249,P069,2024-11-26,2,0.0,EFT
O07460,C0659,P039,2025-01-02,1,0.05,PayFast
O07461,C0041,P010,2025-08-10,1,0.0,PayFast
O07462,C0839,P053,2025-04-29,1,0.05,EFT
O07463,C0157,P033,2026-06-13,2,0.0,EFT
O07464,C0692,P065,2025-04-30,5,0.0,Card
O07465,C0224,P027,2025-05-05,1,0.1,EFT
O07466,C0065,P068,2025-05-15,3,0.05,EFT
O07467,C0480,P016,2026-04-27,1,0.15,Card
O07468,C0157,P041,2025-12-24,3,0.0,PayFast
O07469,C0721,P010,2025-11-27,3,0.0,Card
O07470,C0241,P073,2025-03-27,1,0.1,Card
O07471,C0341,P044,2026-04-16,4,0.15,EFT
O07472,C0556,P034,2024-03-08,1,0.0,Card
O07473,C0283,P065,2026-05-18,1,0.0,PayFast
O07474,C0384,P031,2025-09-08,2,0.05,EFT
O07475,C0818,P050,2025-05-29,4,0.0,Cash on Delivery
O07476,C0168,P010,2025-08-25,4,0.1,Card
O07477,C0080,P054,2026-01-05,2,0.05,Card
O07478,C0331,P004,2024-01-23,1,0.15,EFT
O07479,C0428,P032,2026-05-19,2,0.2,EFT
O07480,C0531,P019,2025-07-13,3,0.1,EFT
O07481,C0376,P063,2025-04-05,2,0.1,Card
O07482,C0791,P044,2024-08-06,1,0.0,Cash on Delivery
O07483,C0040,P057,2025-07-06,1,0.05,Card
O07484,C0435,P022,2025-08-25,1,0.0,PayFast
O07485,C0387,P011,2025-06-03,1,0.0,Card
O07486,C0624,P007,2026-01-13,1,0.25,Card
O07487,C0965,P070,2025-06-19,1,0.25,PayFast
O07488,C0501,P030,2026-07-10,2,0.0,Card
O07489,C0988,P071,2025-11-15,1,0.0,Cash on Delivery
O07490,C0300,P071,2026-04-09,1,0.05,PayFast
O07491,C0030,P051,2024-06-26,3,0.1,PayFast
O07492,C0154,P058,2025-05-28,2,0.0,Card
O07493,C0397,P008,2025-03-29,2,0.0,Card
O07494,C0319,P035,2025-10-23,1,0.05,EFT
O07495,C0094,P029,2026-05-12,3,0.0,Cash on Delivery
O07496,C0435,P069,2024-05-11,4,0.0,PayFast
O07497,C0338,P075,2024-05-02,1,0.05,PayFast
O07498,C0113,P042,2026-05-06,2,0.1,EFT
O07499,C0295,P059,2024-11-11,5,0.1,EFT
O07500,C0893,P028,2026-01-06,3,0.15,Cash on Delivery
O07501,C0300,P078,2025-10-02,2,0.05,Card
O07502,C0708,P041,2026-04-25,2,0.05,EFT
O07503,C0598,P077,2024-07-19,2,0.15,Card
O07504,C0432,P057,2024-07-25,1,0.05,Cash on Delivery
O07505,C0242,P013,2025-10-13,1,0.05,EFT
O07506,C0372,P069,2026-07-02,1,0.0,Card
O07507,C0579,P030,2025-06-14,2,0.25,Card
O07508,C0347,P056,2025-03-19,2,0.15,EFT
O07509,C0214,P071,2025-11-21,2,0.1,PayFast
O07510,C0109,P055,2026-06-22,2,0.15,Card
O07511,C0886,P046,2026-04-27,1,0.05,PayFast
O07512,C0447,P003,2026-07-29,4,0.0,Card
O07513,C0612,P022,2024-02-10,1,0.0,Card
O07514,C0486,P050,2024-07-01,1,0.0,Card
O07515,C0875,P037,2025-11-23,4,0.05,PayFast
O07516,C0535,P017,2026-04-17,3,0.0,Card
O07517,C0480,P065,2025-02-03,1,0.1,EFT
O07518,C0924,P042,2024-12-13,1,0.0,Card
O07519,C0714,P036,2026-03-27,2,0.05,EFT
O07520,C0102,P076,2024-04-06,1,0.15,Cash on Delivery
O07521,C0165,P054,2025-05-01,4,0.2,Cash on Delivery
O07522,C0788,P042,2025-09-02,2,0.0,PayFast
O07523,C0839,P033,2025-10-16,2,0.1,Cash on Delivery
O07524,C0534,P020,2026-02-16,1,0.0,PayFast
O07525,C0542,P071,2025-04-17,3,0.05,Cash on Delivery
O07526,C0613,P007,2025-11-26,1,0.05,Card
O07527,C0446,P022,2025-11-05,3,0.15,EFT
O07528,C0667,P023,2025-10-06,2,0.05,Cash on Delivery
O07529,C0102,P055,2025-12-16,1,0.0,Cash on Delivery
O07530,C0958,P051,2025-01-05,2,0.1,EFT
O07531,C0748,P073,2024-05-20,2,0.0,PayFast
O07532,C0613,P067,2024-07-11,1,0.0,Card
O07533,C0319,P072,2024-11-25,1,0.0,EFT
O07534,C0151,P011,2025-08-28,4,0.0,Card
O07535,C0411,P041,2026-04-30,2,0.0,PayFast
O07536,C0639,P070,2026-01-29,1,0.1,Card
O07537,C0616,P078,2026-03-28,3,0.05,Card
O07538,C0387,P021,2025-04-13,2,0.05,Card
O07539,C0600,P056,2025-06-04,2,0.0,Card
O07540,C0816,P046,2025-05-25,1,0.05,Card
O07541,C0024,P034,2024-10-16,3,0.0,EFT
O07542,C0455,P064,2024-04-14,2,0.0,Card
O07543,C0759,P023,2025-11-09,2,0.2,PayFast
O07544,C0534,P025,2026-07-26,2,0.1,Card
O07545,C0628,P014,2024-09-14,2,0.1,EFT
O07546,C0508,P050,2024-03-21,1,0.0,PayFast
O07547,C0995,P030,2026-03-22,1,0.15,Card
O07548,C0053,P012,2024-12-28,2,0.0,Card
O07549,C0486,P056,2026-04-23,1,0.0,Card
O07550,C0090,P078,2026-01-30,4,0.0,EFT
O07551,C0148,P071,2026-07-01,2,0.1,EFT
O07552,C0387,P009,2025-06-08,1,0.0,Card
O07553,C0145,P053,2026-01-01,2,0.05,EFT
O07554,C0960,P031,2025-07-29,3,0.0,PayFast
O07555,C0946,P049,2025-12-09,1,0.0,Card
O07556,C0337,P008,2025-07-15,1,0.15,EFT
O07557,C0617,P043,2024-10-12,3,0.1,Card
O07558,C0520,P015,2025-09-03,1,0.0,Card
O07559,C0818,P027,2025-09-21,2,0.05,Card
O07560,C0612,P007,2026-04-11,2,0.1,Card
O07561,C0001,P032,2026-02-21,1,0.2,Card
O07562,C0764,P047,2026-01-02,2,0.25,Card
O07563,C0741,P067,2024-07-02,1,0.1,Card
O07564,C0500,P003,2026-02-11,1,0.0,Card
O07565,C0905,P055,2025-08-28,1,0.05,Cash on Delivery
O07566,C0910,P041,2026-06-01,2,0.0,PayFast
O07567,C0514,P040,2026-06-16,3,0.05,Card
O07568,C0594,P054,2024-04-04,4,0.05,Card
O07569,C0998,P033,2026-04-17,2,0.05,PayFast
O07570,C0297,P075,2024-03-06,2,0.0,EFT
O07571,C0328,P007,2025-04-29,1,0.0,EFT
O07572,C0172,P022,2025-10-02,1,0.1,Card
O07573,C0901,P047,2024-08-20,2,0.0,EFT
O07574,C0736,P015,2026-02-28,1,0.05,EFT
O07575,C0101,P068,2024-01-16,5,0.05,PayFast
O07576,C0984,P076,2024-09-16,2,0.15,EFT
O07577,C0722,P039,2025-11-01,3,0.05,Card
O07578,C0851,P043,2026-02-07,2,0.0,Cash on Delivery
O07579,C0045,P075,2026-06-14,1,0.15,Card
O07580,C0497,P038,2026-02-01,5,0.05,Cash on Delivery
O07581,C0695,P019,2026-01-08,1,0.05,Card
O07582,C0531,P010,2025-05-25,4,0.0,PayFast
O07583,C0645,P068,2024-01-03,1,0.05,Card
O07584,C0822,P064,2024-07-12,3,0.1,EFT
O07585,C0380,P061,2025-09-25,3,0.05,Card
O07586,C0848,P006,2026-01-10,1,0.1,Card
O07587,C0152,P006,2025-06-16,2,0.1,Cash on Delivery
O07588,C0269,P055,2026-02-18,2,0.1,PayFast
O07589,C0041,P006,2025-09-15,2,0.2,EFT
O07590,C0366,P008,2024-05-04,3,0.0,Card
O07591,C0386,P062,2024-10-16,4,0.0,EFT
O07592,C0806,P031,2026-04-29,1,0.15,Card
O07593,C0630,P032,2026-02-14,1,0.0,EFT
O07594,C0443,P002,2026-06-02,2,0.05,Card
O07595,C0628,P012,2024-07-08,1,0.0,EFT
O07596,C0052,P023,2026-07-26,2,0.0,Card
O07597,C0169,P065,2024-11-07,2,0.1,Card
O07598,C0612,P017,2024-01-22,3,0.1,EFT
O07599,C0621,P065,2026-07-30,1,0.0,Card
O07600,C0777,P007,2025-01-29,1,0.15,EFT
O07601,C0402,P066,2026-01-05,1,0.05,EFT
O07602,C0716,P042,2024-09-27,1,0.05,Card
O07603,C0671,P054,2025-11-01,1,0.25,PayFast
O07604,C0960,P006,2026-06-07,2,0.05,Cash on Delivery
O07605,C0214,P050,2025-03-12,1,0.1,Card
O07606,C0540,P048,2026-01-07,1,0.1,Card
O07607,C0588,P010,2024-10-11,1,0.05,Card
O07608,C1000,P025,2025-12-05,1,0.0,Card
O07609,C0191,P010,2025-03-29,2,0.05,EFT
O07610,C0513,P009,2024-11-09,2,0.0,Card
O07611,C0345,P055,2025-03-05,4,0.05,Cash on Delivery
O07612,C0517,P040,2024-09-29,2,0.1,PayFast
O07613,C0234,P075,2026-06-06,2,0.0,EFT
O07614,C0044,P065,2025-05-28,2,0.25,Cash on Delivery
O07615,C0560,P011,2024-12-20,2,0.2,Card
O07616,C0337,P021,2025-07-14,2,0.0,Cash on Delivery
O07617,C0171,P050,2025-03-13,2,0.15,Card
O07618,C0328,P045,2026-02-27,3,0.1,Card
O07619,C0047,P018,2026-07-16,1,0.2,Card
O07620,C0948,P037,2025-07-05,1,0.2,Cash on Delivery
O07621,C0567,P015,2026-05-12,2,0.0,Card
O07622,C0817,P078,2025-10-21,1,0.15,PayFast
O07623,C0428,P032,2024-09-01,2,0.1,Card
O07624,C0906,P068,2026-01-21,1,0.0,PayFast
O07625,C0483,P001,2025-09-08,1,0.0,Card
O07626,C0562,P053,2025-12-24,1,0.05,Card
O07627,C0488,P046,2026-05-29,2,0.05,EFT
O07628,C0725,P038,2025-07-07,1,0.1,Card
O07629,C0555,P009,2026-06-05,1,0.0,Card
O07630,C0270,P005,2026-03-03,1,0.1,EFT
O07631,C0136,P003,2025-08-18,1,0.0,Cash on Delivery
O07632,C0593,P023,2025-11-18,2,0.0,EFT
O07633,C0485,P049,2025-03-18,1,0.1,Card
O07634,C0093,P030,2026-07-22,3,0.15,Card
O07635,C0398,P072,2026-01-05,2,0.1,Card
O07636,C0504,P032,2024-03-17,3,0.05,EFT
O07637,C0829,P055,2025-03-19,3,0.1,Cash on Delivery
O07638,C0074,P043,2025-12-04,2,0.25,PayFast
O07639,C0346,P009,2024-04-06,2,0.0,EFT
O07640,C0825,P009,2024-02-12,2,0.0,PayFast
O07641,C0624,P065,2025-07-15,3,0.05,Cash on Delivery
O07642,C0290,P004,2025-03-25,3,0.0,Card
O07643,C0847,P050,2025-07-05,1,0.05,Cash on Delivery
O07644,C0491,P039,2025-01-09,2,0.05,EFT
O07645,C0494,P021,2024-09-11,1,0.15,EFT
O07646,C0979,P036,2026-01-20,1,0.0,PayFast
O07647,C0946,P063,2025-09-09,2,0.1,EFT
O07648,C0356,P077,2024-10-26,1,0.25,PayFast
O07649,C0133,P063,2025-03-12,1,0.0,EFT
O07650,C0329,P014,2025-11-10,2,0.0,Card
O07651,C0030,P044,2024-05-01,1,0.1,PayFast
O07652,C0020,P043,2024-08-19,1,0.15,EFT
O07653,C0398,P044,2024-05-03,1,0.15,Cash on Delivery
O07654,C0942,P032,2026-04-12,1,0.05,EFT
O07655,C0873,P008,2026-03-04,2,0.0,Cash on Delivery
O07656,C0504,P051,2026-03-05,1,0.0,PayFast
O07657,C0553,P038,2026-02-08,3,0.1,EFT
O07658,C0005,P021,2026-01-06,3,0.05,EFT
O07659,C0214,P065,2025-08-08,2,0.0,Card
O07660,C0023,P010,2025-12-18,1,0.0,EFT
O07661,C0755,P064,2024-03-08,1,0.05,Card
O07662,C0137,P011,2025-12-02,1,0.05,Card
O07663,C0871,P045,2026-03-21,1,0.2,Card
O07664,C0621,P018,2025-08-28,2,0.15,Card
O07665,C0232,P073,2025-04-19,2,0.1,Cash on Delivery
O07666,C0148,P073,2025-01-25,2,0.0,PayFast
O07667,C0612,P017,2025-12-18,2,0.05,Card
O07668,C0904,P038,2026-01-23,1,0.15,PayFast
O07669,C0713,P041,2026-05-18,2,0.15,PayFast
O07670,C0346,P051,2025-04-04,1,0.15,PayFast
O07671,C0572,P069,2026-03-16,3,0.0,Card
O07672,C0315,P005,2025-10-17,2,0.05,Card
O07673,C1000,P048,2026-05-25,2,0.1,Cash on Delivery
O07674,C0745,P066,2025-09-20,1,0.2,EFT
O07675,C0601,P047,2025-09-12,4,0.1,Cash on Delivery
O07676,C0428,P050,2025-10-30,3,0.2,EFT
O07677,C0603,P037,2026-03-02,1,0.1,Card
O07678,C0341,P050,2026-07-12,1,0.1,EFT
O07679,C0027,P053,2024-05-03,1,0.05,EFT
O07680,C0397,P057,2024-04-01,1,0.1,Card
O07681,C0930,P029,2026-06-26,4,0.1,EFT
O07682,C0612,P071,2025-09-22,1,0.0,Card
O07683,C0085,P074,2025-11-27,2,0.05,EFT
O07684,C0892,P029,2025-08-13,1,0.2,Card
O07685,C0265,P057,2024-06-03,1,0.1,EFT
O07686,C0249,P049,2026-03-15,1,0.05,EFT
O07687,C0296,P013,2026-03-01,2,0.1,Card
O07688,C0564,P042,2025-03-03,2,0.0,PayFast
O07689,C0533,P025,2025-02-25,2,0.05,Card
O07690,C0486,P034,2026-04-28,1,0.05,EFT
O07691,C0711,P010,2024-05-02,1,0.1,Card
O07692,C0319,P044,2026-05-24,1,0.05,EFT
O07693,C0783,P069,2025-01-02,2,0.25,Cash on Delivery
O07694,C0161,P007,2025-11-11,3,0.05,EFT
O07695,C0784,P069,2026-06-26,1,0.15,Card
O07696,C0641,P013,2026-01-12,1,0.05,Card
O07697,C0670,P054,2025-06-13,1,0.0,EFT
O07698,C0480,P066,2026-01-20,3,0.1,EFT
O07699,C0646,P067,2025-04-06,1,0.0,Card
O07700,C0077,P038,2025-01-25,1,0.15,EFT
O07701,C0851,P060,2026-07-30,3,0.0,Card
O07702,C0053,P075,2026-03-03,2,0.25,PayFast
O07703,C0138,P058,2025-12-19,1,0.05,Card
O07704,C0564,P051,2025-04-17,1,0.1,Card
O07705,C0734,P040,2024-03-25,2,0.0,PayFast
O07706,C0074,P074,2024-02-24,1,0.05,PayFast
O07707,C0919,P071,2025-10-11,2,0.0,Card
O07708,C0975,P068,2026-03-11,1,0.05,EFT
O07709,C0593,P068,2025-09-28,1,0.0,PayFast
O07710,C0480,P045,2026-04-30,1,0.2,EFT
O07711,C0736,P033,2024-02-28,2,0.1,Card
O07712,C0331,P009,2025-04-28,1,0.25,EFT
O07713,C0491,P006,2024-12-10,1,0.05,Card
O07714,C0913,P002,2025-07-13,2,0.0,EFT
O07715,C0952,P009,2024-05-02,3,0.0,Card
O07716,C0927,P076,2026-07-06,1,0.1,Cash on Delivery
O07717,C0258,P018,2024-11-24,1,0.05,Card
O07718,C0236,P054,2026-06-18,5,0.05,Card
O07719,C0296,P050,2025-06-24,3,0.15,EFT
O07720,C0448,P041,2026-07-24,3,0.15,PayFast
O07721,C0318,P040,2025-10-11,1,0.0,EFT
O07722,C0380,P061,2026-06-23,2,0.05,Card
O07723,C0607,P025,2024-01-10,1,0.0,Card
O07724,C0764,P031,2026-03-02,1,0.1,EFT
O07725,C0727,P058,2026-06-06,2,0.0,Cash on Delivery
O07726,C0817,P032,2024-08-08,2,0.15,EFT
O07727,C0031,P045,2024-06-07,4,0.05,EFT
O07728,C0044,P016,2025-06-22,1,0.15,Card
O07729,C0791,P061,2026-06-24,2,0.0,Card
O07730,C0520,P058,2025-10-02,1,0.05,Card
O07731,C0564,P018,2025-09-20,5,0.1,PayFast
O07732,C0051,P072,2024-08-10,2,0.0,Card
O07733,C0254,P030,2024-01-02,1,0.0,PayFast
O07734,C0617,P057,2026-04-11,1,0.05,Card
O07735,C0862,P065,2024-05-25,2,0.2,Card
O07736,C0914,P002,2025-12-11,1,0.0,Card
O07737,C0496,P068,2026-06-13,2,0.05,EFT
O07738,C0534,P035,2024-11-06,3,0.05,PayFast
O07739,C0835,P049,2026-01-03,1,0.1,EFT
O07740,C0528,P025,2024-05-11,4,0.0,PayFast
O07741,C0508,P062,2025-11-19,4,0.1,Card
O07742,C0908,P040,2024-09-10,1,0.05,Cash on Delivery
O07743,C0791,P046,2026-02-21,1,0.0,PayFast
O07744,C0910,P067,2025-02-20,2,0.25,Card
O07745,C0219,P054,2025-07-27,2,0.2,EFT
O07746,C0514,P007,2025-11-16,2,0.15,Card
O07747,C0844,P014,2024-09-20,3,0.0,Card
O07748,C0102,P056,2026-02-25,2,0.0,Card
O07749,C0799,P045,2025-02-22,1,0.05,Card
O07750,C0172,P054,2026-01-01,2,0.0,Card
O07751,C0808,P053,2024-09-02,3,0.15,EFT
O07752,C0598,P078,2026-01-19,2,0.05,Card
O07753,C0184,P009,2024-07-23,3,0.0,Card
O07754,C0473,P008,2025-06-23,1,0.05,EFT
O07755,C0670,P055,2024-12-22,1,0.2,Card
O07756,C0616,P045,2026-03-02,1,0.1,PayFast
O07757,C0432,P070,2025-01-08,2,0.0,EFT
O07758,C0903,P047,2026-05-25,1,0.1,EFT
O07759,C0509,P044,2026-05-31,1,0.15,PayFast
O07760,C0497,P061,2024-10-22,3,0.2,EFT
O07761,C0061,P052,2025-11-26,1,0.05,PayFast
O07762,C0921,P026,2024-05-25,3,0.25,PayFast
O07763,C0164,P019,2025-05-23,2,0.05,EFT
O07764,C0517,P050,2026-02-06,3,0.1,EFT
O07765,C0805,P049,2025-12-30,2,0.05,Cash on Delivery
O07766,C0214,P062,2025-12-05,1,0.15,PayFast
O07767,C0517,P028,2025-01-31,2,0.0,EFT
O07768,C0245,P045,2025-05-09,2,0.0,EFT
O07769,C0762,P057,2024-06-17,3,0.1,Card
O07770,C0551,P013,2026-02-10,2,0.15,PayFast
O07771,C0859,P020,2025-08-31,1,0.05,Card
O07772,C0900,P023,2026-02-03,4,0.1,Card
O07773,C0624,P001,2024-12-24,3,0.1,PayFast
O07774,C0718,P024,2025-03-17,1,0.1,Card
O07775,C0538,P013,2025-03-27,4,0.05,Card
O07776,C0389,P036,2024-02-15,1,0.05,Card
O07777,C0624,P069,2025-04-03,3,0.15,PayFast
O07778,C0910,P011,2026-04-06,1,0.0,PayFast
O07779,C0417,P045,2026-06-03,1,0.0,PayFast
O07780,C0318,P021,2025-09-12,2,0.05,Card
O07781,C0393,P039,2025-07-20,3,0.0,PayFast
O07782,C0439,P075,2024-02-24,3,0.05,Card
O07783,C0071,P057,2026-05-23,1,0.15,EFT
O07784,C0494,P056,2024-01-24,2,0.0,Card
O07785,C0491,P047,2026-07-01,1,0.05,PayFast
O07786,C0575,P053,2025-08-19,4,0.0,Card
O07787,C0365,P027,2025-04-04,1,0.05,EFT
O07788,C0599,P068,2026-06-19,3,0.2,Card
O07789,C0885,P003,2024-02-13,2,0.15,EFT
O07790,C0952,P023,2025-11-02,2,0.1,EFT
O07791,C0568,P051,2025-10-07,2,0.15,Card
O07792,C0041,P027,2024-11-19,1,0.0,Card
O07793,C0968,P071,2025-06-26,1,0.0,EFT
O07794,C0700,P051,2025-12-25,4,0.0,Cash on Delivery
O07795,C0337,P031,2026-02-15,4,0.1,Card
O07796,C0138,P078,2024-01-02,1,0.15,Card
O07797,C0133,P064,2026-06-26,1,0.0,Card
O07798,C0155,P031,2024-09-11,1,0.1,Card
O07799,C0041,P005,2024-12-06,1,0.0,Cash on Delivery
O07800,C0905,P013,2025-01-10,1,0.0,Card
O07801,C0530,P023,2024-03-07,5,0.25,EFT
O07802,C0696,P047,2024-07-16,3,0.0,Card
O07803,C0832,P001,2026-07-24,2,0.0,EFT
O07804,C0794,P049,2025-03-07,1,0.15,Card
O07805,C0888,P014,2024-07-05,2,0.05,EFT
O07806,C0966,P011,2024-06-23,1,0.1,Cash on Delivery
O07807,C0446,P006,2026-02-10,2,0.1,Card
O07808,C0948,P050,2026-05-08,3,0.0,EFT
O07809,C0716,P014,2025-01-02,1,0.1,Card
O07810,C0067,P066,2024-02-07,3,0.1,PayFast
O07811,C0669,P049,2024-11-23,3,0.0,Card
O07812,C0672,P010,2024-04-06,4,0.05,EFT
O07813,C0908,P070,2024-06-18,2,0.0,EFT
O07814,C0377,P029,2025-06-29,3,0.0,Card
O07815,C0568,P045,2024-12-02,1,0.0,EFT
O07816,C0012,P020,2025-09-10,3,0.1,EFT
O07817,C0334,P045,2024-12-29,1,0.0,PayFast
O07818,C0061,P059,2026-06-28,1,0.0,PayFast
O07819,C0512,P060,2026-06-08,3,0.1,Card
O07820,C0822,P022,2025-10-21,1,0.1,PayFast
O07821,C0199,P004,2025-04-16,3,0.05,Card
O07822,C0517,P070,2025-05-13,1,0.2,EFT
O07823,C0196,P016,2025-06-11,2,0.0,EFT
O07824,C0113,P041,2026-02-16,1,0.1,Card
O07825,C0503,P073,2025-07-17,4,0.15,EFT
O07826,C0076,P038,2026-05-10,3,0.05,Card
O07827,C0572,P024,2026-06-30,2,0.1,EFT
O07828,C0030,P046,2025-03-29,3,0.0,EFT
O07829,C0101,P046,2025-10-16,1,0.15,PayFast
O07830,C0538,P071,2024-06-05,1,0.25,Card
O07831,C0577,P078,2024-10-27,1,0.0,Card
O07832,C0027,P042,2025-06-12,3,0.05,Card
O07833,C0562,P018,2024-11-03,1,0.2,Card
O07834,C0841,P077,2026-05-22,1,0.0,PayFast
O07835,C0716,P022,2024-09-02,1,0.1,Card
O07836,C0124,P033,2025-07-20,2,0.15,Cash on Delivery
O07837,C0581,P031,2025-11-20,2,0.05,Card
O07838,C0656,P007,2026-01-22,3,0.2,PayFast
O07839,C0038,P030,2025-05-14,2,0.05,Card
O07840,C0856,P077,2026-05-17,2,0.0,PayFast
O07841,C0909,P072,2025-10-22,3,0.1,Card
O07842,C0851,P029,2025-07-06,5,0.05,EFT
O07843,C0825,P013,2024-04-23,1,0.05,Card
O07844,C0737,P017,2025-07-28,2,0.0,Card
O07845,C0615,P003,2026-04-17,1,0.0,PayFast
O07846,C0665,P066,2025-11-27,3,0.1,Card
O07847,C0807,P004,2026-04-25,3,0.0,Card
O07848,C0640,P028,2025-08-23,2,0.0,Card
O07849,C0331,P007,2024-07-09,2,0.0,EFT
O07850,C0383,P030,2024-01-25,2,0.1,EFT
O07851,C0902,P063,2025-02-22,4,0.15,Card
O07852,C0017,P026,2026-01-26,2,0.05,EFT
O07853,C0695,P065,2026-03-29,2,0.2,EFT
O07854,C0952,P043,2025-02-14,2,0.05,Card
O07855,C0701,P038,2025-08-24,3,0.05,Card
O07856,C0998,P001,2025-06-19,1,0.0,Card
O07857,C0673,P008,2025-06-09,3,0.15,Cash on Delivery
O07858,C0035,P034,2024-12-03,1,0.0,Card
O07859,C0829,P001,2024-08-04,1,0.05,Card
O07860,C0283,P020,2024-10-22,1,0.15,Cash on Delivery
O07861,C0453,P075,2024-04-04,2,0.0,Card
O07862,C0317,P032,2024-10-24,3,0.0,Card
O07863,C0265,P051,2024-01-17,2,0.1,EFT
O07864,C0435,P057,2025-12-06,1,0.1,Card
O07865,C0384,P072,2025-03-08,1,0.05,Card
O07866,C0615,P013,2026-07-17,1,0.05,EFT
O07867,C0816,P059,2024-10-18,1,0.0,EFT
O07868,C0296,P009,2025-04-08,1,0.0,Card
O07869,C0212,P035,2025-04-20,1,0.15,PayFast
O07870,C0646,P030,2024-01-16,3,0.0,Card
O07871,C0652,P046,2026-04-29,1,0.05,Cash on Delivery
O07872,C0904,P051,2024-02-26,1,0.1,PayFast
O07873,C0016,P025,2026-06-28,1,0.15,PayFast
O07874,C0852,P031,2026-05-31,1,0.15,Card
O07875,C0512,P033,2025-09-26,2,0.1,PayFast
O07876,C0609,P039,2025-10-03,2,0.0,Cash on Delivery
O07877,C0090,P026,2025-12-26,2,0.1,PayFast
O07878,C0435,P005,2025-05-18,1,0.05,EFT
O07879,C0229,P074,2025-12-21,5,0.05,Card
O07880,C0252,P040,2024-03-18,1,0.1,PayFast
O07881,C0497,P044,2024-04-02,2,0.2,Card
O07882,C0815,P050,2025-07-22,1,0.2,EFT
O07883,C0736,P033,2025-10-08,1,0.05,PayFast
O07884,C0577,P052,2026-05-28,2,0.15,EFT
O07885,C0529,P007,2024-06-19,2,0.1,Card
O07886,C0432,P015,2026-04-19,2,0.05,PayFast
O07887,C0973,P055,2024-11-08,2,0.0,Card
O07888,C0547,P061,2025-05-25,3,0.2,PayFast
O07889,C0252,P065,2025-03-08,2,0.05,EFT
O07890,C0233,P009,2025-05-31,2,0.05,PayFast
O07891,C0597,P076,2024-08-23,1,0.0,EFT
O07892,C0513,P030,2025-08-31,1,0.0,Card
O07893,C0007,P005,2026-04-05,1,0.15,Card
O07894,C0834,P072,2025-07-08,4,0.05,PayFast
O07895,C0698,P015,2025-08-20,4,0.05,PayFast
O07896,C0640,P021,2026-05-05,2,0.0,PayFast
O07897,C0065,P076,2026-02-01,3,0.0,EFT
O07898,C0363,P072,2025-08-20,2,0.15,EFT
O07899,C0935,P022,2025-01-03,1,0.2,EFT
O07900,C0864,P052,2026-05-27,1,0.05,Card
O07901,C0284,P045,2025-10-29,2,0.05,Card
O07902,C0145,P048,2024-11-21,1,0.1,Card
O07903,C0455,P036,2025-01-16,1,0.15,Card
O07904,C0353,P068,2026-04-06,1,0.05,PayFast
O07905,C0670,P003,2024-03-17,2,0.0,Cash on Delivery
O07906,C0965,P033,2026-07-27,1,0.1,PayFast
O07907,C0365,P035,2024-07-26,2,0.0,Card
O07908,C0061,P035,2026-04-02,1,0.05,Card
O07909,C0902,P020,2025-05-26,1,0.15,Card
O07910,C0038,P055,2025-08-21,1,0.1,Card
O07911,C0948,P078,2026-05-24,2,0.05,EFT
O07912,C0641,P021,2025-06-12,1,0.05,EFT
O07913,C0943,P043,2025-09-28,2,0.0,EFT
O07914,C0190,P027,2024-03-26,2,0.0,EFT
O07915,C0040,P063,2024-01-05,2,0.1,Card
O07916,C0484,P048,2024-12-19,1,0.15,PayFast
O07917,C0455,P062,2026-01-14,2,0.15,Card
O07918,C0333,P042,2024-07-13,5,0.05,PayFast
O07919,C0955,P066,2024-07-03,4,0.05,EFT
O07920,C0824,P032,2025-06-10,4,0.05,Card
O07921,C0639,P008,2025-12-22,3,0.0,PayFast
O07922,C0152,P019,2026-02-05,1,0.1,Card
O07923,C0726,P056,2024-09-29,2,0.05,Card
O07924,C0719,P042,2024-05-13,1,0.05,Cash on Delivery
O07925,C0428,P014,2026-06-28,2,0.2,Cash on Delivery
O07926,C0924,P033,2025-01-06,1,0.2,Card
O07927,C0155,P008,2026-05-08,1,0.0,PayFast
O07928,C0265,P053,2026-05-14,2,0.15,EFT
O07929,C0062,P019,2026-03-18,2,0.25,Card
O07930,C0801,P020,2024-09-16,3,0.05,Cash on Delivery
O07931,C0609,P060,2026-04-18,1,0.05,Cash on Delivery
O07932,C0318,P042,2026-03-15,1,0.15,Cash on Delivery
O07933,C0154,P023,2025-11-13,5,0.05,EFT
O07934,C0040,P078,2025-03-30,4,0.1,Card
O07935,C0154,P071,2025-01-08,2,0.05,Cash on Delivery
O07936,C0459,P060,2024-07-14,1,0.2,Card
O07937,C0250,P057,2025-09-05,1,0.1,Card
O07938,C0258,P010,2025-11-05,1,0.25,Card
O07939,C0880,P009,2025-04-21,1,0.0,Card
O07940,C0505,P062,2025-08-07,1,0.05,PayFast
O07941,C0720,P050,2025-04-25,3,0.25,EFT
O07942,C0037,P006,2025-12-17,2,0.05,Card
O07943,C0367,P014,2026-06-05,1,0.1,Card
O07944,C0479,P024,2024-09-10,1,0.0,Card
O07945,C0176,P061,2025-05-13,1,0.15,Card
O07946,C0112,P008,2024-08-10,3,0.1,Card
O07947,C0872,P056,2025-12-05,1,0.0,EFT
O07948,C0939,P042,2026-02-16,1,0.1,Card
O07949,C0075,P015,2026-06-23,2,0.05,EFT
O07950,C0346,P029,2025-01-27,1,0.1,PayFast
O07951,C0957,P065,2026-07-04,2,0.2,EFT
O07952,C0084,P002,2024-04-17,1,0.15,Card
O07953,C0621,P067,2025-11-18,1,0.0,Card
O07954,C0972,P015,2024-04-07,1,0.1,Card
O07955,C0981,P072,2026-06-01,3,0.2,EFT
O07956,C0468,P038,2025-09-22,1,0.15,Card
O07957,C0152,P015,2026-01-06,1,0.0,Card
O07958,C0192,P045,2026-04-24,2,0.25,Card
O07959,C0893,P021,2024-08-23,2,0.05,EFT
O07960,C0911,P069,2024-03-08,2,0.1,Card
O07961,C0594,P017,2026-05-23,3,0.0,EFT
O07962,C0767,P075,2025-03-07,3,0.25,EFT
O07963,C0735,P056,2024-07-24,2,0.2,Card
O07964,C0640,P051,2025-08-01,2,0.15,Card
O07965,C0829,P056,2025-11-15,1,0.05,Card
O07966,C0671,P045,2024-02-24,1,0.0,PayFast
O07967,C0521,P076,2025-01-22,3,0.05,PayFast
O07968,C0239,P010,2024-02-27,3,0.0,PayFast
O07969,C0736,P033,2025-06-19,2,0.0,PayFast
O07970,C0473,P023,2026-06-02,2,0.0,Cash on Delivery
O07971,C0292,P033,2026-07-22,3,0.0,EFT
O07972,C0804,P009,2025-12-14,2,0.05,EFT
O07973,C0691,P015,2024-09-07,1,0.0,Cash on Delivery
O07974,C0938,P051,2026-06-08,1,0.05,Card
O07975,C0154,P056,2025-09-10,3,0.0,PayFast
O07976,C0625,P017,2024-08-27,3,0.1,PayFast
O07977,C0249,P058,2026-06-17,1,0.1,Card
O07978,C0906,P001,2026-03-08,1,0.05,Card
O07979,C0094,P075,2026-02-18,2,0.0,EFT
O07980,C0634,P035,2026-02-03,1,0.15,EFT
O07981,C0793,P033,2024-10-27,1,0.1,PayFast
O07982,C0351,P071,2024-11-09,2,0.2,EFT
O07983,C0950,P016,2026-01-20,3,0.15,EFT
O07984,C0851,P063,2024-11-19,3,0.1,Card
O07985,C0292,P002,2025-07-05,2,0.0,EFT
O07986,C0007,P076,2026-03-24,2,0.0,PayFast
O07987,C0295,P066,2026-03-25,1,0.0,Card
O07988,C0282,P028,2025-07-18,1,0.15,Card
O07989,C0893,P005,2026-03-30,2,0.1,EFT
O07990,C0966,P007,2026-04-29,1,0.25,Cash on Delivery
O07991,C0065,P044,2025-12-27,4,0.05,PayFast
O07992,C0468,P056,2024-11-30,3,0.05,Card
O07993,C0538,P024,2025-01-21,4,0.1,PayFast
O07994,C0091,P013,2025-03-07,1,0.05,Card
O07995,C0384,P003,2024-07-07,3,0.25,Card
O07996,C0319,P038,2025-01-20,4,0.25,PayFast
O07997,C0525,P034,2024-11-07,1,0.0,Cash on Delivery
O07998,C0639,P045,2025-07-20,2,0.15,Card
O07999,C0698,P021,2026-06-10,1,0.15,Card
O08000,C0129,P066,2024-06-19,3,0.1,Card
